smiles_list,monomer_ID,replicate_count,heavy_atom_count,bulk_modulus,bulk_modulus_std,bulk_modulus_count,bulk_modulus_raw
*CC(*)OC(=O)c1ccc(OCC)cc1,PI343,2,14,-0.07271551572992929,12590677.028110402,2,2775916493.9971213
*CC(*)OC(=O)c1ccccc1OC,PI357,3,13,0.2866106892797104,516637726.06152475,3,3049998411.9247465
*CC(*)NC(=O)OC(C)(C)C,PI348,2,10,-1.288578799196198,97858530.64328746,2,1848496962.5959125
*c1ccc2c(c1)C(=O)N(c1ccc(Sc3ccc(Oc4ccc(Sc5ccc(N6C(=O)c7ccc(C(*)(C(F)(F)F)C(F)(F)F)cc7C6=O)cc5)cc4)cc3)cc1)C2=O,PI1115,1,58,0.12948371897680908,0.0,1,2930147255.0139365
*C(C)C(*)OC(C)(C)C,PI285,2,8,-0.5015861356101872,7262425.1453786725,2,2448788440.4324303
*CC(*)c1cccc(C)c1,PI113,1,9,0.04905102271321345,0.0,1,2868795905.324801
*C=CC1CCC(*)C1,PI75,1,7,-0.6801276051027149,0.0,1,2312603025.3252416
*C(F)(F)C(*)(F)OC(F)(F)C(F)(F)F,PI311,1,13,-1.7189480749233912,0.0,1,1520225784.8640585
*CC(*)c1ccc(CCC)cc1,PI233,2,11,-0.9054184148394981,381861354.75130886,2,2140758789.187583
*CC(*)OC(=O)CC(C)(C)c1ccccc1,PI363,1,15,0.9238003445940858,0.0,1,3536025204.230421
*/C=C\CCCCC*,PI74,1,7,-0.3681240392536265,0.0,1,2550588829.132348
*CC(*)(C)C(=O)OC(C)C,PI440,1,9,-0.4257444252280837,0.0,1,2506637940.832438
*C(=O)Oc1ccc(OC(=O)c2ccc3c(c2)C(=O)N(c2ccc(C(=O)Oc4ccc(N5C(=O)c6ccc(*)cc6C5=O)cc4)cc2)C3=O)cc1,PI1092,2,49,1.6660366901450396,566245832.1016393,2,4102178071.2019224
*C(=O)c1ccc2c(c1)C(=O)N(c1cc(C(c3ccc(O)c(N4C(=O)c5ccc(*)cc5C4=O)c3)(C(F)(F)F)C(F)(F)F)ccc1O)C2=O,PI1041,1,47,1.3654376676568263,0.0,1,3872891268.675153
*C(=O)c1ccc2c(c1)C(=O)N(c1ccc(C3(c4ccc(N5C(=O)c6ccc(*)cc6C5=O)cc4)c4ccccc4-c4ccccc43)cc1)C2=O,PI969,4,49,0.026734145217678727,437463994.7569965,4,2851773343.371748
*CC(*)OC(=O)c1ccccc1Cl,PI337,1,12,0.2342088313266548,0.0,1,3010028040.906693
*CC(*)C(C)c1ccccc1,PI28,2,10,-1.0784370556090677,196067875.01623946,2,2008786001.6808043
*/C=C\CCCC*,PI60,2,6,-0.6797522259904779,225679789.36508673,2,2312889351.8597317
*CC(*)c1ccc(CCCCCCCCCCCC)cc1,PI128,2,20,-0.7916000539594569,187814701.29827502,2,2227575598.567081
*CC(*)C(=O)OCCCCCCCC,PI421,1,13,-0.8962475682646622,0.0,1,2147754001.8472986
*CC(*)c1ccccc1C(=O)OC(C)C,PI101,2,14,-0.7551721230211266,516813.4038112914,2,2255361596.466802
*c1ccc(Oc2ccc(N3C(=O)c4cccc(Oc5cccc6c5C(=O)N(*)C6=O)c4C3=O)cc2)cc1,PI1060,5,36,1.7450034441310902,146344295.77060017,5,4162411249.532
*c1ccc2c(c1)C(=O)N(c1ccc(Oc3ccc(N4C(=O)c5ccc(C(C)(C)CCCCCCCCC(*)(C)C)cc5C4=O)cc3)cc1)C2=O,PI989,4,49,1.3943087582415268,200780196.87375057,4,3894913163.459878
*CC(*)c1ccc(-c2ccccc2)cc1,PI132,1,14,-0.36175254948501523,0.0,1,2555448786.7738743
*CC(*)c1ccc(C(=O)CCCCCCC)cc1,PI171,2,17,-0.12270576583653091,75169176.14070183,2,2737785616.16
*CC(*)c1ccc(C(=O)C(F)(F)F)cc1,PI223,1,14,-1.5369466400440912,0.0,1,1659050344.9485648
*CC(*)CCC1CCCCC1,PI42,1,10,0.6628073376461215,0.0,1,3336948535.4189243
*CC(*)C(=O)Oc1ccc(C(=O)OC)cc1,PI469,2,15,0.765569308014892,108690888.20340306,2,3415331902.777113
*CC(*)C(=O)Oc1cccc(N(C)C)c1,PI475,2,14,1.1073200490780177,147526140.231117,2,3676007849.1953707
*CC(*)OC(=O)C(C)(C)C(C)C(C)C,PI366,3,13,-0.609883250789003,281586414.6052333,3,2366183051.177721
*CC(*)C(=O)c1ccc(Br)c(OC)c1,PI322,2,13,0.030874867498840115,235105009.92499515,2,2854931746.7628837
*CC(*)N1Cc2ccccc2N1,PI229,2,11,0.34262926753824,327139704.9287211,2,3092727495.288607
*Oc1ccc(C(C)(C)c2ccc(OC(*)=O)c(CC)c2)cc1CC,PI1118,2,23,-0.11593584909340225,355698942.9472683,2,2742949480.468525
*CC(*)OC(=O)c1cccc(Cl)c1,PI338,1,12,0.14804147880855636,0.0,1,2944302488.715829
*CC(*)CCC,PI4,2,5,-0.34575241854939837,99153668.06576288,2,2567653147.3598475
*CC(*)OC(=O)CCCCC,PI385,1,10,-0.7761508758396677,0.0,1,2239359710.915257
*c1ccc(Oc2ccc(Oc3ccc(N4C(=O)c5ccc(Oc6ccc(C7(c8ccc(Oc9ccc%10c(c9)C(=O)N(*)C%10=O)cc8)CCC(C(C)(C)C)CC7)cc6)cc5C4=O)cc3)c(C(C)(C)C)c2)cc1,PI1014,5,70,1.00892718542276,291783947.0174527,5,3600957089.1755137
*CC(*)CNc1ccc([N+](=O)[O-])cc1,PI392,2,13,2.6401033897875297,140186947.8084002,2,4845163318.326561
*CC(*)(C)C(=O)OC(C)(C)C,PI444,1,10,-1.8640362268528394,0.0,1,1409557432.834651
*CC(*)c1ccc(C(=O)OC(C)C)cc1,PI163,2,14,-0.45763349551542504,393942049.01207745,2,2482314032.8529215
*C(=O)Oc1ccc(C(C)(C)c2ccc(OC(=O)c3ccc4c(c3)C(=O)N(c3ccc(-c5ccc(N6C(=O)c7ccc(*)cc7C6=O)cc5)cc3)C4=O)cc2)cc1,PI958,2,55,2.0905584593397455,451293348.890074,2,4425988968.043672
*CC(*)CCCN(CC(C)C)CC(C)C,PI266,1,14,-0.06609519357893001,0.0,1,2780966252.592924
*CC(*)C(=O)Oc1cccc(C(=O)OC)c1,PI467,3,15,1.0536674767410485,198041614.88555706,3,3635083475.401167
*CC(*)OC(=O)C(F)(F)C(F)(F)C(F)(F)C(F)(F)C(F)(F)F,PI350,1,21,-1.0038705694165617,0.0,1,2065662804.051
*CC(*)C(=O)N1CCOCC1,PI462,1,10,0.8303360302887447,0.0,1,3464733775.5356755
*C(=O)Oc1ccc(OC(=O)c2ccc3c(c2)C(=O)N(C2CCC(N4C(=O)c5ccc(*)cc5C4=O)CC2)C3=O)cc1,PI1088,1,40,1.8050065304788652,0.0,1,4208179581.3666735
*CC(*)CCCCCCCCCCCC,PI32,2,14,-0.7491148867868529,261875425.47774407,2,2259981852.1043944
*CC(OC)C(C(=O)O)C(*)C(=O)O,PI388,1,12,4.655201773031478,0.0,1,6382212445.254394
*CC(*)C(=O)OC(CC)CC,PI457,2,10,-0.9887234957219234,251372034.88249844,2,2077216481.3262386
*c1ccc(Oc2ccc(C3(c4ccc(Oc5ccc(N6C(=O)c7ccc(Oc8ccccc8Oc8ccc9c(c8)C(=O)N(*)C9=O)cc7C6=O)cc5C(F)(F)F)cc4)c4ccccc4-c4ccccc43)cc2)c(C(F)(F)F)c1,PI1078,5,77,-0.13235857168286239,275036770.52867794,5,2730422781.2126446
*CC(*)C(=O)c1ccc(C)cc1,PI330,1,11,-0.11194107383325244,0.0,1,2745996560.391244
*CC(*)OCC,PI254,1,5,-0.9391040086281103,0.0,1,2115064553.6339417
*CC(*)(C)C,PI13,1,4,1.814713249394367,0.0,1,4215583539.3860273
*CC(*)C(=O)Oc1ccccc1C(=O)OCC,PI466,1,16,0.7104169154471862,0.0,1,3373263516.6630287
*C(CC)C(*)CC,PI62,1,6,-0.7503170096969896,0.0,1,2259064913.2666435
*CC(*)C(=O)C1CCCCC1,PI300,1,10,0.018102895063581283,0.0,1,2845189716.674428
*CC(*)CCc1ccccc1C,PI281,1,11,0.07517252336265783,0.0,1,2888720505.5830965
*C1CCC1*,PI72,2,4,-0.95522256148966,1188282443.1838822,2,2102769864.7943318
*CC(*)CCCCCC,PI30,1,8,-1.2241252284632629,0.0,1,1897659973.9139788
*CC(*)c1ccc(C(=O)CCC)cc1,PI168,2,13,-0.9480408022226782,4597465.608884819,2,2108247868.6987119
*CC(*)OC(=O)C(F)(F)C(F)(F)C(F)(F)F,PI346,1,15,-0.6395361091491174,0.0,1,2343564850.2837496
*CC(*)OC(=O)c1cccc(C)c1,PI361,1,12,0.19406288759441398,0.0,1,2979406068.165095
*C(F)C(*)(F)OC(F)(F)F,PI314,1,9,0.23229345589583425,0.0,1,3008567057.086666
*CC(*)c1ccc(COC)cc1,PI147,2,11,-0.17014405402293828,237052929.80686757,2,2701601288.8605614
*CC(*)C(=O)Oc1ccccc1,PI463,1,11,0.8697569798879569,0.0,1,3494802747.1888576
*c1ccc(Sc2ccc3c(c2)Sc2ccc(Sc4ccc(-n5c(=O)c6cc7c(=O)n(*)c(=O)c7cc6c5=O)cc4)cc2S3)cc1,PI1086,2,44,1.6768439769807966,322777472.9445901,2,4110421505.335703
*CC(*)(C)C(=O)Oc1ccccc1,PI449,1,12,0.0028345032921647324,0.0,1,2833543502.059304
*/C=C/CCC*,PI58,1,5,-1.4284558358578645,0.0,1,1741803473.6497507
*CC(*)OC(=O)CCCC(=O)c1ccccc1,PI333,1,16,-0.06507249459904955,0.0,1,2781746332.904241
*CC(*)c1ccccc1COCCC,PI87,2,13,-0.8274342421375208,95595373.66993903,2,2200242487.63252
*CC(*)c1ccc(C(O)CCN(C)C)cc1,PI144,2,15,0.5614712571766374,750440444.8962892,2,3259652788.8156414
*CC(*)OC(=O)c1ccc(OC)cc1,PI359,2,13,-0.10247603362811701,449959360.4522136,2,2753216174.0362215
*CC(*)c1ccccc1C(=O)OC,PI98,1,12,-0.6386607406547755,0.0,1,2344232551.866539
*CC(*)Cc1cc(C)cc(C)c1,PI293,2,11,-0.341996378186592,1965159.6685739348,2,2570518128.3495417
*CCC1CC(OC(=O)CCCCCCCCCCOc2ccc(-c3ccc(C#N)cc3)cc2)CC1*,PI399,1,35,1.7182742667659459,0.0,1,4142023133.95699
*CC(*)OC(=O)c1ccccc1C,PI360,1,12,0.9418577772486139,0.0,1,3549798805.2252865
*CC(*)c1ccc(COC(C)CC)cc1,PI152,1,14,-0.46390060826658186,0.0,1,2477533690.4822345
*CC(CC(*)(C#N)C(=O)OC)c1ccccc1,PI238,2,16,0.32396881721034715,325052228.1223925,2,3078493932.737485
*Oc1ccc(Oc2ccc(Oc3ccc(S(=O)(=O)c4ccc(*)cc4)cc3)cc2)cc1,PI546,1,30,-0.20641194249536005,0.0,1,2673937365.959531
*CC(*)CC(C)C,PI7,1,6,-0.49104073009737975,0.0,1,2456832120.3198943
*CC(*)SCC,PI309,3,5,-0.15837286023672617,370925657.18043566,3,2710579958.7272253
*CC(*)C(=O)OCCCCCCCCCCCCCC,PI423,1,19,-0.8866025212712707,0.0,1,2155110918.603147
*CC(*)C(=O)Oc1ccc(C#N)cc1,PI476,2,13,1.8883560126547565,210782387.11411062,2,4271755757.038108
*CC(*)c1ccc(C(=O)N(C)C)cc1,PI155,3,13,0.12717088559798873,248409914.20465285,3,2928383103.667677
*c1ccc2c(c1)C(=O)N(c1c(C(C)C)cc(Cc3cc(C(C)C)c(N4C(=O)c5ccc(C(*)(C(F)(F)F)C(F)(F)F)cc5C4=O)c(C(C)C)c3)cc1C(C)C)C2=O,PI973,5,56,-0.9065381171740658,84830109.12480475,5,2139904717.986853
*CC(*)OC(=O)C(C)(C(C)C)C(C)C,PI356,2,13,-1.0679729576136516,69653018.96020208,2,2016767662.934509
*CC(*)CCCCCCCCCC,PI31,1,12,-0.5299164098462689,0.0,1,2427179062.1299696
*CC(*)c1ccc(C(=O)OCC(C)C)cc1,PI165,1,15,-0.16310493596229575,0.0,1,2706970490.8605328
*CC(*)CCCCCCCCCCCCCCCCCCCC,PI54,3,22,-0.469749325147852,86090668.39902407,3,2473072486.3788733
*CC(*)c1cc(Br)ccc1OC(C)C,PI202,1,13,-1.120987980658773,0.0,1,1976329590.251237
*c1ccc(Oc2cc(C(C)(C)C)ccc2Oc2ccc(-n3c(=O)c4cc5c(=O)n(*)c(=O)c5cc4c3=O)cc2)cc1,PI1032,3,40,0.9827036736076769,146668226.81967884,3,3580954678.238402
*CC(*)(C)c1ccccc1,PI213,1,9,-0.4438380470757304,0.0,1,2492836735.940835
*CC(*)CCCC,PI6,1,6,-0.7910690686507116,0.0,1,2227980616.2634897
*CC(*)c1ccc(C(=O)OC)cc1,PI160,2,12,-0.8744207020962783,297775033.44739556,2,2164402799.6760564
*CC(*)c1ccc(C(=O)N2CCCCC2)cc1,PI157,2,16,-0.34121764841170477,65435886.99252217,2,2571112117.174383
*CC(*)c1ccc(C(C)(O)CCCC)cc1,PI142,1,15,-1.2051328313593532,0.0,1,1912146734.277429
*CCC=C(*)CCC,PI77,1,7,-0.6739029456279012,0.0,1,2317350985.767641
*c1ccc(-c2ccc(N3C(=O)c4cc5c(cc4C3=O)C(C(F)(F)F)(C(F)(F)F)c3cc4c(cc3O5)C(=O)N(*)C4=O)cc2OC(F)(F)F)c(OC(F)(F)F)c1,PI1112,3,54,-0.7013661733921178,385172000.5219241,3,2296402961.289722
*c1ccc2c(c1)C(=O)N(c1c(C)cc(C(c3cc(C)c(N4C(=O)c5ccc(C(*)(C(F)(F)F)C(F)(F)F)cc5C4=O)c(C)c3)c3cccc4ccccc34)cc1C)C2=O,PI1003,1,58,-0.4313117163439035,0.0,1,2502391398.8173785
*c1ccc(S(=O)(=O)c2ccc(N3C(=O)c4ccc(C(=O)c5ccc6c(c5)C(=O)N(*)C6=O)cc4C3=O)cc2)cc1,PI976,5,39,0.6391416887160456,562645924.244615,5,3318897176.07656
*/C=C/C(C*)OC,PI279,3,6,-0.1739794559298843,331522593.5525799,3,2698675773.5599146
*/C=C\CC*,PI47,1,4,-0.7582608240122076,0.0,1,2253005639.456882
*CC(*)CCCC(C)(C)C,PI41,1,9,-0.22156642990482306,0.0,1,2662378033.7525067
*C1CC(*)(C#N)C1,PI290,1,6,0.4376006230478341,0.0,1,3165168444.2184453
*CC(*)c1ccc(CCCCCCCCC)cc1,PI126,1,17,-0.844796544772179,0.0,1,2186999108.387137
*CC(*)c1ccc(C(=O)N(CC)CC)cc1,PI156,1,15,0.03974916637491078,0.0,1,2861700762.8332567
*CC(*)CCCCCCCC,PI12,1,10,-0.8227904083800377,0.0,1,2203784647.500192
*CC(*)c1ccc(C(C)C)cc1,PI120,1,11,-1.622267879112025,0.0,1,1593970179.5788462
*c1ccc(Oc2ccc(N3C(=O)c4ccc(Oc5ccc(C6(c7ccc(Oc8ccc9c(c8)C(=O)N(*)C9=O)cc7)CCC(c7ccccc7)CC6)cc5)cc4C3=O)cc2)cc1,PI1028,2,61,1.0073241364592846,519914175.0578684,2,3599734337.4576716
*CC(*)c1ccccc1COCCCC,PI89,2,14,-0.6406492383714786,682135131.7349101,2,2342715792.831461
*CC(*)c1cccc(Cl)c1,PI116,2,9,-1.80460980126202,386789489.7815016,2,1454885907.2805328
*CC(*)c1ccccc1C(=O)O,PI97,1,11,1.2489215330333252,0.0,1,3784016688.413839
*c1ccc(Oc2c(C)cc(Cc3cc(C)c(Oc4ccc(N5C(=O)c6ccc(-c7ccc8c(c7)C(=O)N(*)C8=O)cc6C5=O)cc4)c(C)c3)cc2C)cc1,PI998,3,53,0.7080912779603521,688117433.1292007,3,3371489598.7747445
*C(F)(F)C(*)(F)OC(F)(F)C(F)(F)C(F)(F)C(F)(F)F,PI310,1,19,-1.5674765708252865,0.0,1,1635763142.773919
*c1ccc(Oc2ccc(C3(c4ccc(Oc5ccc(N6C(=O)c7ccc(Oc8ccc(C9(c%10ccc(Oc%11ccc%12c(c%11)C(=O)N(*)C%12=O)cc%10)CCC(C(C)(C)C)CC9)cc8)cc7C6=O)cc5)cc4)CC4CC3C3CCCC43)cc2)cc1,PI1017,4,82,0.8524278143190616,232145085.9600065,4,3481584643.7803383
*c1ccc2c(c1)C(=O)N(c1ccc(Oc3ccc4ccc(Oc5ccc(N6C(=O)c7ccc(C(*)(C(F)(F)F)C(F)(F)F)cc7C6=O)cc5)cc4c3)cc1)C2=O,PI1049,5,55,0.3353748926542895,91539545.92278984,5,3087194102.639146
*CC(*)C=O,PI242,1,4,3.251658259758273,0.0,1,5311636760.404252
*CC(*)c1ccc(CC)cc1,PI119,1,10,-1.6076140147766664,0.0,1,1605147653.3786726
*CC(*)c1ccccc1COCCCCC,PI90,2,15,-0.9017799063490094,76926723.1403444,2,2143534120.8265386
*c1ccc2c(c1)Cc1cc(-n3c(=O)c4cc5c(=O)n(*)c(=O)c5cc4c3=O)ccc1-2,PI676,1,29,0.718508189256883,0.0,1,3379435267.604989
*CC(*)c1ccc(COCCCC)cc1,PI150,2,14,-0.4625655326292006,341410704.38693637,2,2478552041.1790953
*CC(*)c1cc(Br)ccc1OCC,PI199,1,12,-1.9047024683009344,0.0,1,1378538594.5322714
*CC(*)c1ccccc1COC,PI85,2,11,-0.5762096015377757,308456622.2230921,2,2391868175.8408413
*CC(*)c1ccc(C(=O)CCCC)cc1,PI169,3,14,-0.01368613690141262,290904290.1388856,3,2820942114.555361
*c1ccc2c(c1)C(=O)N(c1ccc(Oc3c(C)cc(Cc4cc(C)c(Oc5ccc(N6C(=O)c7ccc(C(*)(C(F)(F)F)C(F)(F)F)cc7C6=O)cc5)c(C)c4)cc3C)cc1)C2=O,PI1000,5,62,-0.26764225314429463,120381987.60133068,5,2627232948.792088
*c1ccc(-c2ccc(N3C(=O)c4ccc(-c5cccc6c5C(=O)N(*)C6=O)cc4C3=O)cc2C(F)(F)F)c(C(F)(F)F)c1,PI1106,1,42,-1.337555918268981,0.0,1,1811138866.963344
*CC(*)C(=O)OCCCCCCC,PI420,1,12,-0.13671226839051848,0.0,1,2727101928.107379
*Nc1ccc(*)cc1,PI1131,2,7,2.4431457210857266,2320597012.9949403,2,4694930647.188936
*C=CCCCCCCCCCC*,PI78,2,12,-0.5511123158859427,115370220.94061361,2,2411011539.420593
*c1ccc2c(c1)C(=O)N(c1c(CC)cc(Cc3cc(CC)c(N4C(=O)c5ccc(C(*)(C(F)(F)F)C(F)(F)F)cc5C4=O)c(CC)c3)cc1CC)C2=O,PI972,5,52,-0.8964674363747234,342089840.2213875,5,2147586293.863699
*c1cccc(Oc2cccc(Oc3cccc(N4C(=O)c5ccc(-c6cccc7c6C(=O)N(*)C7=O)cc5C4=O)c3)c2)c1,PI1110,1,42,0.6638994994617475,0.0,1,3337781599.6400714
*C=CCCCCCCCC*,PI53,2,10,-0.4789424416559676,79195627.36256948,2,2466060286.96467
*CC(*)c1ccccc1C(=O)OCCC,PI100,2,14,-0.7643339903614256,570945533.8322212,2,2248373232.864542
*CC(*)C1CCCCC1,PI24,1,8,-0.16373887546712973,0.0,1,2706486943.1734657
*CC(*)OC(=O)C(C)(C)C(C)(C)CC,PI365,2,13,-0.2364993203816934,338099497.44359756,2,2650987728.2166386
*CCCCCCN1C(=O)c2ccc(C(c3ccc4c(c3)C(=O)N(*)C4=O)(C(F)(F)F)C(F)(F)F)cc2C1=O,PI970,4,37,-0.0627284867610849,948578105.898059,4,2783534263.0771866
*c1cccc(P(=O)(c2ccc(C(F)(F)F)cc2)c2cccc(-n3c(=O)c4c(-c5cc(C(F)(F)F)cc(C(F)(F)F)c5)c5c(=O)n(*)c(=O)c5c(-c5cc(C(F)(F)F)cc(C(F)(F)F)c5)c4c3=O)c2)c1,PI1052,5,68,-2.0383410521055456,436531075.4321906,5,1276603587.1555705
*CC(*)C(=O)c1ccc(C)c(C)c1,PI328,1,12,0.1422881612110369,0.0,1,2939914051.9706364
*c1ccc(Oc2ccccc2Oc2ccc(N3C(=O)c4ccc(-c5ccc6c(c5)C(=O)N(*)C6=O)cc4C3=O)cc2)cc1,PI1034,1,42,1.6927258226006832,0.0,1,4122535641.8696976
*CC(*)OCC(C)(C)C,PI276,1,8,-1.1856085568862986,0.0,1,1927039192.7708936
*CC(*)OC(=O)CC1CCCCC1,PI341,2,12,-0.4984697984892821,355824491.9272117,2,2451165477.350692
*CC(*)C(=O)c1ccc(C(C)C)cc1,PI326,2,13,-0.9068650417942841,337954068.8889036,2,2139655350.905694
*CC(*)OCCOC,PI375,2,7,-0.20295075779665872,0.0,1,2676577440.9868903
*CCCC(*)(C)C,PI17,1,6,0.6831003195891443,0.0,1,3352427338.0608444
*CC(*)C(C)=O,PI246,1,5,1.2797983531492199,0.0,1,3807568486.0809298
*CC(*)c1ccc(COCCO)cc1,PI148,1,13,1.3012265766384439,0.0,1,3823913212.710458
*C=CC(C)C(*)C(=O)OC,PI268,2,9,-0.31779949484030645,173026671.6802842,2,2588974695.399092
*CC(*)C(=O)NC(C)C,PI456,1,8,-1.2550745611779506,0.0,1,1874052866.0805988
*CCCCO*,PI527,1,5,-0.36890019101255345,0.0,1,2549996806.731188
*CC(*)C(=O)OC,PI411,1,6,-0.38831462789230187,0.0,1,2535188128.651771
*CC(*)c1ccccc1COCC,PI86,1,12,-0.06401191798090693,0.0,1,2782555305.0013413
*CC(*)c1ccc(C(=O)CCN2CCCCC2)cc1,PI158,1,18,1.4284922774729365,0.0,1,3920987199.758481
*CC(*)c1ccc(C(=O)CCCCC)cc1,PI170,1,15,-0.16518146454338645,0.0,1,2705386584.8492203
*CCCCCCCC(*)C,PI19,1,9,-1.4592551009167174,0.0,1,1718310832.3661425
*CC(*)c1c(C)cc(C)cc1C,PI210,1,11,-1.070993407151864,0.0,1,2014463765.8323908
*CC(*)c1ccc(Br)cc1,PI136,1,9,-0.09210544428690268,0.0,1,2761126510.040253
*C(C)C(*)OCCCC,PI284,1,8,-1.152664051995075,0.0,1,1952168150.6923463
*CC(*)c1cc(C(C)C)ccc1C(C)C,PI194,1,14,-1.373504973111417,0.0,1,1783718139.6088336
*CC(*)c1ccc(COCCOCC)cc1,PI133,2,15,-0.2759759006174718,209449547.4821019,2,2620876323.38894
*c1cccc(N2C(=O)c3ccc(Oc4ccc5c(c4)C4(CC(C)(C)c6ccc(Oc7ccc8c(c7)C(=O)N(*)C8=O)cc64)CC5(C)C)cc3C2=O)c1,PI986,3,51,0.6984924410319759,57458117.96037961,3,3364167929.4989586
*C(F)(F)C(*)(F)OC(F)C(F)F,PI405,1,11,-0.41885885105158893,0.0,1,2511890024.732848
*c1ccc(-c2ccc(-n3c(=O)c4cc5c(=O)n(*)c(=O)c5cc4c3=O)cc2OC(F)(F)F)c(OC(F)(F)F)c1,PI977,5,38,-0.5933464627295213,536532151.2664432,5,2378796755.729505
*C#C/C(COS(=O)(=O)c1ccc(C)cc1)=C(/*)COS(=O)(=O)c1ccc(C)cc1,PI269,1,28,1.98239613207794,0.0,1,4343486390.468969
*c1ccc(-c2ccc(-n3c(=O)c4cc5c(=O)n(*)c(=O)c5cc4c3=O)c(C)c2)cc1C,PI687,1,30,-0.3878648616832065,0.0,1,2535531195.1564937
*CC(*)c1ccccc1,PI82,1,8,-0.4483637733301336,0.0,1,2489384664.495645
*c1ccc(Oc2ccc(Oc3ccc(N4C(=O)C5CCC6C(=O)N(*)C(=O)C6C5C4=O)cc3)cc2)cc1,PI1067,3,36,1.6249890903117306,309536801.25249696,3,4070868345.57716
*C(=O)c1ccc2c(c1)C(=O)N(c1ccc(Oc3c(C)cc(Cc4cc(C)c(Oc5ccc(N6C(=O)c7ccc(*)cc7C6=O)cc5)c(C)c4)cc3C)cc1)C2=O,PI999,3,55,0.8734540812772008,546656643.86523,3,3497622771.5160832
*c1ccc(Oc2ccc(C(c3ccc(Oc4ccc(N5C(=O)c6ccc(Oc7ccc(C8(c9ccc(Oc%10ccc%11c(c%10)C(=O)N(*)C%11=O)cc9)CCC(C(C)(C)C)CC8)cc7)cc6C5=O)cc4)cc3)(C(F)(F)F)C(F)(F)F)cc2)cc1,PI1013,4,81,0.5451516135247175,279466763.2936194,4,3247204714.698994
*Oc1ccc(-c2ccc(OC(=O)CCCCCCCCCCCCC(*)=O)cc2)cc1,PI586,1,30,-0.018630356188153598,0.0,1,2817170830.7306023
*c1ccc(Sc2ccc(Oc3ccc(Sc4ccc(N5C(=O)c6ccc(Oc7ccc(C(C)(C)c8ccc(Oc9ccc%10c(c9)C(=O)N(*)C%10=O)cc8)cc7)cc6C5=O)cc4)cc3)cc2)cc1,PI1114,1,66,0.9943472032120091,0.0,1,3589835970.1701074
*CC(*)c1ccc(COCCCCCCOc2ccc(-c3ccc(OC)cc3)cc2)cc1,PI234,1,31,1.1692270040806951,0.0,1,3723228387.8692417
*CCCC=C(*)c1ccc(OC)cc1,PI389,2,13,0.15586428126447183,375729131.10998666,2,2950269458.7580743
*c1ccc2c(c1)C(=O)N(c1c(C)cc(Cc3cc(C)c(N4C(=O)c5ccc(C(*)(C(F)(F)F)C(F)(F)F)cc5C4=O)c(C)c3)cc1C)C2=O,PI971,5,48,-0.8927735396827678,683241360.311014,5,2150403873.755849
*CC(*)C(=O)OCC(C)(C)C,PI459,1,10,-0.02655751966319682,0.0,1,2811124257.620502
*CC(*)CCCCCCCCCCCCCCCC,PI33,2,18,-0.3939163496811066,15449596.002301741,2,2530915324.07986
*CC(*)c1ccc(Cl)c(Cl)c1,PI208,1,10,-2.1266193056320644,0.0,1,1209267910.8243654
*c1ccc(Oc2ccc(-c3ccc(Oc4ccc(N5C(=O)c6ccc(Oc7cccc(Oc8ccc9c(c8)C(=O)N(*)C9=O)c7)cc6C5=O)cc4)cc3)cc2)cc1,PI1038,3,56,1.5160134514172787,566189427.0261669,3,3987745401.302115
*CC(*)C(=O)OCC(F)(F)C(F)(F)C(F)(F)F,PI436,1,16,-0.6394392500726668,0.0,1,2343638731.1225867
*C(=O)Nc1cccc(NC(=O)c2ccc(N3C(=O)c4ccc(*)cc4C3=O)cc2)c1,PI990,3,29,0.18035690426498874,1720105290.1483862,3,2968951606.0478325
*c1ccc(S(*)(=O)=O)cc1,PI1137,1,9,1.2121029057158779,0.0,1,3755932680.484727
*CC(*)c1ccc(C(C)(O)CC)cc1,PI140,2,13,-0.12078014715479303,137391817.91575676,2,2739254413.186573
*CC(*)C(=O)c1ccc(Br)cc1,PI406,1,11,0.16670285064433438,0.0,1,2958536754.162106
*c1ccc(Oc2ccc(Oc3ccc(N4C(=O)c5ccc(Oc6ccc(C7(c8ccc(Oc9ccc%10c(c9)C(=O)N(*)C%10=O)cc8)CCCCCCCCCCC7)cc6)cc5C4=O)cc3)c(C(C)(C)C)c2)cc1,PI1044,1,72,-0.036236148422605884,0.0,1,2803741725.825424
*C(F)(F)C(*)(F)F,PI513,1,6,0.2987298388715059,0.0,1,3059242490.7519
*OC(C)COC(*)=O,PI1116,2,7,0.6021481518246007,7246764.325748527,2,3290679753.0198097
*CC(*)Cc1ccccc1C,PI295,1,10,-0.5102993495011536,0.0,1,2442142294.559252
*CC(*)c1ccccc1C(=O)OCCN(C)C,PI108,2,16,-0.18001693638804558,107122631.69147338,2,2694070586.9624634
*c1cccc(P(=O)(c2ccccc2)c2cccc(-n3c(=O)c4cc5c(=O)n(*)c(=O)c5cc4c3=O)c2)c1,PI1011,5,36,0.6703016576799886,482664838.7822388,5,3342664950.141281
*CC(*)CNc1ccc([N+](=O)[O-])cn1,PI393,3,13,2.3761319534576013,541711414.1920452,3,4643814803.971824
*CC(*)c1c(Cl)cccc1Cl,PI186,2,10,-0.9271925451636781,277784937.78651804,2,2124150216.4832983
*CC1CC(*)C(OC(=O)CCCCCCCCCCOc2ccc(-c3ccc(C#N)cc3)cc2)C1OC(=O)CCCCCCCCCCOc1ccc(-c2ccc(C#N)cc2)cc1,PI397,1,62,1.3368893348454594,0.0,1,3851115562.641228
*CC(*)C(=O)OCCC#N,PI460,1,9,2.5034360109361233,0.0,1,4740918048.175084
*CCCCCCCCCCN1C(=O)C2C3C=CC(C4C(=O)N(*)C(=O)C34)C2C1=O,PI1080,3,28,1.6027696137501197,402841886.54522026,3,4053920077.773561
*CC(*)Cc1ccccc1,PI26,1,9,0.6450111627014788,0.0,1,3323374212.999349
*CC(*)c1ccc(C(=O)OCCN(C)C)cc1,PI109,1,16,-0.8539964264302351,0.0,1,2179981748.7445817
*CC(*)(C)C(=O)OCc1ccccc1Cl,PI452,1,14,0.8693344388334184,0.0,1,3494480447.1143947
*CC(*)c1ccccc1COC(C)C,PI88,1,13,-0.6809692307051591,0.0,1,2311961061.683072
*CC(*)c1cccc2ccccc12,PI217,2,12,-0.497102179820327,419751249.5592973,2,2452208650.7751594
*C1CCC(CC2CCC(N3C(=O)C4C5C=CC(C6C(=O)N(*)C(=O)C56)C4C3=O)C(C)C2)CC1C,PI1082,4,33,0.8193302000568508,387190090.21254516,4,3456338899.1913176
*CC(*)c1ccc(Oc2ccccc2)cc1,PI183,1,15,0.045154289460579526,0.0,1,2865823608.5408645
*CC(*)c1ccc(C#N)cc1,PI134,2,10,0.1096438295047125,481795131.49998045,2,2915014056.0371504
*CC(*)CCN(C(C)C)C(C)C,PI264,2,11,-0.22533374210782228,76426534.39294353,2,2659504454.983036
*CC(*)SCCCC,PI307,2,7,-0.808562715310769,146750678.85818586,2,2214637052.2225423
*Cc1cccc(COC(=O)Nc2ccc(Cc3ccc(NC(=O)O*)cc3)cc2)c1,PI660,4,29,1.3495354094898113,726604210.6776803,4,3860761562.1382227
*CC(*)c1ccc(C(=O)CC)cc1,PI167,1,12,0.06797021903464648,0.0,1,2883226830.598644
*CC(OC)C1C(=O)OC(=O)C1*,PI387,2,11,0.7187055945374824,316457185.738976,2,3379585841.699395
*CC(*)C(=O)OCCc1ccccc1,PI474,1,13,1.5501225816264432,0.0,1,4013762696.161865
*CC(*)OC(=O)C(C)(C)CC(C)(C)C,PI367,1,13,0.2845755825530451,0.0,1,3048446101.107847
*c1ccc(-c2ccc(Oc3ccc(C4(C)CC(C)(C)c5ccc(Oc6ccc(-c7ccc(N8C(=O)c9ccc(Oc%10ccc%11c(c%10)C(=O)N(*)C%11=O)cc9C8=O)cc7)cc6C(F)(F)F)cc54)cc3)c(C(F)(F)F)c2)cc1,PI1101,2,75,0.31075989144523564,227103976.93046314,2,3068418609.376729
*c1ccc(Oc2ccc(Oc3ccc(N4C(=O)c5ccc(Oc6ccccc6Oc6ccc7c(c6)C(=O)N(*)C7=O)cc5C4=O)cc3C(F)(F)F)cc2)c(C(F)(F)F)c1,PI1072,5,58,0.5605562011636628,506281170.30608207,5,3258954814.931325
*C=CCC(C)(CC*)C(=O)OC,PI280,1,11,-0.19221399074681142,0.0,1,2684767085.0048804
*C(=O)c1ccc2c(c1)C(=O)N(c1c(C)cc(C(c3cc(C)c(N4C(=O)c5ccc(*)cc5C4=O)c(C)c3)c3cccc4ccccc34)cc1C)C2=O,PI1002,5,51,-1.0574254375629664,218185138.77782795,5,2024812955.7201948
*CC/C=C(\*)C(C)(C)C,PI81,1,8,-0.06675567564700327,0.0,1,2780462459.1332474
*CC(*)C(=O)Oc1ccc(C(=O)OCCCC)cc1,PI471,2,18,0.3789398046255151,31367774.81058855,2,3120423949.1155567
*c1ccc(Oc2ccc(-c3ccc(Oc4ccc(N5C(=O)c6ccc(Oc7ccc(C8(c9ccc(Oc%10ccc%11c(c%10)C(=O)N(*)C%11=O)cc9)CCCCCCCCCCC8)cc7)cc6C5=O)cc4)cc3C)c(C)c2)cc1,PI1042,1,76,0.7600981976761487,0.0,1,3411158724.2169905
*CC(*)OC(=O)c1ccccc1OC(C)=O,PI331,2,15,0.4929401918144641,536137888.63481635,2,3207379602.0282097
*CC(*)CC(C)CC,PI38,1,7,-0.7677907599067174,0.0,1,2245736525.5673885
*c1ccc(Oc2ccc(C3(c4ccc(Oc5ccc(N6C(=O)c7ccc(Oc8ccc(C9(c%10ccc(Oc%11ccc%12c(c%11)C(=O)N(*)C%12=O)cc%10)CCC(c%10ccccc%10)CC9)cc8)cc7C6=O)cc5)cc4)CC4CC3C3CCCC43)cc2)cc1,PI1039,2,84,0.40452257560631427,387494369.63274187,2,3139937624.540739
*c1ccc(Oc2ccc(Oc3ccc(N4C(=O)c5ccc(-c6ccc7c(c6)C(=O)N(*)C7=O)cc5C4=O)cc3)c(-c3ccccc3)c2)cc1,PI1036,1,48,0.9257303521208872,0.0,1,3537497348.9200807
*c1cccc(P(=O)(c2ccccc2)c2cccc(-n3c(=O)c4c(-c5ccccc5)c5c(=O)n(*)c(=O)c5c(-c5ccccc5)c4c3=O)c2)c1,PI1059,4,48,-0.9699515933124515,428983424.756737,4,2091535055.768646
*CC(*)C(=O)OCC,PI412,1,7,-1.124574694172062,0.0,1,1973593766.075116
*c1cccc(Oc2ccc(N3C(=O)c4ccc(C(=O)c5ccc6c(c5)C(=O)N(*)C6=O)cc4C3=O)cc2)c1,PI992,5,37,1.2726513498019176,301633022.63167727,5,3802116992.820617
*c1ccc(Oc2ccc3ccc(Oc4ccc(-n5c(=O)c6cc7c(=O)n(*)c(=O)c7cc6c5=O)cc4)cc3c2)cc1,PI1050,5,40,1.423144203730899,924304360.3637084,5,3916907869.367321
*CC(*)OCC(C)(C)CC,PI316,1,9,-1.154074743038607,0.0,1,1951092123.1123257
*c1ccc(C(C)(C)c2ccc(N3C(=O)c4ccc(Oc5ccc6c(c5)C(=O)N(*)C6=O)cc4C3=O)cc2)cc1,PI985,4,38,0.9718461484156287,513255791.0614868,4,3572672923.979749
*c1ccc2c(c1)C(=O)N(c1ccc3c(c1)-c1cc(N4C(=O)c5ccc(C(*)(C(F)(F)F)C(F)(F)F)cc5C4=O)ccc1C3)C2=O,PI959,5,44,-0.14793549940830503,458245644.1435789,5,2718541225.771135
*c1ccc(C(C)(C)c2ccc(C(C)(C)c3ccc(N4C(=O)c5ccc(Oc6ccc7c(c6)C(=O)N(*)C7=O)cc5C4=O)cc3)cc2)cc1,PI1084,4,47,0.7896657925662596,471085712.0035073,4,3433711889.009887
*CC(*)C=C,PI521,2,4,-1.3378840329946433,421345931.9970395,2,1810888592.1098654
*CC(*)C(=O)c1ccc(OC)cc1,PI327,1,12,0.06638596125863128,0.0,1,2882018412.1652308
*c1ccc(Oc2cccc(Oc3ccc(N4C(=O)c5ccc(C(=O)c6ccc7c(c6)C(=O)N(*)C7=O)cc5C4=O)cc3)c2)cc1,PI965,4,44,1.7540452139129483,399875117.6332023,4,4169308006.7646246
*CC(C)C(*)(C)C,PI16,2,6,-0.08491398195292647,535158636.40463006,2,2766611915.11709
*CC(*)c1cc(C)ccc1F,PI197,2,10,-0.7661477427651365,507712744.7157648,2,2246989763.664344
*C(F)(F)C(*)(OC(F)(F)F)OC(F)(F)F,PI312,1,14,-1.9633978652957957,0.0,1,1333767724.059734
*c1ccc(Oc2ccc(Oc3ccc(N4C(=O)c5ccc(Oc6ccc(C7(c8ccc(Oc9ccc%10c(c9)C(=O)N(*)C%10=O)cc8)CCC(c8ccccc8)CC7)cc6)cc5C4=O)cc3)c(C(C)(C)C)c2)cc1,PI1025,2,72,1.6405904518123038,28339220.717014935,2,4082768538.2787876
*CCCC=C(*)c1ccc(Cl)cc1,PI391,2,12,0.5821033705591558,111459008.03185229,2,3275390269.489029
*CC(*)OC(=O)c1ccc(C(C)(C)C)cc1,PI298,1,15,-0.7902909978210702,0.0,1,2228574102.467108
*CC(*)C(=O)OC(C)C,PI414,1,8,-0.6361533000692603,0.0,1,2346145143.0307407
*c1ccc2c(c1)C(=O)N(c1cccc(Oc3ccc(S(=O)(=O)c4ccc(Oc5cccc(N6C(=O)c7ccc(C(*)(C(F)(F)F)C(F)(F)F)cc7C6=O)c5)cc4)cc3)c1)C2=O,PI984,5,60,0.10693287132135662,162538254.20100868,5,2912946228.5089693
*CC(*)c1cccs1,PI373,1,7,0.3192370350694709,0.0,1,3074884688.807301
*c1cccc(P(=O)(c2ccccc2)c2cccc(-n3c(=O)c4c(-c5ccc(C(F)(F)F)cc5)c5c(=O)n(*)c(=O)c5c(-c5ccc(C(F)(F)F)cc5)c4c3=O)c2)c1,PI1056,5,56,-1.4283675154847733,236774724.24778387,5,1741870841.4534662
*c1cc(C(c2ccc(O)c(-n3c(=O)c4cc5c(=O)n(*)c(=O)c5cc4c3=O)c2)(C(F)(F)F)C(F)(F)F)ccc1O,PI979,4,39,0.4454316893444508,468692158.74372035,4,3171141717.639841
*CCC=C(*)C(C)C,PI69,1,7,-0.15225266616678812,0.0,1,2715248236.47984
*CCCCOC(=O)NCC(F)(F)C(F)(F)C(F)(F)C(F)(F)CNC(=O)O*,PI658,1,26,1.7381200422826122,0.0,1,4157160822.610182
*CC(*)C(=O)Oc1ccc(OC)cc1,PI464,1,13,-0.801750228772011,0.0,1,2219833387.336339
*CC(*)c1nc(C)nc(C)n1,PI383,1,10,-0.5282059042946904,0.0,1,2428483778.1113434
*CCC=C(*)CCCCCCC,PI68,2,11,-0.7743897044086688,174925490.04464355,2,2240703073.121736
*CC(*)c1ccc(OCCCC)cc1,PI181,2,13,-1.0930146271457535,745951155.0206603,2,1997666721.4563217
*CC1CC(*)C(OC(=O)CCCCCCCCCCOc2ccc(-c3ccc(C#N)cc3)cc2)C1,PI398,1,34,1.2866006622773474,0.0,1,3812757058.208932
*C(OC(F)(F)F)C(*)(F)F,PI313,1,9,-0.605355310589638,0.0,1,2369636811.3455057
*C(=O)Oc1ccc(OC(=O)c2ccc3c(c2)C(=O)N(c2ccc(-c4ccc(N5C(=O)c6ccc(*)cc6C5=O)cc4C(F)(F)F)c(C(F)(F)F)c2)C3=O)cc1,PI1089,2,54,1.0010120703538135,702211129.1527935,2,3594919706.183487
*C(F)(F)C(*)(F)c1ccccc1,PI215,1,11,-2.2580371739791616,0.0,1,1109026790.3484282
*CC(*)CNc1ccc([N+](=O)[O-])cc1C,PI394,1,14,0.2601380006628578,0.0,1,3029805937.3218627
*c1ccc(Oc2ccc(NC(=O)CN3C(=O)c4ccc(C(c5ccc6c(c5)C(=O)N(CC(=O)Nc5ccc(Oc7ccc(-c8nnc(*)o8)cc7)cc5)C6=O)(C(F)(F)F)C(F)(F)F)cc4C3=O)cc2)cc1,PI1021,2,70,0.5038076008400011,1324005699.3632135,2,3215668895.3419085
*c1ccc(Oc2ccc(C3(c4ccc(Oc5ccc(N6C(=O)c7ccc(Oc8ccc(C9(c%10ccc(Oc%11ccc%12c(c%11)C(=O)N(*)C%12=O)cc%10)CCCCCCCCCCC9)cc8)cc7C6=O)cc5)cc4)C4CC5CC(C4)CC3C5)cc2)cc1,PI1048,5,84,0.1190897610147142,623011370.4040592,5,2922219094.213547
*c1ccc(Oc2ccc(S(=O)(=O)c3ccc(Oc4ccc(N5C(=O)c6ccc(C(c7ccc8c(c7)C(=O)N(*)C8=O)(C(F)(F)F)C(F)(F)F)cc6C5=O)cc4)cc3)cc2)cc1,PI983,1,60,1.0123676394022496,0.0,1,3603581351.508997
*Oc1ccc(OC(=O)c2ccc(-c3ccc(C(*)=O)cc3)cc2)cc1C,PI582,2,25,0.014634467760224671,1260384249.6547782,2,2842544117.2323527
*CC(*)c1ccc(C(C)(O)CCC)cc1,PI141,2,14,-0.043413827366459316,172849600.32036865,2,2798266834.2539973
*CC(*)c1cc(Cl)ccc1Cl,PI195,2,10,-0.8088886027340696,220750889.27284515,2,2214388476.280233
*CC(*)C(C)CC,PI35,1,6,-0.8280275768614913,0.0,1,2199789911.903693
*CC(*)c1ccc(Cl)c(F)c1,PI209,2,10,-0.7725581165778419,112289641.08853005,2,2242100146.584587
*CC(*)c1ccc(Cl)cc1C,PI190,2,10,-1.2802245117066526,147459676.14181918,2,1854869331.5078652
*CC(*)C1CCC(C)CC1,PI66,1,9,-0.6858442338508057,0.0,1,2308242573.597779
*CC(*)OC,PI253,1,4,0.6289555906075334,0.0,1,3311127563.7664723
*CC(*)c1ccc(C(C)(C)C)cc1,PI122,1,12,-0.8124413526413237,0.0,1,2211678558.3980365
*CC(CCl)O*,PI526,1,5,1.401130951849367,0.0,1,3900116902.7987895
*CC(*)C(=O)Oc1cccc(C(=O)OCC)c1,PI468,1,16,0.6091015761972911,0.0,1,3295983590.762956
*c1ccc(S(=O)(=O)c2ccc(N3C(=O)c4ccc(C(c5ccc6c(c5)C(=O)N(*)C6=O)(C(F)(F)F)C(F)(F)F)cc4C3=O)cc2)cc1,PI975,5,46,-0.6361012251630269,326947971.2047962,5,2346184864.014007
*c1ccc(Oc2ccccc2Oc2ccc(N3C(=O)c4ccc(Oc5ccccc5Oc5ccc6c(c5)C(=O)N(*)C6=O)cc4C3=O)cc2C(F)(F)F)c(C(F)(F)F)c1,PI1073,5,58,0.4522961234016624,422160145.0970407,5,3176377676.5697994
*CC(*)C(=O)N1CCCCC1,PI461,1,10,0.6926133313520504,0.0,1,3359683542.793186
*CC(*)c1ccc(OC)cc1,PI178,1,10,-0.336568789534389,0.0,1,2574658110.0340896
*CC(*)C(=O)Oc1ccc(C(=O)OCC)cc1,PI470,1,16,0.11293950841463078,0.0,1,2917527888.8272743
*CC(*)c1cc(C)c(C)cc1C,PI211,1,11,-0.6194411564691578,0.0,1,2358892602.878472
*c1ccc(-c2nc3cc4nc(*)oc4cc3o2)cc1,PI547,1,18,0.10582221310558923,0.0,1,2912099055.857224
*CC(*)OC(C)C,PI274,1,6,-1.0942335373404002,0.0,1,1996736977.8437696
*c1ccc(Cc2ccc(N3C(=O)C4CCC5C(=O)N(*)C(=O)C5C4C3=O)c(C)c2)cc1C,PI1066,5,31,0.7755582271788065,306174991.8575957,5,3422951113.634268
*c1cccc(P(=O)(c2cccc(-n3c(=O)c4c(-c5ccc(C(F)(F)F)cc5)c5c(=O)n(*)c(=O)c5c(-c5ccc(C(F)(F)F)cc5)c4c3=O)c2)c2cc(C(F)(F)F)cc(C(F)(F)F)c2)c1,PI1054,5,64,-0.8300494465270143,303157552.6466107,5,2198247697.870872
*C(=O)Nc1ccc(NC(=O)c2ccc(N3C(=O)c4ccc(*)cc4C3=O)cc2)cc1,PI960,5,29,2.70407073511425,722332035.2112181,5,4893955453.293216
*c1ccc(Oc2ccc(Oc3ccc(N4C(=O)c5ccc(Oc6cccc7c6C(=O)N(*)C7=O)cc5C4=O)cc3)cc2)cc1,PI1063,5,43,1.2768713169970498,494983867.3616046,5,3805335841.561144
*CC(*)OCC(F)(F)F,PI376,2,8,-0.6830590319599186,508502600.1624986,2,2310367031.7236466
*CC(*)c1ccc(CCCCCCCCCCCCCC)cc1,PI129,1,22,-1.2899244679227007,0.0,1,1847470531.847715
*CC(*)c1ccccc1C(=O)OCCC(C)C,PI105,2,16,-0.34739948531471726,195256978.14638004,2,2566396820.3463993
*C(F)(F)C(*)(F)c1c(F)c(F)c(F)c(F)c1F,PI216,2,16,-1.6247058619077215,258028909.38704285,2,1592110568.4756117
*c1ccc(Oc2ccc(S(=O)(=O)c3ccc(Oc4ccc(N5C(=O)c6ccc(C(=O)c7ccc8c(c7)C(=O)N(*)C8=O)cc6C5=O)cc4)cc3)cc2)cc1,PI963,3,53,1.7439328441673048,590650223.4312925,3,4161594631.964685
*CC(*)O[N+](=O)[O-],PI267,1,6,0.7241122432398113,0.0,1,3383709851.0959697
*CC(*)c1ccc(C(=O)c2ccc(C)cc2)cc1,PI174,1,17,0.7989702527771047,0.0,1,3440809017.647642
*CC(*)c1ccc(C)nc1,PI228,1,9,-0.20104083731494787,0.0,1,2678034263.955598
*CC(*)c1ccccc1C(=O)OCCCCCC,PI106,1,17,-1.0491948719373878,0.0,1,2031090953.7644155
*CC(*)CC1CCCC1,PI23,1,8,-0.8075879528135697,0.0,1,2215380568.200591
*c1ccc(-c2ccc(N3C(=O)c4ccc(-c5cccc6c5C(=O)N(*)C6=O)cc4C3=O)c(C)c2)cc1C,PI1104,2,36,-0.37325697041673583,64179071.68482067,2,2546673602.2489157
*c1ccc(-c2ccc(N3C(=O)c4cc5c(cc4C3=O)C(C(F)(F)F)(C(F)(F)F)c3cc4c(cc3O5)C(=O)N(*)C4=O)cc2C(F)(F)F)c(C(F)(F)F)c1,PI1111,3,52,-0.889331519513685,211331381.16655868,3,2153029330.7259645
*CC(*)c1ccccc1C(=O)N(C)C,PI95,1,13,-2.1136932028003392,0.0,1,1219127506.38421
*CC(*)OC(=O)c1cccc(Br)c1,PI334,1,12,1.0004230009771902,0.0,1,3594470383.917851
*/C=C/CCCCCCCCCC*,PI55,1,12,-0.2992049304454447,0.0,1,2603158002.3812137
*CC(*)OC(=O)C(F)(F)F,PI278,2,9,-0.11040519169191441,87669247.3841585,2,2747168079.521048
*CC(*)c1ccc(COCCOCCCC)cc1,PI154,1,17,-0.23098124105258092,0.0,1,2655196733.1395035
*CC(*)c1ccc2ccccc2c1,PI225,2,12,-0.6896206058450839,627121018.3016816,2,2305362084.324885
*CC(*)(C)C(=O)OC(C)CC,PI442,1,10,-0.7006759089278118,0.0,1,2296929471.757416
*CC(*)C(=O)OCCCCCCCCCCCCCCCC,PI424,2,21,-0.2609873967816935,153947715.9003383,2,2632309048.9205093
*CC(*)OCCCCCCCCCCCCCCCCCC,PI402,1,21,-0.6723623690601735,0.0,1,2318526085.6476674
*c1ccc(-c2ccc(-n3c(=O)c4cc5c(=O)n(*)c(=O)c5cc4c3=O)cc2C(F)(F)F)c(C(F)(F)F)c1,PI967,3,36,-1.32209937197457,321619603.49057966,3,1822928599.506774
*CC(*)OC1CCCCC1,PI308,2,9,-0.05174203160704476,261750556.59729627,2,2791914360.7652035
*CCCC=C(*)c1ccccc1,PI390,1,11,0.7862408861285018,0.0,1,3431099485.8172
*c1ccc(N2C(=O)c3ccc(Oc4ccc(C(C)(C)c5cccc(Oc6ccc7c(c6)C(=O)N(*)C7=O)c5)cc4)cc3C2=O)cc1,PI1079,4,45,0.9176592221191957,446146848.96139264,4,3531340962.9959106
*CC(*)C(=O)OC(F)(C(F)(F)F)C(F)(F)Cl,PI433,1,15,-0.69315793647346,0.0,1,2302663927.748903
*CC(*)c1ccccc1C(=O)OCCCC,PI102,1,15,-0.6291279439897847,0.0,1,2351503847.855332
*c1ccc(Oc2ccc(C(C)(C)c3ccc(Oc4ccc(N5C(=O)c6ccc(C(c7ccc8c(c7)C(=O)N(*)C8=O)(C(F)(F)F)C(F)(F)F)cc6C5=O)cc4)cc3)cc2)cc1,PI982,1,60,1.0953153806831788,0.0,1,3666851092.7666144
*c1cc(C(c2ccc(O)c(N3C(=O)c4ccc(Oc5ccc6c(c5)C(=O)N(*)C6=O)cc4C3=O)c2)(C(F)(F)F)C(F)(F)F)ccc1O,PI1083,5,46,0.9983669340168415,460805948.56822395,5,3592902085.341172
*CC(*)c1ccccc1F,PI112,2,9,-0.767831656498758,110336961.31919667,2,2245705331.0254183
*CC(*)c1ccc(COCC(CC)CCCC)cc1,PI235,2,18,-0.5620783112345047,134167192.84622453,2,2402647047.7825875
*c1ccc(C(=O)Oc2ccc(N3C(=O)c4ccc(-c5ccc6c(c5)C(=O)N(*)C6=O)cc4C3=O)cc2)cc1,PI1091,3,37,1.6184491985847977,82555455.22782916,3,4065879936.597891
*C(C)C(*)OCC,PI286,1,6,-1.0777430436996762,0.0,1,2009315370.5733
*CC(*)C(=O)OC1CC2CCC1(C)C2(C)C,PI428,1,15,-0.12857580363314872,0.0,1,2733308149.1810427
*Cc1cc(*)c(O)cc1C,PI1138,1,9,0.4781128708747597,0.0,1,3196069821.3770223
*C(=O)c1ccc2c(c1)C(=O)N(c1c(C(C)C)cc(Cc3cc(C(C)C)c(N4C(=O)c5ccc(*)cc5C4=O)c(C(C)C)c3)cc1C(C)C)C2=O,PI1071,5,49,-0.7577591940332714,327616618.4239028,5,2253388265.897147
*Oc1ccc(-c2ccc(OC(=O)CCCCCCCCCCCC(*)=O)cc2)cc1,PI585,1,29,0.4332380300770788,0.0,1,3161840805.34354
*CC(*)c1ccccc1C(=O)NC,PI94,2,12,-0.22841849349649454,583691679.0947982,2,2657151510.59671
*CC(*)c1ccncc1,PI226,1,8,0.6624128959063283,0.0,1,3336647668.554649
*CC(*)CCCCCCCCCCCCC,PI61,1,15,-0.25246068314142894,0.0,1,2638812938.6885285
*CC(*)OC(=O)c1ccncc1,PI354,2,11,0.4535010074293221,170118622.55499142,2,3177296721.494932
*CC1(*)CCC(C)CC1,PI44,2,8,0.2677066626786463,74783274.13817169,2,3035579057.6022987
*C1CCC(N2C(=O)c3ccc(-c4ccc5c(c4)C(=O)N(*)C5=O)cc3C2=O)CC1,PI978,5,28,1.9140549015450712,507281661.7308774,5,4291358003.2908616
*CC(*)c1ccc(C(C)=NO)cc1,PI138,2,12,0.5760125189444767,294990513.2052419,2,3270744373.172285
*CC(*)OC(=O)CCCCCCCCCCC,PI243,2,16,-0.33243483156127507,41410805.126694895,2,2577811353.8390408
*c1ccc2c(c1)C(=O)N(c1ccc(Oc3ccc(-c4ccc(Oc5ccc(N6C(=O)c7ccc(C(*)(C(F)(F)F)C(F)(F)F)cc7C6=O)cc5)cc4)cc3)cc1)C2=O,PI981,2,57,0.7796951199613956,178077339.2993097,2,3426106596.0129676
*CC(*)c1ccc(C(=O)N2CCOCC2)cc1,PI159,2,16,0.8413315753122217,35809151.17614478,2,3473120806.6697206
*CC(*)C(=O)c1ccc(CCC)cc1,PI329,2,13,-0.5340097600459388,452823736.81537485,2,2424056792.565898
*Oc1cccc2c(OC(=O)Oc3ccc(OC(*)=O)cc3)cccc12,PI817,1,24,0.32045236957614276,0.0,1,3075811705.005586
*CCC=C(*)C,PI522,1,5,-0.959131610442701,0.0,1,2099788174.009231
*CC(*)OC(=O)C(F)(F)C(F)(F)F,PI352,1,12,-0.4769505444323824,0.0,1,2467579639.029016
*C1Cc2ccccc2C1*,PI386,1,9,-0.0915146686038177,0.0,1,2761577133.8189464
*CC(*)CCCCCCCCCCC,PI63,1,13,-0.8713936227136652,0.0,1,2166711753.8000216
*c1ccc(Oc2ccc(N3C(=O)C4CCC5C(=O)N(*)C(=O)C5C4C3=O)cc2)cc1,PI1064,5,29,2.24112259854531,620276768.8553661,5,4540834218.59665
*Oc1ccc(C(C)(CCC#N)c2ccc(OC(*)=O)cc2)cc1,PI1119,2,22,0.9606863724658933,73579521.9872067,2,3564160623.0306325
*c1cccc(P(=O)(c2ccc(C(F)(F)F)cc2)c2cccc(-n3c(=O)c4c(-c5ccc(C(F)(F)F)cc5)c5c(=O)n(*)c(=O)c5c(-c5ccc(C(F)(F)F)cc5)c4c3=O)c2)c1,PI1055,5,60,-1.166605650339494,507144539.35809416,5,1941533969.3831584
*Oc1ccc(S(=O)(=O)c2ccc(Oc3ccc(-c4ccc(*)cc4)cc3)cc2)cc1,PI545,1,29,0.9376658518447393,0.0,1,3546601345.81797
*CC(*)OC(=O)CCCCCCC,PI370,1,12,-0.5546868850128933,0.0,1,2408284978.5730386
*CCO*,PI524,1,3,-0.5420553248636449,0.0,1,2417919906.9023857
*CCCCCCOC(=O)CCCCCNC(=O)CCCCC(=O)NCCCCCC(=O)O*,PI598,1,32,1.7174937612138066,0.0,1,4141427790.6291137
*c1ccc(S(=O)(=O)c2ccc(N3C(=O)c4ccc(Oc5ccc6c(c5)C(=O)N(*)C6=O)cc4C3=O)cc2)cc1,PI987,4,38,1.7260747014216127,255074580.27304098,4,4147973042.5951223
*c1ccc2c(c1)C(=O)N(c1ccc(Oc3c(C)cc(C(c4cc(C)c(Oc5ccc(N6C(=O)c7ccc(C(*)(C(F)(F)F)C(F)(F)F)cc7C6=O)cc5)c(C)c4)c4cccc5ccccc45)cc3C)cc1)C2=O,PI1006,5,72,-0.6384630733003102,206060126.92585534,5,2344383325.8620567
*CC(*)c1cc(C)ccc1C,PI192,1,10,-0.2545970330671865,0.0,1,2637183402.97181
*CC(*)OC(=O)c1ccc(CC)cc1,PI344,2,13,-0.7892892983090577,238358551.4032159,2,2229338165.0921316
*CCC(C)C(*)C,PI51,2,6,0.019736401838328824,324682376.8835841,2,2846435700.584114
*CC(*)c1ccccc1C,PI83,1,9,-0.21923245834207256,0.0,1,2664158308.592996
*CC(*)c1ccccc1C(=O)OCCCCC,PI104,1,16,-0.8696170027885306,0.0,1,2168066899.597129
*CC(*)c1ccc(N(C)C)cc1,PI177,1,11,-0.7419225176669798,0.0,1,2265467948.84695
*CC(*)(C)C(=O)OC1CCCCC1,PI448,1,12,0.18180618475807997,0.0,1,2970057068.359302
*C=CCCCCCC*,PI57,1,8,-0.7506386237618691,0.0,1,2258819596.8981023
*CC(*)Cc1cc(C)ccc1C,PI291,1,11,-0.12052881839256625,0.0,1,2739446118.295249
*c1ccc(Oc2ccc(Oc3ccc(-n4c(=O)c5cc6c(=O)n(*)c(=O)c6cc5c4=O)cc3)cc2C(C)(C)C)cc1,PI1030,2,40,1.1367095810992653,257894943.81231612,2,3698425193.633589
*CC(*)C(=O)Oc1ccccc1C(=O)OC,PI465,2,15,1.3042169099772118,71751454.49848837,2,3826194138.19072
*CC(*)c1ccc(Cl)cc1Cl,PI191,1,10,-1.2879382345222303,0.0,1,1848985563.7386904
*CC(*)C(=O)OCC=C,PI427,2,8,-0.3939141843894524,11610814.12427872,2,2530916975.691352
*CC(*)N1CCCC1=O,PI408,1,8,0.609857406781939,0.0,1,3296560112.857311
*c1ccc(Oc2c(C)cc(Cc3cc(C)c(Oc4ccc(-n5c(=O)c6cc7c(=O)n(*)c(=O)c7cc6c5=O)cc4)c(C)c3)cc2C)cc1,PI997,1,47,-0.8884429540814198,0.0,1,2153707098.488193
*c1cc(C(c2ccc(O)c(N3C(=O)c4ccc(-c5ccc6c(c5)C(=O)N(*)C6=O)cc4C3=O)c2)(C(F)(F)F)C(F)(F)F)ccc1O,PI1097,2,45,-0.1209889170095586,600312708.3616078,2,2739095170.578041
*CC(*)(F)C(C)=O,PI320,1,6,2.0762152459164485,0.0,1,4415048448.288935
*CC(*)OC(=O)c1cccc([N+](=O)[O-])c1,PI369,2,14,1.2478553857731043,276886456.9362645,2,3783203467.2187223
*C(=O)Nc1cccc(C#Cc2cccc(N3C(=O)c4ccc(*)cc4C3=O)c2)c1,PI1018,4,28,1.5055588459773714,405449169.32254064,4,3979770980.6498013
*c1cccc(P(=O)(c2cccc(-n3c(=O)c4c(-c5ccccc5)c5c(=O)n(*)c(=O)c5c(-c5ccccc5)c4c3=O)c2)c2cc(C(F)(F)F)cc(C(F)(F)F)c2)c1,PI1057,5,56,-1.2659607428474242,588380463.5050745,5,1865749253.6268456
