smiles_list,monomer_ID,replicate_count,observed_standardized,predicted_standardized,observed,predicted,residual
*CC(*)CCCCCCC,PI11,1,-0.7469301820712089,-0.5291227,14.781743785000012,15.7998295,1.0180856980322144
*C=CCC(C)(CC*)C(=O)OC,PI280,1,0.0162034807454816,0.09804164,18.348815185000003,18.731348,0.3825328527197236
*CC(*)c1ccc(CCCCCCCCC)cc1,PI126,1,-0.8752926990497532,-0.86881095,14.181746320000013,14.212044,0.030297442207018577
*C(F)(F)C(*)(F)OC(F)(F)F,PI315,2,0.3636409050070153,0.3049028,19.972821777500005,19.698267,-0.27455479446777886
*CCC1CC(OC(=O)CCCCCCCCCCOc2ccc(-c3ccc(C#N)cc3)cc2)CC1*,PI399,1,-0.9278525475265674,-0.62362397,13.936068869999996,15.358108,1.4220386968335
*CC(*)c1ccncc1,PI226,1,-0.4678827511272321,-0.3508756,16.086078999999994,16.633,0.5469204201660212
*C(=O)c1ccc2c(c1)C(=O)N(c1c(C(C)C)cc(Cc3cc(C(C)C)c(N4C(=O)c5ccc(*)cc5C4=O)c(C(C)C)c3)cc1C(C)C)C2=O,PI1071,5,0.8175923111208817,1.0375443,22.094700495,23.12281,1.0281098687695298
*CC(*)O,PI241,1,0.9209149530561244,-0.14534876,22.577655525,17.593681,-4.983974189550782
*C(=O)c1ccc2c(c1)C(=O)N(c1ccc(C(=O)Nc3ccc(N4C(=O)c5ccc(*)cc5C4=O)cc3)cc1)C2=O,PI991,5,2.6655231466314344,1.4965956,30.732376375,25.268528,-5.463848390380861
*CC(*)C(=O)OCCCCCCCC,PI421,1,-0.8531384009768782,-0.6945646,14.285300870000004,15.026514,0.7412131833447226
*c1cccc(P(=O)(c2cccc(-n3c(=O)c4c(-c5cc(C(F)(F)F)cc(C(F)(F)F)c5)c5c(=O)n(*)c(=O)c5c(-c5cc(C(F)(F)F)cc(C(F)(F)F)c5)c4c3=O)c2)c2cc(C(F)(F)F)cc(C(F)(F)F)c2)c1,PI1051,4,0.4281457015175898,0.82156616,20.274332804999993,22.113276,1.8389427229541084
*C(=O)c1ccc2c(c1)C(=O)N(c1ccc(Oc3c(C)cc(Cc4cc(C)c(Oc5ccc(N6C(=O)c7ccc(*)cc7C6=O)cc5)c(C)c4)cc3C)cc1)C2=O,PI999,3,1.2099066669959653,1.3040274,23.928472725,24.368416,0.43994310751953236
*C=CC(C)C(*)C(=O)OC,PI268,2,0.54880106508274,0.1905563,20.83830517,19.163784,-1.6745211429003923
*CC(*)c1ccc(CCCC)cc1,PI121,2,-0.7285247127047108,-0.6378362,14.8677754025,15.291676,0.4239001651269536
*CC(*)OC(=O)c1ccncc1,PI354,2,-0.575686936831019,-0.45042259,15.58217615,16.167692,0.5855160344482417
*CC(*)c1ccccc1C(=O)N(C)C,PI95,1,-0.6609623797906857,-0.595797,15.183578095,15.488177,0.30459920449951206
*c1ccc(Oc2ccc(N3C(=O)c4cccc(Oc5cccc6c5C(=O)N(*)C6=O)c4C3=O)cc2)cc1,PI1060,5,0.5893500034935273,1.3544276,21.027840720000007,24.604,3.576159371552727
*CC(*)C1CCCCC1,PI24,1,-0.6074716766378917,-0.5058917,15.433606584999993,15.908417,0.4748101630468824
*CC(*)c1cc(C(C)(C)C)ccc1C,PI193,2,-0.6403772826786772,-0.6757065,15.279797820000004,15.114661,-0.16513660326416435
*CC(*)c1ccc(C(=O)CC)cc1,PI167,1,-1.0966418109106613,-0.5662695,13.14710701,15.626196,2.4790888975927743
*CC(*)OC=O,PI270,1,0.0716465346851957,-0.0032629669,18.607969435,18.257826,-0.3501435835595714
*CC(*)c1ccccc1COCCCCC,PI90,2,-0.8696477340189023,-0.77281296,14.2081322525,14.660762,0.4526295806909175
*CC(*)c1ccc(CC)cc1,PI119,1,-0.6124179417476014,-0.51178145,15.410486545,15.880886,0.4703995328808599
*C1CCC1*,PI72,2,2.3709539197741782,-0.22173011,29.35548853,17.236656,-12.118832341035155
*Oc1ccc(C(C)(C)c2ccc(OC(*)=O)c(CC)c2)cc1CC,PI1118,2,0.094030085972929,0.6462258,18.712595570000005,21.293694,2.581097972480464
*CC(*)CCCCCCCC,PI12,1,-0.91814774400262,-0.59211147,13.98143147,15.505404,1.5239730023510738
*CC(*)N1CCCC1=O,PI408,1,-0.1719224869566592,-0.17575316,17.469468890000012,17.451565,-0.017904101181652976
*Cc1cc(*)c(O)cc1C,PI1138,1,0.1049745632300285,-0.06206316,18.763752704999995,17.982979,-0.7807738841992133
*CC(*)OC(=O)c1ccc(OC(C)=O)cc1,PI332,1,-0.3261274486827074,-0.5908464,16.748677585000003,15.511318,-1.2373593782128935
*CC(*)C(N)=O,PI455,1,-0.5120540009389055,-0.15835443,15.879611889999996,17.53289,1.6532784298242227
*c1ccc(Oc2c(C)cc(-c3cc(C)c(Oc4ccc(N5C(=O)c6ccc(Oc7ccccc7Oc7ccc8c(c7)C(=O)N(*)C8=O)cc6C5=O)cc4C(F)(F)F)c(C)c3)cc2C)c(C(F)(F)F)c1,PI1075,5,1.3078886804125256,1.0380367,24.386464365000005,23.12511,-1.2613537387793023
*c1ccc(Oc2ccc(Oc3ccc(N4C(=O)c5ccc(Oc6ccc(C7(c8ccc(Oc9ccc%10c(c9)C(=O)N(*)C%10=O)cc8)CCCCCCCCCCC7)cc6)cc5C4=O)cc3)c(C(C)(C)C)c2)cc1,PI1044,1,0.471627865266423,0.99013555,20.47757896000002,22.90121,2.423631824912089
*CCC=C(*)CCCCCCC,PI68,2,-0.7713595276394268,-0.5565276,14.667555112500004,15.671732,1.004176836352535
*CC(*)c1c(Cl)cccc1Cl,PI186,2,-0.0005741230678127,-0.36484757,18.270392605000005,16.567692,-1.7027008020214893
*CC(*)c1ccc(C(=O)N(CC)CC)cc1,PI156,1,-0.8990731410063058,-0.719341,14.070590779999998,14.910704,0.8401128790576191
*C(=O)Oc1ccc(OC(=O)c2ccc3c(c2)C(=O)N(C2CCC(N4C(=O)c5ccc(*)cc5C4=O)CC2)C3=O)cc1,PI1088,1,3.62507579668144,1.4159467,35.21755764999999,24.891556,-10.326001863867177
*CC(*)c1ccc(C(=O)CCN2CCCCC2)cc1,PI158,1,-0.8462523165239135,-0.8358002,14.317488095000003,14.366344,0.04885635690429346
*c1cccc(P(=O)(c2ccccc2)c2cccc(-n3c(=O)c4cc5c(=O)n(*)c(=O)c5cc4c3=O)c2)c1,PI1011,5,0.5617563913819682,0.8800098,20.898861500000013,22.386456,1.4875940358886588
*CC(*)c1ccc(C(C)=NO)cc1,PI138,2,-0.2623546794222403,-0.42056078,17.046766939999998,16.307274,-0.739493075253904
*C(=O)Oc1ccc(OC(=O)c2ccc3c(c2)C(=O)N(c2ccc(-c4ccc(N5C(=O)c6ccc(*)cc6C5=O)cc4C(F)(F)F)c(C(F)(F)F)c2)C3=O)cc1,PI1089,2,3.3531625519160047,1.2318039,33.9465693475,24.030827,-9.915742778896487
*CC(*)C(=O)c1ccc(C)cc1,PI330,1,-0.6758085709714193,-0.48412293,15.114183405000002,16.01017,0.8959865779101541
*CC(*)CCN(C(C)C)C(C)C,PI264,2,-0.9710355622353596,-0.664159,13.734221009999995,15.168637,1.4344162656958055
*CC(*)C(=O)C(C)C,PI247,1,-0.5122547682515162,-0.28141838,15.878673454999992,16.957659,1.078985312700203
*c1ccc2c(c1)C(=O)N(c1c(C(C)C)cc(Cc3cc(C(C)C)c(N4C(=O)c5ccc(C(*)(C(F)(F)F)C(F)(F)F)cc5C4=O)c(C(C)C)c3)cc1C(C)C)C2=O,PI973,5,0.6430519590814914,0.7490063,21.278856654999995,21.774113,0.4952560464160207
*c1cc(C(c2ccc(O)c(-n3c(=O)c4cc5c(=O)n(*)c(=O)c5cc4c3=O)c2)(C(F)(F)F)C(F)(F)F)ccc1O,PI979,4,0.6263278249005511,0.74412334,21.200684004999985,21.75129,0.5506053626757961
*CC(*)c1ccc(Br)cc1,PI136,1,0.0362375922617009,-0.16508076,18.442459470000024,17.50145,-0.9410098850390867
*CC(*)C(=O)Oc1cccc(N(C)C)c1,PI475,2,-0.9478374387625336,-0.5895167,13.842654652500002,15.517533,1.6748786498071269
*CC(*)C(=O)c1ccccc1O,PI302,1,-0.4101440629316932,-0.45984584,16.355963600000003,16.123646,-0.23231781752929948
*CC(*)c1ccccc1,PI82,1,-0.5970352881815437,-0.38507587,15.482388789999998,16.473139,0.9907500192041034
*c1ccc(Oc2ccc(C3(c4ccc(Oc5ccc(N6C(=O)c7ccc(Oc8ccc(C9(c%10ccc(Oc%11ccc%12c(c%11)C(=O)N(*)C%12=O)cc%10)CCCCCCCCCCC9)cc8)cc7C6=O)cc5)cc4)C4CC5CC(C4)CC3C5)cc2)cc1,PI1048,5,0.7620153156772351,0.956747,21.83492017,22.745144,0.9102237203808592
*CC(*)OC(=O)C(C)(C)CC(C)(C)C,PI367,1,-0.9170047126774352,-0.6712751,13.986774275000007,15.135375,1.1486007478881763
*c1ccc(Oc2ccc(C(C)(C)c3ccc(Oc4ccc(N5C(=O)c6ccc(C(c7ccc8c(c7)C(=O)N(*)C8=O)(C(F)(F)F)C(F)(F)F)cc6C5=O)cc4)cc3)cc2)cc1,PI982,1,1.179356692104926,1.0525733,23.785674750000016,23.19306,-0.5926148287353676
*CC(*)C(=O)NC(C)C,PI456,1,-0.091243149656593,-0.35187775,17.846583634999995,16.628315,-1.2182686630761665
*CC(*)c1ccc(CCCCCCCCCC)cc1,PI127,2,-0.9203854897277692,-0.88964677,13.970971705,14.114653,0.143680928666992
*CC(*)c1cc(Br)ccc1OC,PI200,1,-1.081822747123129,-0.24197719,13.216374899999996,17.142017,3.9256424645019568
*CC(*)CCCCCCCCCCCCCCCC,PI33,2,-1.036759653238887,-0.9530213,13.427010705,13.818424,0.3914135198535149
*CC(*)(C)CC,PI14,2,-0.0703909846421475,-0.24339058,17.9440517,17.13541,-0.8086413911621086
*/C=C/CCC*,PI58,1,0.6265776622016629,0.3495608,21.201851805,19.90701,-1.294842680244141
*CC(*)CC1CCCCC1,PI25,1,-0.8446068358150493,-0.5715269,14.325179469999997,15.601622,1.2764421578076206
*CC(*)c1ccccc1C(=O)OCCCCCC,PI106,1,-1.2743491737886323,-0.79291224,12.316459795000002,14.566813,2.2503536739331036
*CC(*)OC(=O)c1ccc(OC(=O)CCC)cc1,PI336,1,-0.6879161074000331,-0.6704785,15.057589850000005,15.139098,0.08150831741942888
*c1ccc2c(c1)C(=O)N(c1ccc(Oc3ccc(N4C(=O)c5ccc(C(C)(C)CCCCCCCCC(*)(C)C)cc5C4=O)cc3)cc1)C2=O,PI989,4,1.0778793862785887,0.95092684,23.3113452675,22.71794,-0.5934058906689437
*c1ccc(Oc2ccc3ccc(Oc4ccc(-n5c(=O)c6cc7c(=O)n(*)c(=O)c7cc6c5=O)cc4)cc3c2)cc1,PI1050,5,1.8227595455456265,1.133024,26.79309537500001,23.569105,-3.223990226684581
*c1ccc2c(c1)C(=O)N(c1ccc3c(c1)-c1cc(N4C(=O)c5ccc(C(*)(C(F)(F)F)C(F)(F)F)cc5C4=O)ccc1C3)C2=O,PI959,5,0.3311863180856574,0.94098103,19.821121185000003,22.67145,2.85032847625488
*CC(*)OC(=O)CC1CCCCC1,PI341,2,-1.192362463543079,-0.6818345,12.699685517500004,15.086018,2.386332091142574
*CC(*)(C)C(=O)OCCCCCCCCCCCC,PI447,2,-1.0377569983750576,-0.84910595,13.4223488725,14.304151,0.8818017088598626
*c1ccc2c(c1)C(=O)N(c1ccc(Oc3c(C)cc(Cc4cc(C)c(Oc5ccc(N6C(=O)c7ccc(C(*)(C(F)(F)F)C(F)(F)F)cc7C6=O)cc5)c(C)c4)cc3C)cc1)C2=O,PI1000,5,1.535862231093521,0.9851477,25.452067905,22.877895,-2.5741725497753905
*c1ccc(Oc2ccc(Oc3ccc(N4C(=O)c5ccc(Oc6ccc(C7(c8ccc(Oc9ccc%10c(c9)C(=O)N(*)C%10=O)cc8)CCC(c8ccccc8)CC7)cc6)cc5C4=O)cc3)c(C(C)(C)C)c2)cc1,PI1025,2,0.8619981283780662,1.0565786,22.30226403,23.21178,0.9095165180957032
*CC(*)c1cccc2ccccc12,PI217,2,-0.7904564989685204,-0.5608893,14.578291247499996,15.651344,1.0730530518164105
*CC(*)C(=O)Oc1ccc(OC)cc1,PI464,1,-0.8960534610084331,-0.5100845,14.084705494999998,15.888819,1.8041132458447287
*c1ccc(Oc2ccc(S(=O)(=O)c3ccc(Oc4ccc(N5C(=O)c6ccc(C(=O)c7ccc8c(c7)C(=O)N(*)C8=O)cc6C5=O)cc4)cc3)cc2)cc1,PI963,3,1.3947720439802105,1.3747001,24.79257823,24.698757,-0.09382105836914079
*c1ccc(S(=O)(=O)c2ccc(N3C(=O)c4ccc(C(c5ccc6c(c5)C(=O)N(*)C6=O)(C(F)(F)F)C(F)(F)F)cc4C3=O)cc2)cc1,PI975,5,1.2560763039360874,1.1003095,24.144280779999995,23.41619,-0.7280915862744095
*CC(*)c1cc(C)ccc1F,PI197,2,-0.1795991792812385,-0.37205234,17.433586172499993,16.534014,-0.8995724243310477
*CC(*)OC(C)C,PI274,1,-0.1376171063569948,-0.31917265,17.629820539999983,16.781187,-0.8486334825048658
*C(CC)C(*)CC,PI62,1,0.0996725998041948,-0.35277867,18.738970045,16.624104,-2.1148664988574204
*CC(*)C=O,PI242,1,0.2683825080753305,0.054123532,19.52756098,18.526064,-1.0014970609326177
*CC(*)CCC,PI4,2,-0.6841262511856703,-0.2789934,15.075304555000002,16.968994,1.8936895856249976
*CC(*)N1CCNC1,PI400,3,-0.6043872225009039,-0.39048293,15.44802407,16.447865,0.9998404624707025
*CC(*)c1ccc(C(C)=O)cc1,PI218,1,-0.4392262094485745,-0.48957235,16.22002661,15.984697,-0.23532926808105614
*C(F)C(*)(F)OC(F)(F)F,PI314,1,0.7561837947289751,0.25347823,21.80766223,19.457895,-2.349766951069334
*CC(*)OC(=O)c1ccc(Br)cc1,PI335,1,-0.139890281356204,-0.2628616,17.619195169999994,17.044397,-0.5747978158740175
*CC(*)CCc1ccccc1C,PI281,1,-0.7894349488381284,-0.56341696,14.583066220000015,15.63953,1.0564639618847504
*/C=C\CCCC*,PI60,2,-0.0153287935266413,0.13213857,18.201425705000005,18.890724,0.6892984771289008
*C(F)(F)C(*)(F)c1ccccc1,PI215,1,0.9560108885776418,-0.09056917,22.741702419999992,17.849735,-4.891967159990227
*Oc1ccc(OC(=O)Oc2ccc(-c3ccc(OC(*)=O)cc3)cc2)cc1,PI815,1,3.2265794694517163,1.3126602,33.35488939,24.408768,-8.946121689804684
*CC(*)c1c(C)cc(C)cc1C,PI210,1,-0.9919626538372164,-0.5594634,13.636402719999998,15.65801,2.0216068091137718
*CC(*)C(=O)Oc1ccc(C#N)cc1,PI476,2,-0.2975011108319076,-0.4899229,16.882484015000003,15.983059,-0.8994250855566435
*CC(*)CCCCCCCCCCCCCC,PI56,1,-1.118997759861873,-0.89959127,13.042609894999998,14.06817,1.025559698811037
*CC(*)C(=O)Oc1ccc(-c2ccccc2)cc1,PI472,1,-0.5843290461201464,-0.6352908,15.541780839999992,15.303574,-0.23820723160155488
*C1Cc2ccccc2C1*,PI386,1,-0.4144991337869741,-0.43325627,16.335606945000002,16.247932,-0.08767451091797085
*CC(*)c1ccccc1C(=O)OCCCCC,PI104,1,-0.7360801650500722,-0.7639351,14.832459390000006,14.702259,-0.13020032627930256
*CC(*)c1ccc(C(C)(C)C)cc1,PI122,1,-0.947051400615836,-0.6192679,13.846328784999995,15.378469,1.5321406821630905
*CC1(*)CCC(C)CC1,PI44,2,-0.6093554574830634,-0.4745966,15.424801337499996,16.054697,0.6298956992431677
*c1ccc(Oc2ccccc2Oc2ccc(N3C(=O)c4ccc(Oc5ccccc5Oc5ccc6c(c5)C(=O)N(*)C6=O)cc4C3=O)cc2C(F)(F)F)c(C(F)(F)F)c1,PI1073,5,0.3496990791804386,1.1215215,19.907654310000005,23.515339,3.607684587705073
*c1ccc(Oc2ccc(N3C(=O)c4ccc(Oc5ccc(C6(c7ccc(Oc8ccc9c(c8)C(=O)N(*)C9=O)cc7)CCC(c7ccccc7)CC6)cc5)cc4C3=O)cc2)cc1,PI1028,2,0.5526778434124067,1.1738523,20.85642616999999,23.759947,2.9035206531201254
*CC(*)c1ccc(C(=O)OCC)cc1,PI161,1,-0.4510631330149312,-0.6126484,16.164697965,15.40941,-0.7552874883154281
*c1ccc(Oc2c(C)cc(Cc3cc(C)c(Oc4ccc(-n5c(=O)c6cc7c(=O)n(*)c(=O)c7cc6c5=O)cc4)c(C)c3)cc2C)cc1,PI997,1,0.6649917924336392,1.1104445,21.381408745,23.463564,2.082155174067381
*/C=C\CC*,PI47,1,0.3195625820275902,0.25137132,19.766789029999995,19.448048,-0.31874139206054153
*CC(*)CCC1CCCCC1,PI42,1,-0.8545336411106933,-0.63369435,14.278779179999992,15.311036,1.0322569299243245
*CC(*)O[N+](=O)[O-],PI267,1,0.2720951314459836,0.02744016,19.54491468000001,18.401339,-1.1435761027295008
*CC(*)c1ccc(COC(C)CC)cc1,PI152,1,-0.8543733038829957,-0.7371616,14.279528635000004,14.827406,0.547877294565426
*CC(*)c1ccc(C(=O)CCCCC)cc1,PI170,1,-0.6669353482727705,-0.7323801,15.155658995,14.849755,-0.3059037078295894
*C(=O)Oc1ccc(C(C)(C)c2ccc(OC(=O)c3ccc4c(c3)C(=O)N(c3ccc(-c5ccc(N6C(=O)c7ccc(*)cc7C6=O)cc5)cc3)C4=O)cc2)cc1,PI958,2,2.3774432848211857,1.3840405,29.3858213925,24.742416,-4.643405010664061
*CCC=C(*)C,PI522,1,-0.3927855221421021,-0.17380312,16.43710161999999,17.46068,1.023578387934581
*CC(*)c1ccccc1COC,PI85,2,-0.600282386872217,-0.50457335,15.467211064999994,15.914579,0.44736832647949853
*CC(*)c1ccc(S(=O)(=O)OCCC)cc1,PI185,2,-1.054203349012338,-0.61042166,13.345474649999993,15.419819,2.0743442281738353
*CC1CC(*)C(OC(=O)CCCCCCCCCCOc2ccc(-c3ccc(C#N)cc3)cc2)C1OC(=O)CCCCCCCCCCOc1ccc(-c2ccc(C#N)cc2)cc1,PI397,1,-0.7184431619971426,0.56012493,14.914899010000008,20.891237,5.976338248911125
*c1ccc(Oc2ccc(C3(c4ccc(Oc5ccc(N6C(=O)c7ccc(Oc8ccc(C9(c%10ccc(Oc%11ccc%12c(c%11)C(=O)N(*)C%12=O)cc%10)CCCCCCCCCCC9)cc8)cc7C6=O)cc5)cc4)CCC(C(C)(C)C)CC3)cc2)cc1,PI1047,3,0.4311286333109679,0.98030597,20.288275750000004,22.855265,2.566988913696285
*C(F)(F)C(*)(F)OC(F)(F)C(F)(F)F,PI311,1,0.3676495426848252,0.021581886,19.99155912000001,18.373957,-1.6176024397021571
*CC(*)OC(=O)C1CCCCC1,PI340,1,-0.6804029212661822,-0.49568003,15.092708299999993,15.956148,0.863439847583015
*CC(*)Cc1ccc(C)c(C)c1,PI292,2,-0.7111686589493914,-0.55671906,14.9489017975,15.670837,0.7219356048437504
*CC(*)c1ccc(C(C)C)cc1C(C)C,PI188,2,-1.2347707184044725,-0.78604525,12.501459072499998,14.598911,2.097452212900393
*/C=C/C(C*)OC,PI279,3,0.088672074956629,0.34243244,18.68755093,19.87369,1.1861387214892574
*CC(*)c1ccccc1COC(C)C,PI88,1,-0.842458852237893,-0.68032557,14.335219664999997,15.093071,0.757851318886722
*CC(*)c1cc(C)cc(C)c1,PI205,1,-0.5111166446739674,-0.49923843,15.883993319999991,15.939516,0.05552274750489161
*c1ccc(Oc2ccc(C3(c4ccc(Oc5ccc(N6C(=O)c7ccc(Oc8ccccc8Oc8ccc9c(c8)C(=O)N(*)C9=O)cc7C6=O)cc5C(F)(F)F)cc4)c4ccccc4-c4ccccc43)cc2)c(C(F)(F)F)c1,PI1078,5,0.7459771622428024,1.092058,21.75995396000001,23.37762,1.617666737021473
*CC(*)c1ccccc1C(=O)OCCCC,PI102,1,-1.0310166364806406,-0.72511804,13.453854954999992,14.883699,1.429844462114266
*CC(*)c1ccc(C(C)CC)cc1,PI123,1,-1.3373945502402802,-0.6510201,12.021770449999996,15.230051,3.2082805906494176
*c1ccc2c(c1)C(=O)N(c1ccc(Oc3c(C)cc(C(c4cc(C)c(Oc5ccc(N6C(=O)c7ccc(C(*)(C(F)(F)F)C(F)(F)F)cc7C6=O)cc5)c(C)c4)c4cccc5ccccc45)cc3C)cc1)C2=O,PI1006,5,0.7956154300504312,0.98072565,21.99197523499999,22.857225,0.8652501830908292
*c1cc(C(c2ccc(O)c(N3C(=O)c4ccc(Oc5ccc6c(c5)C(=O)N(*)C6=O)cc4C3=O)c2)(C(F)(F)F)C(F)(F)F)ccc1O,PI1083,5,0.452004226723121,1.102086,20.385853325000003,23.424494,3.0386404646728487
*CCO*,PI524,1,0.8507422155967722,0.06745826,22.249651170000018,18.588394,-3.661257004960955
*c1ccc(Oc2c(C)cc(C(c3cc(C)c(Oc4ccc(N5C(=O)c6ccc(-c7ccc8c(c7)C(=O)N(*)C8=O)cc6C5=O)cc4)c(C)c3)c3cccc4ccccc34)cc2C)cc1,PI1005,5,1.485068889366357,1.1748344,25.214647535,23.764538,-1.4501097237207041
*CC(*)(C(=O)OC)c1ccccc1,PI220,2,-0.8751242177207936,-0.48570973,14.1825338425,16.002752,1.8202184615771486
*c1ccc2c(c1)C(=O)N(c1c(C)cc(Cc3cc(C)c(N4C(=O)c5ccc(C(*)(C(F)(F)F)C(F)(F)F)cc5C4=O)c(C)c3)cc1C)C2=O,PI971,5,0.6526820916744526,0.8939089,21.323870225,22.451424,1.127553420019531
*c1ccc(Oc2ccc(Oc3ccc(N4C(=O)c5ccc(-c6cccc7c6C(=O)N(*)C7=O)cc5C4=O)cc3)cc2)cc1,PI1108,2,1.152404514479516,1.4065942,23.65969375,24.84784,1.1881456054687511
*C=CCCCCCCCCCC*,PI78,2,1.0294562122827908,-0.07660338,23.085003635000003,17.915014,-5.16998936803223
*CC(*)c1cc(Br)ccc1OCCC,PI201,2,-0.510260043214179,-0.40801415,15.887997282499995,16.365921,0.4779237380078172
*CC(*)C1CCC(C)CC1,PI66,1,-0.7557307598358264,-0.580981,14.740607755000005,15.557431,0.8168234660082963
*C(F)(F)C(*)(F)F,PI513,1,1.83156489841605,0.22959316,26.834253725000018,19.34625,-7.4880031909424005
*CCCC(*)(C)C,PI17,1,0.015521746676857,-0.3060574,18.345628595,16.842491,-1.5031374450976571
*c1cccc(Oc2cccc(Oc3cccc(N4C(=O)c5ccc(-c6cccc7c6C(=O)N(*)C7=O)cc5C4=O)c3)c2)c1,PI1110,1,0.7723741300580707,1.3768978,21.883339775,24.70903,2.825690376367188
*CC(*)C(=O)c1ccc(C(C)C)cc1,PI326,2,-0.7328851095572586,-0.6334914,14.847393852500012,15.311985,0.4645911633691284
*c1ccc(Oc2ccc(Oc3ccc(N4C(=O)c5ccc(Oc6ccccc6Oc6ccc7c(c6)C(=O)N(*)C7=O)cc5C4=O)cc3C(F)(F)F)cc2)c(C(F)(F)F)c1,PI1072,5,1.3162862398888897,1.1366973,24.425716589999983,23.586275,-0.8394414892919748
*CC(*)OC1CCCCC1,PI308,2,-0.925157181076815,-0.53504324,13.948667665000002,15.772156,1.823488096718748
*C(C)C(*)OCCC,PI289,1,-0.2535807701528864,-0.38354442,17.08777831500001,16.480297,-0.6074812263769616
*CC(*)C(=O)c1ccc(C(C)(C)C)cc1,PI323,1,-1.0281725539388298,-0.6593623,13.467148884999997,15.191058,1.723909273874515
*CC(*)OCC(CC)CCCC,PI306,1,-0.7101374077807956,-0.63256794,14.953722115,15.316301,0.3625792308251956
*CC(*)CCCCCCCCCCCCCCCCCCCC,PI54,3,-0.8816102357010285,-1.0020171,14.152216625000005,13.589407,-0.5628096578369188
*CC(*)C(=O)c1ccc(C)c(C)c1,PI328,1,-0.6080983836023732,-0.54434305,15.430677204999991,15.728685,0.2980081740283289
*CC(*)c1ccc(OC)cc1,PI178,1,-0.3137992593642107,-0.45217806,16.806302525000007,16.159487,-0.6468157543701238
*CC(*)C(=O)OCCCCCCC,PI420,1,-0.5370590393175997,-0.63700587,15.762732290000006,15.295557,-0.4671752679052794
*CC(*)C(=O)N1CCCCC1,PI461,1,-0.8358355611974884,-0.49235445,14.366178530000004,15.971693,1.6055145089404252
*CCCC=C(*)c1ccc(OC)cc1,PI389,2,-0.4495289104528784,-0.41102824,16.1718692925,16.351831,0.17996214365722807
*CC(*)C(=O)OC,PI411,1,-0.0912802230475058,-0.22363368,17.846410345,17.227758,-0.6186519374072255
*CCCCCCCCCCCCSC(=O)S*,PI1125,1,1.5319671524703629,0.21734312,25.433861365,19.288992,-6.144869436899413
*CC(*)c1ccc(C(=O)CCC)cc1,PI168,2,-0.7761475093303929,-0.6274245,14.6451749275,15.340343,0.6951685478417975
*CC(*)CC1CCCC1,PI23,1,-0.605287738567822,-0.5019449,15.443814839999993,15.926865,0.4830497840234447
*CC(*)C(C)CC,PI35,1,-0.5990860816683397,-0.35257912,15.472802885000007,16.625036,1.1522333546240162
*CC(*)CCCCCCCCCC,PI31,1,-0.9161986044315684,-0.7144975,13.99054222,14.933343,0.9428007136547851
*CC(*)c1ccc(COCCOCCCC)cc1,PI154,1,-0.8945046376832304,-0.8108964,14.091945069999994,14.482751,0.39080582263916597
*CC(*)C(C)=O,PI246,1,-0.3472399885357375,-0.15609348,16.649992465000004,17.543459,0.8934664735986289
*CC(*)c1ccccc1C,PI83,1,0.0931061286719948,-0.43996873,18.70827676999999,16.216557,-2.491720220927725
*CC(*)c1ccc(COCCCCCC)cc1,PI153,1,-1.0011864627931533,-0.81072295,13.593288404999992,14.4835615,0.8902731108081134
*CCCCCCN1C(=O)c2ccc(C(c3ccc4c(c3)C(=O)N(*)C4=O)(C(F)(F)F)C(F)(F)F)cc2C1=O,PI970,4,0.6986486315124392,0.5807611,21.538728955,20.987694,-0.5510351683789061
*C#C/C(COS(=O)(=O)c1ccc(C)cc1)=C(/*)COS(=O)(=O)c1ccc(C)cc1,PI269,1,0.4643829001631537,0.31728995,20.44371424000001,19.756166,-0.6875477818701263
*CC(*)(C)C(=O)OC,PI437,1,-0.322168316892953,-0.26107723,16.767183525,17.052738,0.28555466469726554
*CC(*)OC(=O)c1ccc(OC)cc1,PI359,2,-0.8214349652620835,-0.5501845,14.433490400000002,15.701382,1.2678912833496074
*Oc1ccc(S(=O)(=O)c2ccc(Oc3ccc(-c4ccc(*)cc4)cc3)cc2)cc1,PI545,1,0.8946595162106691,0.90249145,22.45493126000001,22.49154,0.03660964881346729
*CC(*)c1cccc(C)c1,PI113,1,-0.4649075852989411,-0.44080308,16.09998564500001,16.212656,0.11267037611815311
*c1ccc(Oc2ccc(Oc3ccc(N4C(=O)C5CCC6C(=O)N(*)C(=O)C6C5C4=O)cc3)cc2)cc1,PI1067,3,1.9017389901056816,1.5688843,27.162264410000017,25.606422,-1.5558419856836103
*c1ccc(Oc2ccc(Oc3ccc(N4C(=O)c5ccc(Oc6ccc(C7(c8ccc(Oc9ccc%10c(c9)C(=O)N(*)C%10=O)cc8)CCC(C(C)(C)C)CC7)cc6)cc5C4=O)cc3)c(C(C)(C)C)c2)cc1,PI1014,5,0.7775919547076059,1.0237327,21.907729150000016,23.05825,1.150521277246078
*c1ccc(Oc2c(C)cc(C(c3cc(C)c(Oc4ccc(-n5c(=O)c6cc7c(=O)n(*)c(=O)c7cc6c5=O)cc4)c(C)c3)c3cccc4ccccc34)cc2C)cc1,PI1004,5,1.5668893667758657,1.1487668,25.59709624499998,23.64269,-1.9544055864306458
*c1ccc(S(*)(=O)=O)cc1,PI1137,1,1.1760173185593688,0.5130569,23.770065709999987,20.671228,-3.09883730118651
*c1ccc(S(=O)(=O)c2ccc(N3C(=O)c4ccc(Oc5ccc6c(c5)C(=O)N(*)C6=O)cc4C3=O)cc2)cc1,PI987,4,1.3295767777599754,1.3693727,24.487839779999995,24.673857,0.18601695522949768
*CC(*)c1ccc(COCC(CC)CCCC)cc1,PI235,2,-0.9821399263797538,-0.8711201,13.682316525000008,14.201251,0.5189345049682537
*C(F)(F)C(*)(F)c1c(F)c(F)c(F)c(F)c1F,PI216,2,0.4132553539792989,0.14004049,20.204731717499996,18.92766,-1.2770717290966758
*CC(*)OC(=O)CCCC(=O)c1ccccc1,PI333,1,-1.0864645489621465,-0.6920521,13.19467799500001,15.038258,1.8435796038769432
*CC(*)CNc1ccc([N+](=O)[O-])c(C(F)(F)F)c1,PI395,1,-0.6215818800332908,-0.6356274,15.367652079999994,15.302001,-0.06565108054931024
*CC(*)CCCCCCCCCCCCC,PI61,1,-1.123770931664868,-0.8630797,13.020298935000008,14.238833,1.2185344924291908
*CC(*)c1ccc(COCCO)cc1,PI148,1,-0.4986196750475469,-0.6520908,15.942407180000007,15.225047,-0.7173600684887766
*c1cccc(P(=O)(c2ccccc2)c2cccc(-n3c(=O)c4c(-c5ccccc5)c5c(=O)n(*)c(=O)c5c(-c5ccccc5)c4c3=O)c2)c1,PI1059,4,0.1400360182944314,1.0539099,18.92763842999999,23.199306,4.271668058037118
*CC/C=C(\*)C(C)(C)C,PI81,1,-0.3041930408091997,-0.32349503,16.85120431500001,16.760983,-0.09022180157227666
*CC(*)c1ccc(COCCC)cc1,PI149,1,-1.5224372650697329,-0.6684783,11.156836025,15.148447,3.9916110117431636
*C=CCCCCCCCC*,PI53,2,0.5928301651076847,0.038344383,21.0441078375,18.452309,-2.591799182714844
*c1ccc(Oc2ccc(S(=O)(=O)c3ccc(Oc4ccc(-n5c(=O)c6cc7c(=O)n(*)c(=O)c7cc6c5=O)cc4)cc3)cc2)cc1,PI966,5,1.552448210253106,1.1932566,25.529594785,23.850647,-1.6789478123437505
*CC(*)C(=O)c1ccc(Br)c(OC)c1,PI322,2,-0.5191842923682883,-0.41395926,15.846283182500002,16.33813,0.49184776842773203
*CC(*)c1cc(C)c(C)cc1C,PI211,1,-0.624463695966075,-0.5561318,15.354181775000006,15.673582,0.31940030202636116
*C(F)(F)C(*)(F)OC(F)(F)C(F)(F)C(F)(F)C(F)(F)F,PI310,1,0.1228379131442134,0.0023786947,18.847250325,18.284195,-0.5630553787109385
*CCCCCCOC(=O)CCCCCNC(=O)CCCCC(=O)NCCCCCC(=O)O*,PI598,1,0.5319706537765307,0.025728121,20.759635754999977,18.393337,-2.3662985052441172
*CC(*)Cc1cccc(C)c1,PI294,1,-0.6168835107334152,-0.49860665,15.389613394999998,15.942469,0.5528552481884788
*c1cccc(P(=O)(c2ccccc2)c2cccc(-n3c(=O)c4c(-c5ccc(C(F)(F)F)cc5)c5c(=O)n(*)c(=O)c5c(-c5ccc(C(F)(F)F)cc5)c4c3=O)c2)c1,PI1056,5,0.1145134778239696,0.9673896,18.808339900000018,22.79489,3.9865495500732244
*C(=O)c1ccc2c(c1)C(=O)N(c1c(C)cc(C(c3cc(C)c(N4C(=O)c5ccc(*)cc5C4=O)c(C)c3)c3cccc4ccccc34)cc1C)C2=O,PI1002,5,0.7598130377350661,1.2775434,21.82462619,24.244625,2.4199989015527343
*CC(*)CNc1ccc([N+](=O)[O-])cc1C,PI394,1,-0.5899747840035859,-0.6241862,15.515391294999995,15.355479,-0.15991205458251478
*CC(*)SC,PI317,2,-0.0862938669452943,-0.07428088,17.869717780000002,17.92587,0.05615311538574019
*CC(CCl)O*,PI526,1,-0.168101657805778,-0.019104635,17.487328370000004,18.183777,0.6964484854687463
*CC(*)C(=O)OCCC#N,PI460,1,-0.2549424412073056,-0.28597125,17.081413535000003,16.936378,-0.14503505599609667
*CC(*)c1ccc(COC)cc1,PI147,2,-0.7060168423288788,-0.503158,14.972982635000008,15.921195,0.9482123952123942
*CC(*)C(=O)OC(F)(C(F)(F)F)C(F)(F)F,PI432,1,-0.5886451769716874,-0.4517646,15.521606200000017,16.161419,0.6398127147949051
*CC(*)c1ccc(C(=O)OCC(C)C)cc1,PI165,1,-0.7178872237266473,-0.7340585,14.917497599999995,14.841909,-0.07558819143065953
*CC(*)(C)C(=O)Oc1ccccc1,PI449,1,-0.6980761408866029,-0.48740637,15.010099395,15.994822,0.9847221534619148
*CCCC=C(*)c1ccccc1,PI390,1,-0.4252670284015344,-0.34413588,16.285275199999994,16.664503,0.37922789753418584
*CC(*)c1ccc2ccccc2c1,PI225,2,-0.8338561611048974,-0.5595185,14.375430724999998,15.657752,1.2823213120483423
*CC(*)OC(=O)C(C)(C)C(C)C(C)C,PI366,3,-0.9372159641458094,-0.7140913,13.892301995000006,14.935242,1.0429397042187443
*CC(*)c1ccc(C(=O)CCCC)cc1,PI169,3,-0.931057698239146,-0.6857034,13.921087220000008,15.067933,1.1468458625805589
*CC(*)c1ccc(COCCCC)cc1,PI150,2,-0.7744040640740457,-0.72484577,14.653324212499992,14.884973,0.23164835982666787
*CC(*)c1ccc(C(=O)N2CCCCC2)cc1,PI157,2,-0.981095022730109,-0.7589638,13.687200657500004,14.725496,1.0382956346142542
*CC(*)P(=O)(OCC)N(C)C,PI381,3,-0.8206109728329745,-0.4915173,14.43734194000001,15.975606,1.5382640246606343
*CC(*)c1ccc(-c2ccccc2)cc1,PI132,1,-1.285191040825196,-0.6478573,12.265782285000004,15.244835,2.97905261490234
*CC(*)c1ccc(C(=O)N2CCOCC2)cc1,PI159,2,-0.5728905010522873,-0.71079904,15.5952473675,14.95063,-0.6446171795117195
*c1cccc(N2C(=O)c3ccc(-c4cccc5c4C(=O)N(*)C5=O)cc3C2=O)c1,PI1103,1,0.7283206362382395,1.3845626,21.67742308499999,24.744858,3.0674347030859472
*CC(*)CCCC(C)(C)C,PI41,1,-0.9187854046148272,-0.5135053,13.97845089000001,15.872829,1.8943785472558492
*c1ccc(Sc2ccc3c(c2)Sc2ccc(Sc4ccc(-n5c(=O)c6cc7c(=O)n(*)c(=O)c7cc6c5=O)cc4)cc2S3)cc1,PI1086,2,1.793908454674886,1.7936835,26.658238394999984,26.657188,-0.0010499794726399614
*c1ccc(Oc2c(C)cc(C(C)(C)c3cc(C)c(Oc4ccc(N5C(=O)c6ccc(Oc7ccc(C8(c9ccc(Oc%10ccc%11c(c%10)C(=O)N(*)C%11=O)cc9)CCC(c9ccccc9)CC8)cc7)cc6C5=O)cc4)c(C)c3)cc2C)cc1,PI1023,5,0.8412848040576475,1.0734326,22.205444939999985,23.290562,1.0851167360254053
*CC(*)C(=O)OCCc1ccccc1,PI474,1,-0.7316214356759347,-0.6069536,14.85330057000001,15.436029,0.5827288642040909
*CC(*)OC(=O)CCl,PI372,1,-0.3843713995523119,-0.30362812,16.476431264999995,16.853846,0.37741433131348145
*c1ccc(-c2ccc(N3C(=O)c4ccc(-c5cccc6c5C(=O)N(*)C6=O)cc4C3=O)c(C)c2)cc1C,PI1104,2,1.189820140563865,1.1593614,23.834583440000003,23.692213,-0.14237038152832326
*CCC=C(*)C(C)C,PI69,1,-0.2958152107350501,-0.30764082,16.890364319999996,16.835089,-0.055275590141597775
*C=CCCCCCC*,PI57,1,0.5135172498997695,0.15384848,20.67338008000002,18.992203,-1.6811773212109564
*C(=O)c1ccc2c(c1)C(=O)N(c1c(C)cc(Cc3cc(C)c(N4C(=O)c5ccc(*)cc5C4=O)c(C)c3)cc1C)C2=O,PI1069,5,1.533096240358225,1.2718835,25.439138994999983,24.218168,-1.2209707363329905
*CC(C)C(*)(C)C,PI16,2,-0.2940895715744108,-0.31729627,16.898430375000004,16.789957,-0.10847332849121472
*CC(*)C(=O)Oc1ccc(C(=O)OCC)cc1,PI470,1,-1.0267090663754548,-0.62898123,13.473989580000008,15.333067,1.8590773603076087
*c1ccc(-c2ccc(N3C(=O)c4ccc(-c5cccc6c5C(=O)N(*)C6=O)cc4C3=O)cc2C(F)(F)F)c(C(F)(F)F)c1,PI1106,1,1.1303653944403789,1.1295023,23.556677570000016,23.552645,-0.004032840385757908
*CC(*)OC(=O)c1ccccc1Cl,PI337,1,-0.9590658214115336,-0.47732472,13.790170474999991,16.041946,2.2517759361328213
*CC(*)CC(C)(C)C,PI39,1,-0.7481684769711708,-0.38718265,14.775955695000002,16.463291,1.6873354732128885
*c1ccc(Oc2ccc(C3(c4ccc(Oc5ccc(N6C(=O)c7ccc(Oc8ccc(C9(c%10ccc(Oc%11ccc%12c(c%11)C(=O)N(*)C%12=O)cc%10)CCC(c%10ccccc%10)CC9)cc8)cc7C6=O)cc5)cc4)CC4CC3C3CCCC43)cc2)cc1,PI1039,2,0.764312875913792,1.03277,21.845659522499993,23.100494,1.254834862265632
*c1ccc(Oc2ccc(Oc3ccc(N4C(=O)c5ccc(-c6ccc7c(c6)C(=O)N(*)C7=O)cc5C4=O)cc3)c(-c3ccccc3)c2)cc1,PI1036,1,2.2280029624986115,1.4221535,28.687301164999987,24.920567,-3.766734606162096
*c1ccc(Oc2cc(C(C)(C)C)ccc2Oc2ccc(N3C(=O)c4ccc(-c5ccc6c(c5)C(=O)N(*)C6=O)cc4C3=O)cc2)cc1,PI1037,3,1.1184097799712245,1.32875,23.500794134999992,24.483976,0.9831822291357497
*CC(*)C(=O)OCC,PI412,1,-0.1553513551242685,-0.32274535,17.546926370000012,16.764486,-0.782440057133801
*CC(OC)C1C(=O)OC(=O)C1*,PI387,2,0.6354431098428401,0.21956992,21.2432910525,19.2994,-1.9438907229101545
*C=CC(C)CCCCC*,PI80,1,0.6725330718927152,0.08323745,21.41665851,18.66215,-2.7545090806787123
*Oc1ccc(-c2ccc(OC(=O)CCCCCCCCCCCC(*)=O)cc2)cc1,PI585,1,1.3307351409829025,0.39301825,24.49325425,20.11014,-4.383114403198242
*c1ccc(C(C)(C)c2ccc(N3C(=O)c4ccc(Oc5ccc6c(c5)C(=O)N(*)C6=O)cc4C3=O)cc2)cc1,PI985,4,1.5011642387057889,1.2663062,25.28988109249999,24.192099,-1.0977824749462783
*c1ccc2c(c1)C(=O)N(c1ccc(Oc3ccc4ccc(Oc5ccc(N6C(=O)c7ccc(C(*)(C(F)(F)F)C(F)(F)F)cc7C6=O)cc5)cc4c3)cc1)C2=O,PI1049,5,1.199538043538012,1.0815985,23.88000726999999,23.32873,-0.5512776404833879
*c1ccc(C(C)(C)c2ccc(C(C)(C)c3ccc(N4C(=O)c5ccc(Oc6ccc7c(c6)C(=O)N(*)C7=O)cc5C4=O)cc3)cc2)cc1,PI1084,4,0.6000926763714662,1.2407393,21.07805457249999,24.072594,2.9945391164648534
*CC(*)C1CCC1,PI21,1,-0.585952806729681,-0.36717558,15.534190990000008,16.55681,1.0226193890283124
*CC(*)OCCCCCCCCCCCCCCCCCC,PI402,1,-1.023453725706685,-0.96713555,13.489205829999998,13.752451,0.26324511299316633
*c1cccc(P(=O)(c2ccc(C(F)(F)F)cc2)c2cccc(-n3c(=O)c4c(-c5cc(C(F)(F)F)cc(C(F)(F)F)c5)c5c(=O)n(*)c(=O)c5c(-c5cc(C(F)(F)F)cc(C(F)(F)F)c5)c4c3=O)c2)c1,PI1052,5,0.3314627992791111,0.8430665,19.822413525000005,22.213774,2.391360202416987
*CC(CC(*)(C#N)C(=O)OC)c1ccccc1,PI238,2,0.2707316199862016,-0.5413258,19.538541297500004,15.742789,-3.7957520290063513
*CC(*)c1cc(C(C)C)ccc1C(C)C,PI194,1,-1.1593057244407947,-0.78604496,12.854200715000005,14.598913,1.7447124777490188
*CC(*)CCCCCCCCCCC,PI63,1,-1.10872820273433,-0.7709452,13.09061229,14.669493,1.578880431557618
*c1cccc(Oc2cccc(Oc3cccc(-n4c(=O)c5cc6c(=O)n(*)c(=O)c6cc5c4=O)c3)c2)c1,PI962,5,0.7161042832351715,1.0472589,21.620320895,23.168219,1.5478977176708995
*CC(*)CCCCCCCCCCCC,PI32,2,-1.0371803225174812,-0.8215969,13.425044395,14.4327345,1.0076900944409175
*CC(*)c1ccc(C(=O)OCCN(C)C)cc1,PI109,1,-0.6635771545633404,-0.7299948,15.171356004999996,14.860905,-0.31045131139648063
*CC(C)O*,PI525,1,-0.4354416450013325,0.0036340654,16.237716579999997,18.290064,2.0523472780322294
*c1ccc2c(c1)C(=O)N(c1ccc(Sc3ccc(Oc4ccc(Sc5ccc(N6C(=O)c7ccc(C(*)(C(F)(F)F)C(F)(F)F)cc7C6=O)cc5)cc4)cc3)cc1)C2=O,PI1115,1,1.1255756349210388,1.1359732,23.534289075,23.58289,0.0486004818847654
*c1ccc(C(c2ccc(N3C(=O)c4cc5c(cc4C3=O)C(C(F)(F)F)(C(F)(F)F)c3cc4c(cc3O5)C(=O)N(*)C4=O)cc2)(C(F)(F)F)C(F)(F)F)cc1,PI995,5,2.243334490127842,0.9375851,28.758964435000006,22.655577,-6.103387729067389
*CC(*)OC(=O)C(C)(C)C(C)(C)CC,PI365,2,-0.9437384532802736,-0.6826514,13.8618143025,15.082199,1.2203847941796884
*CC(*)c1nc(C)nc(C)n1,PI383,1,-0.8469426765901267,-0.47341776,14.314261184999989,16.060207,1.7459461819433706
*c1cccc(Oc2ccc(-n3c(=O)c4cc5c(=O)n(*)c(=O)c5cc4c3=O)cc2)c1,PI953,1,1.7070666154871994,1.0876523,26.252318625,23.357027,-2.895291571166993
*c1ccc(Oc2ccc(-c3ccc(Oc4ccc(N5C(=O)c6ccc(Oc7cccc(Oc8ccc9c(c8)C(=O)N(*)C9=O)c7)cc6C5=O)cc4)cc3)cc2)cc1,PI1038,3,1.8365873042137737,1.40087,26.857729665000004,24.821083,-2.036646596152348
*CC(*)C(=O)Oc1ccc(C(=O)OCCCC)cc1,PI471,2,-0.9151402296136932,-0.6689657,13.995489320000004,15.14617,1.1506803424755816
*CC(*)c1ccccc1COCCCC,PI89,2,-0.8803624387256036,-0.7260979,14.158049130000002,14.87912,0.721070743046873
*CC1CC(*)C(OC(=O)CCCCCCCCCCOc2ccc(-c3ccc(C#N)cc3)cc2)C1,PI398,1,-0.2993828191485204,-0.6088439,16.873688454999993,15.427193,-1.4464957670117116
*CC(*)(C)C(=O)OC(C)C,PI440,1,-0.3096997379661785,-0.4347048,16.825464680000003,16.241161,-0.5843033335644563
*CC(*)c1ccccc1COCCC(C)C,PI91,2,-0.8064168563663213,-0.7865608,14.503688674999996,14.596501,0.09281267540283622
*C(OC(F)(F)F)C(*)(F)F,PI313,1,0.2415460005420542,0.11418952,19.40212065,18.806826,-0.5952950121826177
*C(=O)Oc1ccc(OC(=O)c2ccc3c(c2)C(=O)N(c2ccc(C(=O)Nc4ccc(N5C(=O)c6ccc(*)cc6C5=O)cc4)cc2)C3=O)cc1,PI1095,2,3.9582965532261825,1.5856442,36.7751120975,25.684761,-11.090351050136718
*C(F)(F)C(*)(OC(F)(F)F)OC(F)(F)F,PI312,1,0.7134051963960857,0.26770437,21.607704710000004,19.524391,-2.0833135356835975
*CC(*)c1ccc(C(C)C)cc1,PI120,1,-0.5773929043528176,-0.58844984,15.574202044999996,15.52252,-0.05168197969237909
*c1ccc(Oc2ccc(NC(=O)CN3C(=O)c4ccc(C(c5ccc6c(c5)C(=O)N(CC(=O)Nc5ccc(Oc7ccc(-c8nnc(*)o8)cc7)cc5)C6=O)(C(F)(F)F)C(F)(F)F)cc4C3=O)cc2)cc1,PI1021,2,0.9250552757222524,1.0505782,22.597008395000003,23.183735,0.586726498798825
*CC(*)CCc1ccc(C)cc1,PI282,1,-0.9279883171344006,-0.5602535,13.935434250000004,15.654317,1.7188826521606408
*c1ccc2c(c1)C(=O)N(c1cc(C(c3ccc(O)c(N4C(=O)c5ccc(C(*)(C(F)(F)F)C(F)(F)F)cc5C4=O)c3)(C(F)(F)F)C(F)(F)F)ccc1O)C2=O,PI996,2,0.0361345977070557,0.86206055,18.441978048529407,22.302557,3.8605789430477415
*c1cccc(P(=O)(c2ccccc2)c2cccc(-n3c(=O)c4c(-c5cc(C(F)(F)F)cc(C(F)(F)F)c5)c5c(=O)n(*)c(=O)c5c(-c5cc(C(F)(F)F)cc(C(F)(F)F)c5)c4c3=O)c2)c1,PI1053,5,0.176080031605419,0.85918266,19.096116869999992,22.289104,3.1929875916699295
*CC(*)c1ccc(C(=O)c2ccc(C)cc2)cc1,PI174,1,-0.6794382514816057,-0.68999463,15.097217399999993,15.047875,-0.04934199564208264
*CC(*)C(=O)OCC(F)(F)C(F)(F)F,PI430,1,-0.2586926706755692,-0.4615179,17.063884054999992,16.115831,-0.9480526798779216
*c1ccc2c(c1)C(=O)N(c1ccc(Oc3ccc(-c4ccc(Oc5ccc(N6C(=O)c7ccc(C(*)(C(F)(F)F)C(F)(F)F)cc7C6=O)cc5)cc4)cc3)cc1)C2=O,PI981,2,1.8668550814764544,1.0825765,26.99920858,23.333302,-3.665907035810548
*CC(*)c1ccc(COCCOCC)cc1,PI133,2,-0.8042031589254848,-0.7394938,14.514036032500012,14.816504,0.30246749228026104
*C(=O)Nc1cccc(NC(=O)c2ccc(N3C(=O)c4ccc(*)cc4C3=O)cc2)c1,PI990,3,2.395509858596023,1.4335907,29.470268929999985,24.974026,-4.496243203681626
*CC(*)C1CC1,PI20,1,-0.5558261689294858,-0.29756162,15.67501018499999,16.882202,1.2071919634375092
*CC(*)NC(=O)OC(C)(C)C,PI348,2,-0.8420048599091001,-0.27383202,14.337341735,16.99312,2.6557784584814446
*CC(*)c1ccc(C(=O)OCCC)cc1,PI162,1,-0.5085602280268433,-0.6719616,15.895942630000002,15.132166,-0.7637767211865256
*CC(*)c1cccs1,PI373,1,0.1554118696880414,-0.1965989,18.999508880000008,17.354126,-1.6453829034375076
*CC(*)C(=O)Oc1cccc(C(=O)OC)c1,PI467,3,-0.4881965315195374,-0.5541327,15.991127475000004,15.682926,-0.3082012970214887
*c1ccc(S(=O)(=O)c2ccc(N3C(=O)c4ccc(C(=O)c5ccc6c(c5)C(=O)N(*)C6=O)cc4C3=O)cc2)cc1,PI976,5,1.507486849441832,1.3800334,25.319434505000007,24.723686,-0.5957482867382886
*CC(*)OC(=O)c1cccc(Cl)c1,PI338,1,-0.3393957957899131,-0.41807616,16.686658119999997,16.318888,-0.367770409428708
*CC(*)C(=O)N1CCOCC1,PI462,1,-0.6023149367592073,-0.44566113,15.457710435000006,16.189949,0.732238600644525
*CC(*)c1ccc(I)cc1,PI176,1,-0.0492276012510175,-0.024879113,18.04297447499999,18.156786,0.11381148996582979
*CC(*)C(=O)Oc1ccc(C(=O)OC)cc1,PI469,2,-0.96087422960766,-0.55170166,13.781717537500002,15.69429,1.9125726236328102
*CC(*)c1cc(Br)ccc1OCCCC,PI198,2,-0.4978546060762807,-0.46658304,15.945983297499998,16.092155,0.14617215904297076
*c1ccc(Oc2ccc(S(=O)(=O)c3ccc(Oc4ccc(N5C(=O)c6ccc(Oc7ccc8c(c7)C(=O)N(*)C8=O)cc6C5=O)cc4)cc3)cc2)cc1,PI964,5,1.5795791826444416,1.3873934,25.656411514999984,24.75809,-0.8983224494482265
*CC(*)OC(C)(C)C,PI272,1,-0.6257721669505626,-0.3443923,15.348065664999998,16.663303,1.3152377102441424
*CC(*)c1cc(Cl)ccc1Cl,PI195,2,-0.2286592923818812,-0.30322564,17.204267332500002,16.855726,-0.3485410904345727
*CC(*)c1ccc(OCCC(C)C)cc1,PI182,1,-0.7137260024847707,-0.7468015,14.936948155,14.782346,-0.15460238321044883
*C(=O)Nc1cccc(C#Cc2cccc(N3C(=O)c4ccc(*)cc4C3=O)c2)c1,PI1018,4,1.3942300753544865,1.3067389,24.790044937499992,24.38109,-0.40895477331542196
*c1ccc(Oc2ccc(Oc3ccc(N4C(=O)c5ccc(Oc6cccc7c6C(=O)N(*)C7=O)cc5C4=O)cc3)cc2)cc1,PI1063,5,1.3687544916956595,1.4261888,24.67096589500002,24.939428,0.26846243446775375
*CC(*)OCC(C)(C)C,PI276,1,-0.7235338954513412,-0.41413262,14.891103690000008,16.33732,1.4462166377587806
*CC(*)CCCCCC,PI30,1,-0.5104021823039847,-0.46639484,15.887332890000003,16.093035,0.20570185426269205
*CC(*)c1ccc(OCCCC)cc1,PI181,2,-1.0153242535493827,-0.6763631,13.527204949999994,15.111592,1.58438734278565
*c1ccc(Oc2ccc(N3C(=O)C4CCC5C(=O)N(*)C(=O)C5C4C3=O)cc2)cc1,PI1064,5,2.375165216515186,1.6629984,29.375173150000013,26.046333,-3.3288398370117314
*CC(*)C(=O)Oc1ccccc1C(=O)OC,PI465,2,-0.8198536848024881,-0.5642208,14.440881687499996,15.635773,1.1948910175781293
*CC(*)OCC(F)(F)F,PI376,2,-0.2290623229715898,-0.30507198,17.202383469999994,16.847097,-0.35528607314940785
*c1ccc(Oc2ccc(C3(c4ccc(Oc5ccc(N6C(=O)c7ccc(Oc8ccc(C9(c%10ccc(Oc%11ccc%12c(c%11)C(=O)N(*)C%12=O)cc%10)CCC(C(C)(C)C)CC9)cc8)cc7C6=O)cc5)cc4)CC4CC3C3CCCC43)cc2)cc1,PI1017,4,0.6268948537393773,0.9860637,21.203334435,22.882177,1.6788429179052748
*CC(*)(C)C,PI13,1,-0.106206354462812,-0.17405075,17.776641994999995,17.459522,-0.31711974768554185
*CC(*)c1ccccc1C(=O)OCCC,PI100,2,-0.8145395664646287,-0.67696214,14.465721162499996,15.108792,0.6430711424926798
*CC(*)CC(C)C,PI7,1,-0.6779620217452107,-0.35367185,15.104117655,16.619928,1.515810704985352
*c1cc(C(c2ccc(O)c(N3C(=O)c4ccc(-c5ccc6c(c5)C(=O)N(*)C6=O)cc4C3=O)c2)(C(F)(F)F)C(F)(F)F)ccc1O,PI1097,2,1.0865019431995488,1.0798244,23.351649184999992,23.320438,-0.03121079999022669
*c1c(C)cc(C(c2cc(C)c(N3C(=O)c4ccc(-c5ccc6c(c5)C(=O)N(*)C6=O)cc4C3=O)c(C)c2)c2cccc3ccccc23)cc1C,PI1001,5,1.9396102141267528,1.2117214,27.339283675,23.936956,-3.4023272693603523
*CC(*)c1cccc(Cl)c1,PI116,2,-0.4723314772751255,-0.31593394,16.065284577499995,16.796326,0.7310411060937554
*c1ccc(Oc2cccc(Oc3ccc(N4C(=O)c5ccc(-c6cccc7c6C(=O)N(*)C7=O)cc5C4=O)cc3)c2)cc1,PI1109,2,0.859971983272887,1.3971043,22.2927933375,24.80348,2.5106868108154288
*c1ccc2c(c1)C(=O)N(c1c(C)cc(C(c3cc(C)c(N4C(=O)c5ccc(C(*)(C(F)(F)F)C(F)(F)F)cc5C4=O)c(C)c3)c3cccc4ccccc34)cc1C)C2=O,PI1003,1,0.7582492515559134,0.94992614,21.81731667499999,22.71326,0.8959439756347756
*CC(*)OC(=O)C(F)(F)C(F)(F)C(F)(F)F,PI346,1,-0.0224963877959073,-0.48371607,18.167922635000007,16.012072,-2.155851025502937
*CC(*)c1ccc(COCCCCCCOc2ccc(-c3ccc(OC)cc3)cc2)cc1,PI234,1,-0.7433826100616074,-0.5619539,14.798325995000004,15.646368,0.8480420317333941
*CC(*)c1ccc(OCCC)cc1,PI180,2,-0.8409393422218207,-0.615442,14.342322222500002,15.396353,1.0540305454443342
*CC(*)(C)C(=O)OC1CCCCC1,PI448,1,-0.6315260614083956,-0.63915634,15.321170569999996,15.285505,-0.03566527520019136
*CC(*)C(=O)OCCCCCCCCCCCCCCCC,PI424,2,-1.0039222577232785,-0.9111337,13.580500637500004,14.014217,0.4337167392089807
*CC(*)OCC(C)(C)CC,PI316,1,-0.4344399499619876,-0.48380208,16.242398745000006,16.01167,-0.23072958606445937
*Oc1ccc2ccc(OC(=O)Oc3ccc(OC(*)=O)cc3)cc2c1,PI816,1,1.4135161773500111,1.2758436,24.88019284499997,24.23668,-0.6435137678515339
*CC(*)OC(=O)c1ccc(OCC)cc1,PI343,2,-0.8388469216645789,-0.6467569,14.352102702500009,15.249979,0.8978763166650303
*CCCC=C(*)c1ccc(Cl)cc1,PI391,2,-0.2566031687733883,-0.275887,17.073650892499998,16.983515,-0.09013610673339656
*CC(*)C(=O)OC(C)C,PI414,1,-0.6234069641953601,-0.3976628,15.359121195000004,16.414305,1.0551835382763635
*CC(*)C(=O)OC(F)(C(F)(F)F)C(F)(F)Cl,PI433,1,-0.138236877437501,-0.45146048,17.62692358,16.162842,-1.4640817831249997
*CC(*)P(=O)(Oc1ccccc1)N(C)C,PI382,1,-0.6918056332511852,-0.6557157,15.039409264999998,15.208103,0.16869391493164265
*c1ccc(Oc2cc(C(C)(C)C)ccc2Oc2ccc(-n3c(=O)c4cc5c(=O)n(*)c(=O)c5cc4c3=O)cc2)cc1,PI1032,3,1.0148112269884522,1.0064812,23.01654943,22.977613,-0.03893598090332162
*Oc1ccc(S(=O)(=O)c2ccc(OC(=O)c3ccc(C(*)=O)cc3)cc2)cc1,PI583,1,1.293684757008133,0.9476649,24.320071789999982,22.702692,-1.6173797581396308
*CC(*)c1ccccc1COCC,PI86,1,-0.6812776374278694,-0.6072665,15.08861966499999,15.4345665,0.34594683280274374
*CC(*)c1ccc(C(=O)CCCCCCC)cc1,PI171,2,-1.025405007336288,-0.8004825,13.4800850675,14.531428,1.0513432695971687
*c1ccc(Oc2ccc(-c3ccc(Oc4ccc(N5C(=O)c6ccc(Oc7ccc(C8(c9ccc(Oc%10ccc%11c(c%10)C(=O)N(*)C%11=O)cc9)CCCCCCCCCCC8)cc7)cc6C5=O)cc4)cc3C)c(C)c2)cc1,PI1042,1,1.3762135610333992,1.040735,24.70583139000002,23.137724,-1.5681074672705293
*CC(*)c1ccc(OCC)cc1,PI179,2,-0.6953128473800931,-0.55210906,15.023015697500004,15.692386,0.6693699760229457
*CC(*)C(=O)OC1CC2CCC1(C)C2(C)C,PI428,1,-1.0030923621979824,-0.83072233,13.584379769999998,14.3900795,0.8056997282910174
*c1ccc(Oc2ccc(Oc3ccc(-n4c(=O)c5cc6c(=O)n(*)c(=O)c6cc5c4=O)cc3)cc2C(C)(C)C)cc1,PI1030,2,1.9734332822976737,1.0118192,27.497380880000016,23.002565,-4.494815496088883
*CC(*)OC(=O)C(C)(C(C)C)C(C)C,PI356,2,-0.9293566229544478,-0.7186322,13.9290384575,14.914016,0.9849773124584953
*CCCCOC(=O)NCC(F)(F)C(F)(F)C(F)(F)C(F)(F)CNC(=O)O*,PI658,1,0.8357000043972351,0.55021524,22.179340235,20.844917,-1.3344229376367203
*CC(*)OC(=O)c1ccc(C#N)cc1,PI403,2,-0.5593384132857803,-0.53044134,15.658593104999998,15.793666,0.13507278092529518
*CC(*)C(=O)OCC(F)(F)C(F)(F)C(F)(F)F,PI436,1,-0.3006432513277461,-0.50244725,16.867796890000015,15.924517,-0.9432802121435699
*CC(*)OC(=O)c1cccc([N+](=O)[O-])c1,PI369,2,-0.4013198529930139,-0.5652531,16.397210092499993,15.630947,-0.7662629794628835
*CC(*)OC(=O)c1ccccc1OC(C)=O,PI331,2,-0.6069284532632642,-0.60334134,15.436145742499995,15.452913,0.01676754180176232
*Oc1ccc(OC(=O)c2ccc(-c3ccc(C(*)=O)cc3)cc2)cc1C,PI582,2,4.797212364105039,0.7402124,40.696407595,21.73301,-18.96339825662109
*CC(*)CNc1ccc([N+](=O)[O-])cc1[N+](=O)[O-],PI396,1,-0.5771970897149103,-0.6273631,15.575117330000008,15.34063,-0.23448775236328956
*CC(*)c1ccc(C(C)(O)CC)cc1,PI140,2,-0.6527240707347766,-0.67056984,15.222085944999998,15.138672,-0.08341406999999812
*CC(*)OC(=O)CCCCCCC,PI370,1,-0.7849051448380514,-0.64642656,14.604239620000012,15.251523,0.6472833978832888
*Oc1cccc2c(OC(=O)Oc3ccc(OC(*)=O)cc3)cccc12,PI817,1,1.5083752726388686,1.2458086,25.323587210000007,24.096287,-1.227300436318366
*CC(*)c1ccccc1C(=O)OCCC(C)C,PI105,2,-0.9935137898368712,-0.77803856,13.629152335,14.636336,1.0071839915991205
*CC(*)C(=O)c1ccc(CC)cc1,PI325,1,-0.6026668387378521,-0.55856264,15.456065560000004,15.66222,0.20615444122069881
*Oc1ccc(C2(c3ccc(OC(*)=O)cc3)CCCCC2)cc1,PI801,1,0.4909834656964901,0.63630867,20.56805172,21.247337,0.679285621308594
*CC*,PI1,1,1.321291610838954,-0.0814613,24.449112904999986,17.892307,-6.556805623505845
*CC(*)OC(=O)C(F)(F)C(F)(F)C(F)(F)C(F)(F)C(F)(F)F,PI350,1,-0.4507657692911138,-0.42164972,16.16608791499999,16.302185,0.13609714359375857
*CC(*)c1ccc(C(=O)C(F)(F)F)cc1,PI223,1,-1.160141953078532,-0.5638739,12.85029198,15.637394,2.787101971416016
*CC(*)CCCCCCCCC,PI64,3,-0.9103946483806044,-0.6550944,14.017671314999998,15.211007,1.1933358032251
*OC(C)COC(*)=O,PI1116,2,0.2743741437553169,0.46640664,19.555567335000006,20.453175,0.8976072560644468
*Cc1cccc(COC(=O)Nc2ccc(Cc3ccc(NC(=O)O*)cc3)cc2)c1,PI660,4,0.7347436883939621,0.86677784,21.707445985,22.324606,0.6171599567724613
*CC(*)c1ccc(CCCCCCCCCCCC)cc1,PI128,2,-0.9794852071624286,-0.9152641,13.694725324999997,13.994911,0.3001858688476595
*Oc1ccc(C(C)(CCC#N)c2ccc(OC(*)=O)cc2)cc1,PI1119,2,0.7326332697312677,0.8271115,21.6975813775,22.139196,0.44161501837402284
*C(C)C(*)C,PI49,1,0.7133010704217548,-0.23133698,21.607218,17.191751,-4.4154665198974605
*CCCCCCCC(*)C,PI19,1,0.2298532853849904,-0.532066,19.34746607,15.786072,-3.5613942926562494
*CC(*)c1ccccc1C(=O)OC,PI98,1,-1.1494189341895076,-0.5197632,12.900413965000007,15.843578,2.9431643736230395
*CC(*)c1ccc(CCCCCC)cc1,PI124,2,-0.8320232275417473,-0.754088,14.383998300000004,14.748287,0.3642889009277308
*CC(*)c1ccccc1C(=O)OCC,PI99,2,-0.6644295344830131,-0.6174834,15.167371775000005,15.38681,0.21943852773437023
*/C=C/CCCCCCCCCC*,PI55,1,0.8041293303159178,-0.052328028,22.031771265,18.028482,-4.003288827866211
*CC(*)c1ccc(C(O)CCN(C)C)cc1,PI144,2,-0.8790484775461014,-0.7765772,14.164190902500003,14.6431675,0.47897659322753583
*CC(OC)C(C(=O)O)C(*)C(=O)O,PI388,1,0.5677012312389862,-0.30773336,20.92664912,16.834658,-4.091991450932618
*CC(*)c1cccc(CC)c1,PI114,1,-0.0558290898257949,-0.5138992,18.012117519999997,15.870988,-2.141129627849118
*CC(*)c1ccccc1C(=O)OCC(C)C,PI103,1,-0.7087103956504196,-0.7390045,14.960392314999996,14.818791,-0.1416009255346644
*C=CC(C*)OC,PI303,3,0.1782480569349044,0.32087922,19.106250745,19.772943,0.666692751704101
*CC(*)(C)C(=O)OCC(C)C,PI443,1,-0.5580047178904475,-0.4986683,15.664827119999996,15.942181,0.27735351354492543
*CC(*)c1ccccc1C(=O)OC(C)C,PI101,2,-0.6247138718247548,-0.6893189,15.353012392499997,15.051034,-0.30197841880614895
*CC(*)CNc1ccc([N+](=O)[O-])cn1,PI393,3,-0.7359528310346216,-0.5300358,14.833054579999992,15.795561,0.9625062567920004
*C1CCC(N2C(=O)c3ccc(-c4ccc5c(c4)C(=O)N(*)C5=O)cc3C2=O)CC1,PI978,5,2.357379585084953,0.81990767,29.292038805,22.105524,-7.186514741889649
*CC(*)C(=O)Oc1ccccc1,PI463,1,-0.1567068262429245,-0.44561166,17.54059057,16.19018,-1.3504107451708975
*CC(*)c1ccc(Cl)c(C)c1,PI207,2,-0.5782638514541748,-0.42967167,15.5701310275,16.264687,0.6945555569726558
*CC(*)C(=O)OCC=C,PI427,2,-0.341759357102491,-0.25260785,16.675610262500008,17.092327,0.41671685541991366
*CC(*)Cc1ccccc1,PI26,1,-0.5416544272137575,-0.44266436,15.741252335000002,16.203957,0.46270426900390405
*c1ccc(Oc2ccc(C(c3ccc(Oc4ccc(N5C(=O)c6ccc(Oc7ccc(C8(c9ccc(Oc%10ccc%11c(c%10)C(=O)N(*)C%11=O)cc9)CCC(C(C)(C)C)CC8)cc7)cc6C5=O)cc4)cc3)(C(F)(F)F)C(F)(F)F)cc2)cc1,PI1013,4,1.072742799935068,1.0263774,23.287335620000015,23.070614,-0.21672175891603018
*Oc1ccc(Oc2ccc(Oc3ccc(S(=O)(=O)c4ccc(*)cc4)cc3)cc2)cc1,PI546,1,0.7069833840135806,0.9223144,21.57768760500001,22.584198,1.0065103930468666
*CC(*)C,PI2,1,0.2832167454461681,-0.15732947,19.59689979500001,17.537682,-2.0592182154101657
*C(c1ccccc1)C(*)[N+](=O)[O-],PI222,1,1.2461517813635177,-0.4743298,24.097891160000003,16.055944,-8.04194671725098
*CC(*)C(=O)O,PI410,2,-0.0928096052525304,-0.09861364,17.8392616425,17.812134,-0.027127853437498572
*c1cccc(P(=O)(c2cccc(-n3c(=O)c4c(-c5ccc(C(F)(F)F)cc5)c5c(=O)n(*)c(=O)c5c(-c5ccc(C(F)(F)F)cc5)c4c3=O)c2)c2cc(C(F)(F)F)cc(C(F)(F)F)c2)c1,PI1054,5,0.4311308753857366,0.8766503,20.28828623,22.370752,2.082466104594726
