smiles_list,monomer_ID,replicate_count,heavy_atom_count,density,density_std,density_count,density_raw
*CC(*)OC(=O)C(F)(F)C(F)(F)F,PI352,1,12,2.331660650857875,0.0,1,1.58126337455
*CC(*)N1CCNC1,PI400,3,7,-0.21504575355416114,0.005113812511105019,3,1.0761530996500002
*CC(*)O[N+](=O)[O-],PI267,1,6,1.4900518163481773,0.0,1,1.4143398261500002
*c1ccc2c(c1)Cc1cc(-n3c(=O)c4cc5c(=O)n(*)c(=O)c5cc4c3=O)ccc1-2,PI676,1,29,0.48418075621235485,0.0,1,1.2148367319499995
*Oc1ccc(C(C)(C)c2ccc(OC(*)=O)c(CC)c2)cc1CC,PI1118,2,23,-0.3959379655974131,0.005367689047799865,2,1.040275185025
*CC(*)NC(=O)OC(C)(C)C,PI348,2,10,-0.5128039492560018,0.00802317872765998,2,1.017096145215
*CC(*)Cc1ccccc1C,PI295,1,10,-0.771857571737006,0.0,1,0.965715803045
*CCCC=C(*)c1ccc(Cl)cc1,PI391,2,12,-0.0014777474693179994,0.0014631075921290998,2,1.1185118867
*C=CCC(C)(CC*)C(=O)OC,PI280,1,11,-0.6124601849480309,0.0,1,0.997330463345
*CC(*)CCCCCCC,PI11,1,9,-1.4493671755903457,0.0,1,0.831339472245
*CC(*)c1ccccc1F,PI112,2,9,-0.08309044679017516,0.005555019523937586,2,1.102324935225
*C(C)C(*)OC(C)(C)C,PI285,2,8,-1.2348089000536062,0.009484266338453869,2,0.8738946679874999
*CC(*)OCCOC,PI375,2,7,-0.29047633791313765,0.0014688155348435265,2,1.0611923004250001
*CC(*)Cc1cccc(C)c1,PI294,1,10,-0.724611458511809,0.0,1,0.975086532705
*c1ccc(Oc2ccc(Oc3ccc(N4C(=O)c5ccc(-c6ccc7c(c6)C(=O)N(*)C7=O)cc5C4=O)cc3)c(-c3ccccc3)c2)cc1,PI1036,1,48,0.4385152090135334,0.0,1,1.2057794896
*CC(*)c1ccc(COCCO)cc1,PI148,1,13,-0.10363103234772084,0.0,1,1.0982509435
*Oc1c(C)cc(C(C)(C)c2cc(C)c(ON3C(=O)c4ccc(Oc5ccc(C6(c7ccc(Oc8ccc9c(c8)C(=O)N(*)C9=O)cc7)CCC(C(C)(C)C)CC6)cc5)cc4C3=O)c(C)c2)cc1C,PI1012,4,67,-0.16508002641259523,0.005638979194754625,4,1.086063233825
*c1ccc(C(C)(C)c2ccc(N3C(=O)c4ccc(Oc5ccc6c(c5)C(=O)N(*)C6=O)cc4C3=O)cc2)cc1,PI985,4,38,0.33709219133278084,0.007885446154275274,4,1.1856633866
*CC(*)C(=O)C1CCCCC1,PI300,1,10,-0.7965831017973178,0.0,1,0.960811775135
*CC(*)c1ccccc1C(=O)OCC,PI99,2,13,-0.25530545058245646,0.015166833263858892,2,1.0681680462499998
*CC(*)c1ccc(OC(C)=O)cc1,PI232,1,12,-0.09997482413678799,0.0,1,1.0989761108500002
*CC(*)P(=O)(Oc1ccccc1)N(C)C,PI382,1,14,0.2534370922915072,0.0,1,1.16907134835
*CC(*)C(=O)N1CCCCC1,PI461,1,10,-0.38365725810439016,0.0,1,1.0427109238
*C1CCC(N2C(=O)c3ccc(-c4ccc5c(c4)C(=O)N(*)C5=O)cc3C2=O)CC1,PI978,5,28,0.5198504468872863,0.008717383752473214,5,1.22191140975
*CC(*)c1ccccc1COC(C)C,PI88,1,13,-0.6735905225915942,0.0,1,0.98520595555
*CC(*)CCCCCCCCCCC,PI63,1,13,-1.4459441699006181,0.0,1,0.8320183865249999
*CC(*)OC(=O)C(F)(F)C(F)(F)C(F)(F)F,PI346,1,15,2.637261012338764,0.0,1,1.64187573345
*CC(*)OC(=O)CCCCCCC,PI370,1,12,-0.8377274605254942,0.0,1,0.95265125914
*CC(*)c1ccc(C(C)(C)O)cc1,PI139,1,12,-0.5768009370191055,0.0,1,1.004403069945
*CCCC(*)(C)C,PI17,1,6,-1.467145808531593,0.0,1,0.827813282435
*c1ccc(Oc2cc(C(C)(C)C)ccc2Oc2ccc(N3C(=O)c4ccc(-c5ccc6c(c5)C(=O)N(*)C6=O)cc4C3=O)cc2)cc1,PI1037,3,46,0.2857125075841809,0.0074208057688886775,3,1.1754728101999998
*CC(*)c1ccc(C(C)(O)CC)cc1,PI140,2,13,-0.671873360435858,0.006204385181596217,2,0.9855465351499999
*CC(*)c1ccc(COCCCCCCOc2ccc(-c3ccc(OC)cc3)cc2)cc1,PI234,1,31,-0.21258864479570477,0.0,1,1.07664043925
*c1ccc(Oc2ccc(Oc3ccc(N4C(=O)c5ccc(Oc6ccc(C7(c8ccc(Oc9ccc%10c(c9)C(=O)N(*)C%10=O)cc8)CCCCCCCCCCC7)cc6)cc5C4=O)cc3)c(C(C)(C)C)c2)cc1,PI1044,1,72,-0.18684243997459024,0.0,1,1.0817469064
*CC(*)OC(=O)CCCCC,PI385,1,10,-0.7203531253577786,0.0,1,0.975931124695
*CC(*)c1cc(C)ccc1C,PI192,1,10,-0.9398188193201099,0.0,1,0.932402598275
*CC1CC(*)C(OC(=O)CCCCCCCCCCOc2ccc(-c3ccc(C#N)cc3)cc2)C1,PI398,1,34,-0.3940192863506144,0.0,1,1.0406557332500002
*CC(*)c1ccccc1C(=O)OCCC,PI100,2,14,-0.2680970059716417,0.001626532697183276,2,1.0656309866
*CC(*)OC(C)=O,PI259,2,6,-0.03908561611340818,0.0021368565048471002,2,1.111052793325
*CC(*)C(=O)OC(C(F)(F)F)C(F)(F)F,PI431,1,14,2.0034243194652457,0.0,1,1.51616142825
*CC(*)c1ccc(C(=O)N(C)C)cc1,PI155,3,13,-0.3199060803405336,0.0022928570949022585,3,1.05535524545
*/C=C/CCCCCCCCCC*,PI55,1,12,-1.3419508606472235,0.0,1,0.85264427765
*Oc1ccc(C2(c3ccc(OC(*)=O)cc3)CCCCC2)cc1,PI801,1,22,0.017798387904034072,0.0,1,1.1223350891
*Oc1cccc2c(OC(=O)Oc3ccc(OC(*)=O)cc3)cccc12,PI817,1,24,0.9048204486277311,0.0,1,1.29826583485
*C1CCC1*,PI72,2,4,-1.123426807777292,0.014958394469433782,2,0.89598604026
*CC(*)c1ccc(CCC)cc1,PI233,2,11,-0.8796271042572155,0.0028580736548852893,2,0.9443409409475
*CC(*)c1ccc(CCCCCCCCCCCC)cc1,PI128,2,20,-1.1270721875886656,0.0017507691807490007,2,0.8952630206
*c1cc(C(c2ccc(O)c(N3C(=O)c4ccc(-c5ccc6c(c5)C(=O)N(*)C6=O)cc4C3=O)c2)(C(F)(F)F)C(F)(F)F)ccc1O,PI1097,2,45,0.9272376120787403,0.0067448980152571,2,1.302712024475
*CC(*)c1ccc(I)cc1,PI176,1,9,3.0707447731090403,0.0,1,1.72785231135
*CC(*)c1ccc(C(=O)CCN2CCCCC2)cc1,PI158,1,18,-0.38524188783723856,0.0,1,1.0423966305
*CC(CCl)O*,PI526,1,5,1.1141293967375887,0.0,1,1.33977988615
*CCCC=C(*)c1ccccc1,PI390,1,11,-0.5679906271419776,0.0,1,1.00615049479
*CC(*)C(=O)Oc1ccc(C(=O)OCC)cc1,PI470,1,16,0.23470103953687688,0.0,1,1.1653552652
*CC(*)C(=O)c1ccccc1,PI321,1,10,-0.050047490044345194,0.0,1,1.1088786301999998
*CC(*)c1ccc(C(C)=O)cc1,PI218,1,11,-0.32118226739579364,0.0,1,1.0551021282500002
*CC(*)CC(C)C,PI7,1,6,-1.4808482755994925,0.0,1,0.825095553805
*c1ccc2c(c1)C(=O)N(c1ccc(Oc3ccc(N4C(=O)c5ccc(C(C)(C)CCCCCCCCC(*)(C)C)cc5C4=O)cc3)cc1)C2=O,PI989,4,49,-0.09552135976297563,0.0039007554111050585,4,1.0998594049000001
*CCCCOC(=O)NCC(F)(F)C(F)(F)C(F)(F)C(F)(F)CNC(=O)O*,PI658,1,26,1.8238179608994793,0.0,1,1.4805385480500002
*CCCCCCCC(*)C,PI19,1,9,-1.4327660206208395,0.0,1,0.8346321226800001
*C(=O)Oc1ccc(OC(=O)c2ccc3c(c2)C(=O)N(c2ccc(C(=O)Oc4ccc(N5C(=O)c6ccc(*)cc6C5=O)cc4)cc2)C3=O)cc1,PI1092,2,49,0.9445594300404998,0.0037652942891202392,2,1.306147610225
*CC(*)OC(=O)c1ccc(CC)cc1,PI344,2,13,-0.2663090173482357,0.003351836084817165,2,1.0659856138250001
*CC(*)c1ccc(CCCCCCCCC)cc1,PI126,1,17,-1.0831411392585195,0.0,1,0.90397624481
*c1cc(C(c2ccc(O)c(N3C(=O)c4ccc(Oc5ccc6c(c5)C(=O)N(*)C6=O)cc4C3=O)c2)(C(F)(F)F)C(F)(F)F)ccc1O,PI1083,5,46,1.1209663944420742,0.01347389389161177,5,1.3411359269499998
*c1cccc(P(=O)(c2ccc(C(F)(F)F)cc2)c2cccc(-n3c(=O)c4c(-c5ccc(C(F)(F)F)cc5)c5c(=O)n(*)c(=O)c5c(-c5ccc(C(F)(F)F)cc5)c4c3=O)c2)c1,PI1055,5,60,0.6173313461022835,0.016646469020624957,5,1.24124563835
*c1cccc(P(=O)(c2cccc(-n3c(=O)c4c(-c5cc(C(F)(F)F)cc(C(F)(F)F)c5)c5c(=O)n(*)c(=O)c5c(-c5cc(C(F)(F)F)cc(C(F)(F)F)c5)c4c3=O)c2)c2cc(C(F)(F)F)cc(C(F)(F)F)c2)c1,PI1051,4,72,0.998644037098249,0.02939882206890154,4,1.316874677425
*CC(*)c1ccc(C(C)C)cc1,PI120,1,11,-1.0039461594215333,0.0,1,0.9196836691
*CC(C)O*,PI525,1,4,-0.5529605545952636,0.0,1,1.00913153888
*c1ccc2c(c1)C(=O)N(c1c(C)cc(C(c3cc(C)c(N4C(=O)c5ccc(C(*)(C(F)(F)F)C(F)(F)F)cc5C4=O)c(C)c3)c3cccc4ccccc34)cc1C)C2=O,PI1003,1,58,0.024336328898470563,0.0,1,1.1236318154
*CC(*)c1ccc(C(=O)N2CCOCC2)cc1,PI159,2,16,-0.08520623980038705,0.002870204796500813,2,1.101905291725
*CC(*)SC,PI317,2,4,-0.21107687555177176,0.001343401060878012,2,1.0769402815
*CC(*)OC(=O)CCCCCCCCC,PI384,1,14,-0.9371026357994174,0.0,1,0.93294132241
*c1ccc(Oc2ccc(N3C(=O)c4ccc(Oc5cccc6c5C(=O)N(*)C6=O)cc4C3=O)cc2)cc1,PI1061,3,36,0.7832731317802579,0.0034627974304441466,3,1.2741583058
*C(=O)Nc1ccc(NC(=O)c2ccc(N3C(=O)c4ccc(*)cc4C3=O)cc2)cc1,PI960,5,29,0.9154876844279554,0.00701930349958237,5,1.30038155985
*CC(*)c1ccc(OCCC)cc1,PI180,2,12,-0.6226030268151107,0.0008170551575400085,2,0.9953187459225
*CC(*)C(=O)Oc1cccc(C(=O)OC)c1,PI467,3,15,0.426480590108946,0.003888678584556715,3,1.2033925597
*CC(*)C(=O)OCC(C)(C)C,PI459,1,10,-0.7607691913145046,0.0,1,0.967915057295
*CC(*)OC(=O)c1ccc(OC(C)=O)cc1,PI332,1,15,0.4291835707809611,0.0,1,1.2039286652
*CC(*)c1ccccc1C,PI83,1,9,-0.7330682946716398,0.0,1,0.973409215355
*c1ccc(Oc2ccc(S(=O)(=O)c3ccc(Oc4ccc(N5C(=O)c6ccc(Oc7ccc8c(c7)C(=O)N(*)C8=O)cc6C5=O)cc4)cc3)cc2)cc1,PI964,5,52,0.7794254338992396,0.008790591957869166,5,1.27339515865
*c1ccc(Oc2cccc(Oc3ccc(N4C(=O)c5ccc(-c6cccc7c6C(=O)N(*)C7=O)cc5C4=O)cc3)c2)cc1,PI1109,2,42,0.6243766669343475,0.006320889282803993,2,1.242642997675
*Oc1ccc(Oc2ccc(Oc3ccc(S(=O)(=O)c4ccc(*)cc4)cc3)cc2)cc1,PI546,1,30,0.6601496994260747,0.0,1,1.2497381721499998
*c1ccc(Oc2ccc(N3C(=O)c4ccc(Oc5ccc(C6(c7ccc(Oc8ccc9c(c8)C(=O)N(*)C9=O)cc7)CCC(c7ccccc7)CC6)cc5)cc4C3=O)cc2)cc1,PI1028,2,61,0.19463879369995107,0.017259415373617096,2,1.1574093740000002
*CC(*)c1cc(Cl)ccc1Cl,PI195,2,10,0.6902717748132622,0.011509244949318218,2,1.2557125434999998
*CC(*)C(=O)OC(F)(C(F)(F)F)C(F)(F)F,PI432,1,15,2.4312919823250074,0.0,1,1.60102411695
*CCCCCCOC(=O)CCCCCNC(=O)CCCCC(=O)NCCCCCC(=O)O*,PI598,1,32,-0.33876221282578856,0.0,1,1.05161534585
*CC(*)C(=O)Oc1ccccc1,PI463,1,11,0.23021404387470992,0.0,1,1.1644653206
*C1CCC(CC2CCC(N3C(=O)C4C5C=CC(C6C(=O)N(*)C(=O)C56)C4C3=O)C(C)C2)CC1C,PI1082,4,33,-0.2772039942022428,0.014742515274856729,4,1.0638247189749999
*CC(*)c1ccc(C(=O)N2CCCCC2)cc1,PI157,2,16,-0.41539928677578497,0.0011481609236410869,2,1.036415253125
*c1ccc(Oc2cccc(Oc3ccc(N4C(=O)c5ccc(C(=O)c6ccc7c(c6)C(=O)N(*)C7=O)cc5C4=O)cc3)c2)cc1,PI965,4,44,0.7638942206674096,0.003257484626738435,4,1.270314719
*c1ccc(S(=O)(=O)c2ccc(N3C(=O)c4ccc(Oc5ccc6c(c5)C(=O)N(*)C6=O)cc4C3=O)cc2)cc1,PI987,4,38,0.846030409017036,0.011347447047979957,4,1.2866054985750002
*CC(*)c1ccc(C(=O)OCCN(C)C)cc1,PI109,1,16,-0.24841868294815475,0.0,1,1.06953395835
*CC(*)OC(=O)CCCC(=O)c1ccccc1,PI333,1,16,0.1564295602521004,0.0,1,1.14983100675
*CC(*)C(=O)OCCCCCCCCCCCCCCCC,PI424,2,21,-1.1064366410070514,0.0030936774094136176,2,0.899355846765
*CC(*)c1ccc(CCCCCC)cc1,PI124,2,14,-1.0076505410503422,0.00455141961670844,2,0.9189489471000001
*Oc1ccc(S(=O)(=O)c2ccc(Oc3ccc(-c4ccc(*)cc4)cc3)cc2)cc1,PI545,1,29,0.4964390158601863,0.0,1,1.21726801845
*c1ccc(Oc2ccc(NC(=O)CN3C(=O)c4ccc(C(c5ccc6c(c5)C(=O)N(CC(=O)Nc5ccc(Oc7ccc(-c8nnc(*)o8)cc7)cc5)C6=O)(C(F)(F)F)C(F)(F)F)cc4C3=O)cc2)cc1,PI1021,2,70,1.0014923882112488,0.005894321919818132,2,1.3174396155
*CC(*)c1ccc(COCCC)cc1,PI149,1,13,-0.46730145281536256,0.0,1,1.0261210483
*CC(*)C(=O)OCCCCCCC,PI420,1,12,-0.8545225794182613,0.0,1,0.949320138165
*Nc1ccc(*)cc1,PI1131,2,7,0.4215925530685183,0.0024463623402072423,2,1.2024230730999999
*c1cc(C(c2ccc(O)c(-n3c(=O)c4cc5c(=O)n(*)c(=O)c5cc4c3=O)c2)(C(F)(F)F)C(F)(F)F)ccc1O,PI979,4,39,1.199001552776419,0.007761486405376184,4,1.356613313825
*CC(*)c1ccccc1OC,PI110,1,10,-0.4535116176464363,0.0,1,1.0288561053999998
*CC(*)c1ccc(C(=O)CCCC)cc1,PI169,3,14,-0.5824255514750233,0.004413070655280569,3,1.003287491585
*CC(*)c1ccc(COCCOCCCC)cc1,PI154,1,17,-0.5439866728058175,0.0,1,1.010911406355
*c1ccc(Oc2c(C)cc(C(c3cc(C)c(Oc4ccc(N5C(=O)c6ccc(-c7ccc8c(c7)C(=O)N(*)C8=O)cc6C5=O)cc4)c(C)c3)c3cccc4ccccc34)cc2C)cc1,PI1005,5,63,-0.07789109206499581,0.01394229870806724,5,1.10335616815
*CC(OC)C1C(=O)OC(=O)C1*,PI387,2,11,0.6512310518321108,0.010353140282031395,2,1.24796925975
*CC(*)OCC,PI254,1,5,-0.8105227480195947,0.0,1,0.958047004715
*c1ccc2c(c1)C(=O)N(c1c(CC)cc(Cc3cc(CC)c(N4C(=O)c5ccc(C(*)(C(F)(F)F)C(F)(F)F)cc5C4=O)c(CC)c3)cc1CC)C2=O,PI972,5,52,0.05700391059661093,0.003346256001119419,5,1.130111059
*c1ccc(Oc2ccc(S(=O)(=O)c3ccc(Oc4ccc(N5C(=O)c6ccc(C(=O)c7ccc8c(c7)C(=O)N(*)C8=O)cc6C5=O)cc4)cc3)cc2)cc1,PI963,3,53,0.7811771362239182,0.005129981157435989,3,1.2737425889
*CC(*)c1c(F)c(F)c(F)c(F)c1F,PI212,1,13,1.638309652654205,0.0,1,1.4437450832
*CC(*)OC(=O)C(C)(C)CC(C)(C)C,PI367,1,13,-0.9405170759618585,0.0,1,0.932264107005
*CC(*)c1ccc(Cl)c(F)c1,PI209,2,10,0.5062238687399376,0.01148289938808815,2,1.219208732825
*Oc1ccc(C(C)(CCC#N)c2ccc(OC(*)=O)cc2)cc1,PI1119,2,22,0.022714428943623268,0.0046961954875157225,2,1.1233101299750001
*CC(*)OC1CCCCC1,PI308,2,9,-0.8633741845022102,0.0017920297170304226,2,0.947564522885
*C(F)(F)C(*)(F)OC(F)C(F)F,PI405,1,11,2.840188697449984,0.0,1,1.68212413375
*CC(*)c1ccc(Cl)c(Cl)c1,PI208,1,10,0.523805214174516,0.0,1,1.2226957929
*C(F)(F)C(*)(F)OC(F)(F)C(F)(F)F,PI311,1,13,2.9511855051242297,0.0,1,1.7041390892
*CC(*)c1ccc(C(O)CCN(C)C)cc1,PI144,2,15,-0.45551854041623363,1.2291672532616467e-05,2,1.028458055075
*CC(*)c1ccc(Cl)cc1Cl,PI191,1,10,0.6692841299901826,0.0,1,1.2515498826500002
*CC(*)CCCCCCCCC,PI64,3,11,-1.4530923831665363,0.004336702005969984,3,0.8306006196550001
*CCC=C(*)C(C)C,PI69,1,7,-1.348438717300084,0.0,1,0.85135748501
*/C=C\CCCCC*,PI74,1,7,-1.2813885937396132,0.0,1,0.86465611507
*CC(*)c1cccc(Cl)c1,PI116,2,9,0.1139804960462817,0.016848283833466857,2,1.14141171725
*c1ccc(C(c2ccc(N3C(=O)c4cc5c(cc4C3=O)C(C(F)(F)F)(C(F)(F)F)c3cc4c(cc3O5)C(=O)N(*)C4=O)cc2)(C(F)(F)F)C(F)(F)F)cc1,PI995,5,53,0.9985167773495116,0.01805471672526874,5,1.3168494369
*CC(*)C(=O)Oc1ccccc1C(=O)OC,PI465,2,15,0.5192579570563233,0.0039385234296956464,2,1.221793896125
*CC(*)OC(=O)C(C)(C)C(C)(C)CC,PI365,2,13,-0.991835645117578,0.010403035999253605,2,0.92208565199
*Oc1ccc(OC(=O)c2ccc(-c3ccc(C(*)=O)cc3)cc2)cc1C,PI582,2,25,0.3678094670666964,0.0005920229251620571,2,1.191755809175
*CC(*)C(=O)OCCC#N,PI460,1,9,0.1883922157557231,0.0,1,1.15617043625
*CC(*)OC(=O)c1ccc(OC(=O)CCC)cc1,PI336,1,17,0.10981024174738248,0.0,1,1.1405845946999995
*CC(*)c1ccccc1C(=O)NC,PI94,2,12,-0.3178941944681389,0.027082973123047624,2,1.05575428015
*CC(*)C(=O)Oc1ccc(C#N)cc1,PI476,2,13,0.3224424597850174,0.0034761908532049846,2,1.1827577788249999
*c1ccc(Oc2ccc(Oc3ccc(N4C(=O)C5CCC6C(=O)N(*)C(=O)C6C5C4=O)cc3)cc2)cc1,PI1067,3,36,0.4697963094624731,0.011405191341483874,3,1.2119837404
*Oc1ccc(S(=O)(=O)c2ccc(OC(=O)c3ccc(C(*)=O)cc3)cc2)cc1,PI583,1,27,0.9015067336965856,0.0,1,1.29760859715
*CCC=C(*)C,PI522,1,5,-1.2260989669759128,0.0,1,0.875622184235
*CC(*)Cc1cc(C)cc(C)c1,PI293,2,11,-0.8410883783752552,0.005396034791375282,2,0.9519846592775
*CC(*)OC(=O)c1ccc(Br)cc1,PI335,1,12,2.1310143699591984,0.0,1,1.54146746485
*c1cccc(Oc2cccc(Oc3cccc(N4C(=O)c5ccc(-c6cccc7c6C(=O)N(*)C7=O)cc5C4=O)c3)c2)c1,PI1110,1,42,0.6049493115285108,0.0,1,1.2387898025
*CC(*)OC(=O)c1cccnc1,PI368,1,11,0.564748703340537,0.0,1,1.2308164687
*CC(*)CCCCCCCCCCCCC,PI61,1,15,-1.4426293924432587,0.0,1,0.8326758349650001
*c1ccc(Oc2ccc(C3(c4ccc(Oc5ccc(N6C(=O)c7ccc(Oc8ccccc8Oc8ccc9c(c8)C(=O)N(*)C9=O)cc7C6=O)cc5C(F)(F)F)cc4)c4ccccc4-c4ccccc43)cc2)c(C(F)(F)F)c1,PI1078,5,77,0.6482220516109992,0.010592440807262732,5,1.24737245875
*c1ccc(Oc2ccc(Oc3ccc(N4C(=O)c5ccc(-c6cccc7c6C(=O)N(*)C7=O)cc5C4=O)cc3)cc2)cc1,PI1108,2,42,0.5287358876380046,0.010903169160763941,2,1.2236737359499998
*c1cccc(P(=O)(c2ccc(C(F)(F)F)cc2)c2cccc(-n3c(=O)c4cc5c(=O)n(*)c(=O)c5cc4c3=O)c2)c1,PI1010,5,40,0.8103968372503491,0.01152830261454864,5,1.27953798455
*Cc1cccc(COC(=O)Nc2ccc(Cc3ccc(NC(=O)O*)cc3)cc2)c1,PI660,4,29,0.41123399615805356,0.004271625016229469,4,1.20036857105
*c1cccc(Oc2ccc(N3C(=O)c4ccc(C(=O)c5ccc6c(c5)C(=O)N(*)C6=O)cc4C3=O)cc2)c1,PI992,5,37,0.7469280210126671,0.011404515616536125,5,1.2669496661
*c1ccc(Sc2ccc(Oc3ccc(Sc4ccc(N5C(=O)c6ccc(Oc7ccc(C(C)(C)c8ccc(Oc9ccc%10c(c9)C(=O)N(*)C%10=O)cc8)cc7)cc6C5=O)cc4)cc3)cc2)cc1,PI1114,1,66,0.5070359766485862,0.0,1,1.2193698052
*c1ccc(Oc2ccccc2Oc2ccc(N3C(=O)c4ccc(Oc5ccccc5Oc5ccc6c(c5)C(=O)N(*)C6=O)cc4C3=O)cc2C(F)(F)F)c(C(F)(F)F)c1,PI1073,5,58,0.9999478618599441,0.015497237511892846,5,1.31713327625
*CC(*)c1cc(C)ccc1F,PI197,2,10,-0.35553654189625794,0.014999034632651653,2,1.0482883483
*C(F)(F)C(*)(F)F,PI513,1,6,3.990210036404016,0.0,1,1.91021779765
*CC(*)C(=O)OCC(F)(F)C(F)C(F)(F)F,PI435,1,15,2.1338406521244373,0.0,1,1.5420280258
*C(=O)c1ccc2c(c1)C(=O)N(c1ccc(Oc3c(C)cc(Cc4cc(C)c(Oc5ccc(N6C(=O)c7ccc(*)cc7C6=O)cc5)c(C)c4)cc3C)cc1)C2=O,PI999,3,55,0.14531623940399224,0.005962009194086908,3,1.1476268058500003
*CC(*)Cc1cc(C)ccc1C,PI291,1,11,-0.8974550184564677,0.0,1,0.94080497676
*CC(*)c1ccc(COCCCCCC)cc1,PI153,1,16,-0.7867193989501358,0.0,1,0.962768128505
*C(=O)Oc1ccc(OC(=O)c2ccc3c(c2)C(=O)N(C2CCC(N4C(=O)c5ccc(*)cc5C4=O)CC2)C3=O)cc1,PI1088,1,40,0.6540272165672992,0.0,1,1.24852384725
*/C=C/C(C*)OC,PI279,3,6,-0.5652180080713693,0.003992428001995445,3,1.006700412275
*CC(*)c1ccc(COCC(CC)CCCC)cc1,PI235,2,18,-0.8793952317718785,0.0021168931055762195,2,0.9443869302200001
*c1ccc(Cc2ccc(N3C(=O)C4CCC5C(=O)N(*)C(=O)C5C4C3=O)c(C)c2)cc1C,PI1066,5,31,-0.031112257489101004,0.009938063943740423,5,1.1126342184
*CC(*)C(=O)OC1CC2CCC1(C)C2(C)C,PI428,1,15,-0.6255041507398205,0.0,1,0.99474334096
*C1Cc2ccccc2C1*,PI386,1,9,-0.5615188383620333,0.0,1,1.00743410055
*c1ccc(Oc2ccc(N3C(=O)c4cccc(Oc5cccc6c5C(=O)N(*)C6=O)c4C3=O)cc2)cc1,PI1060,5,36,0.8380044859998143,0.003359873831105179,5,1.28501364795
*CC(*)OC(=O)C1CCCCC1,PI340,1,11,-0.5138925950146007,0.0,1,1.0168802247
*CC(*)C(C)c1ccccc1,PI28,2,10,-0.8743250552441431,0.0034158612062054933,2,0.9453925421175
*CC(*)c1ccccc1C(=O)OCCC(C)C,PI105,2,16,-0.42172351398845337,0.004774604366450278,2,1.035160914525
*CC(*)CCCCC,PI8,1,7,-1.4933596339172375,0.0,1,0.82261406806
*CC(*)c1ccccc1C(=O)OC,PI98,1,12,-0.1710509733649793,0.0,1,1.08487896435
*CC(*)(C)C(=O)OC,PI437,1,7,-0.43040697152611923,0.0,1,1.0334386494
*CC(*)c1ccc(Br)cc1,PI136,1,9,1.8110270533921302,0.0,1,1.4780016169
*CC(*)C(=O)c1ccc(C(C)(C)C)cc1,PI323,1,14,-0.6962367671529933,0.0,1,0.98071433029
*CC(*)c1ccc(C(C)=NO)cc1,PI138,2,12,-0.30934597797841945,0.001032267288930744,2,1.05744972175
*CC(*)c1cc(Br)ccc1OC(C)C,PI202,1,13,0.7119354709726319,0.0,1,1.2600092914499998
*c1c(C)cc(C(c2cc(C)c(N3C(=O)c4ccc(-c5ccc6c(c5)C(=O)N(*)C6=O)cc4C3=O)c(C)c2)c2cccc3ccccc23)cc1C,PI1001,5,49,-0.35274949061488314,0.010199180233475613,5,1.04884112825
*CC(*)c1ccccc1COC,PI85,2,11,-0.5388462421900675,0.014570491574428733,2,1.0119309523525
*c1ccc(Sc2ccc3c(c2)Sc2ccc(Sc4ccc(-n5c(=O)c6cc7c(=O)n(*)c(=O)c7cc6c5=O)cc4)cc2S3)cc1,PI1086,2,44,0.9359901087369065,0.005079992683668414,2,1.3044479827250002
*CC(*)C(=O)C(C)C,PI247,1,7,-0.8773811926629373,0.0,1,0.94478639199
*CC(*)c1ccc(O)cc1,PI231,1,9,-0.031157882739813104,0.0,1,1.1126251691500002
*CC(*)OCCCCCCCCCCCCCCCCCC,PI402,1,21,-1.291444647233862,0.0,1,0.8626616111350001
*CC(*)CCc1ccccc1C,PI281,1,11,-0.7064596479010952,0.0,1,0.978686738065
*CC(*)OC(=O)c1ccccc1OC,PI357,3,13,0.34079293020184315,0.0053674458198612884,3,1.1863973861
*CC(*)OC(F)(C(F)(F)F)C(F)(F)F,PI371,1,13,2.583350892716612,0.0,1,1.63118327385
*CC(*)C(=O)c1ccc(Br)c(OC)c1,PI322,2,13,1.769054876351821,0.005575496805990517,2,1.46967691255
*CC(*)C(=O)OC(F)(C(F)(F)Cl)C(F)(F)Cl,PI434,1,15,2.6901952877998037,0.0,1,1.65237464545
*CC(*)(C)c1ccccc1,PI213,1,9,-0.8519540991669378,0.0,1,0.949829567035
*CC(*)c1ccc(Cl)c(C)c1,PI207,2,10,-0.21805217270982885,0.024683998003401007,2,1.075556810575
*C(C)C(*)OCCCC,PI284,1,8,-1.0701035359184665,0.0,1,0.906562105275
*c1ccc(S(*)(=O)=O)cc1,PI1137,1,9,1.2045337428043157,0.0,1,1.3577105608500002
*CC(*)(C(=O)OC)c1ccccc1,PI220,2,12,-0.3364594011604013,0.00691867431506,2,1.052072082375
*C=CC(C)C(*)C(=O)OC,PI268,2,9,-0.44676203168046436,0.0016527396654843838,2,1.0301948090750002
*CC(*)CC1CCCCC1,PI25,1,9,-1.2134280784445095,0.0,1,0.8781353109850001
*CC(*)c1cc(Br)ccc1OCC,PI199,1,12,1.1104264820443472,0.0,1,1.3390454551
*CC(*)C(C)CC,PI35,1,6,-1.5547756844259433,0.0,1,0.810432892365
*CC(*)CC1CCCC1,PI23,1,8,-1.1242188363404464,0.0,1,0.895828950395
*CC(*)CCCC(C)(C)C,PI41,1,9,-1.4801411171117176,0.0,1,0.8252358106550001
*CC(*)c1ccc(C(=O)OCCCCCC)cc1,PI166,1,17,-0.60438691926383,0.0,1,0.99893170385
*CC(*)CCCN(CC(C)C)CC(C)C,PI266,1,14,-1.3109551835585613,0.0,1,0.85879191797
*CC(*)c1ccc(C(=O)OCCC)cc1,PI162,1,14,-0.380947824327601,0.0,1,1.0432483092
*CC(*)C=O,PI242,1,4,0.06393653792913709,0.0,1,1.13148606685
*CC(*)OC(C)(C)C,PI272,1,7,-1.1479677420588257,0.0,1,0.891118624825
*c1ccc(-c2ccc(-n3c(=O)c4cc5c(=O)n(*)c(=O)c5cc4c3=O)c(C)c2)cc1C,PI687,1,30,-0.06367767401965467,0.0,1,1.1061752381
*CC(*)c1ccc(C(=O)CCC)cc1,PI168,2,13,-0.5156108379355577,0.006395293791288075,2,1.0165394307425002
*CCC=C(*)CCC,PI77,1,7,-1.267317070791203,0.0,1,0.8674470417399999
*CC(*)c1ccc(COCCCCO)cc1,PI151,3,15,-0.2771014416920716,0.004353343731090835,3,1.0638450591
*c1ccc(Oc2ccc(Oc3ccc(N4C(=O)c5ccc(Oc6ccc(C7(c8ccc(Oc9ccc%10c(c9)C(=O)N(*)C%10=O)cc8)CCC(C(C)(C)C)CC7)cc6)cc5C4=O)cc3)c(C(C)(C)C)c2)cc1,PI1014,5,70,-0.0517434092386399,0.003957790401503524,5,1.1085422638999998
*CC/C=C(\*)C(C)(C)C,PI81,1,8,-1.2734755675106106,0.0,1,0.8662255739000001
*CC(*)(C)C(=O)OC(C)(C)C,PI444,1,10,-1.0748023402368665,0.0,1,0.905630150835
*CC(*)c1ccccc1C(=O)OCCCCC,PI104,1,16,-0.44802356841314456,0.0,1,1.0299445976
*CC(*)C1CCCCC1,PI24,1,8,-1.3849295267603876,0.0,1,0.84411994763
*c1ccc2c(c1)C(=O)N(c1cccc(Oc3ccc(S(=O)(=O)c4ccc(Oc5cccc(N6C(=O)c7ccc(C(*)(C(F)(F)F)C(F)(F)F)cc7C6=O)c5)cc4)cc3)c1)C2=O,PI984,5,60,1.021242062436273,0.010194815456411124,5,1.32135673895
*c1ccc(Oc2ccc(C(c3ccc(Oc4ccc(N5C(=O)c6ccc(Oc7ccc(C8(c9ccc(Oc%10ccc%11c(c%10)C(=O)N(*)C%11=O)cc9)CCC(C(C)(C)C)CC8)cc7)cc6C5=O)cc4)cc3)(C(F)(F)F)C(F)(F)F)cc2)cc1,PI1013,4,81,0.3339067517114552,0.0047261386507567215,4,1.18503159085
*C1CC(*)(C#N)C1,PI290,1,6,-0.961282166794154,0.0,1,0.92814558721
*c1ccc(Oc2ccc(Oc3ccc(N4C(=O)c5ccc(Oc6ccc(C7(c8ccc(Oc9ccc%10c(c9)C(=O)N(*)C%10=O)cc8)CCC(c8ccccc8)CC7)cc6)cc5C4=O)cc3)c(C(C)(C)C)c2)cc1,PI1025,2,72,0.11921286980460319,0.007505781681366404,2,1.142449499125
*CC(*)(C)C(=O)OCc1ccccc1,PI450,1,13,-0.1233613452416676,0.0,1,1.09433766015
*c1cccc(P(=O)(c2cccc(-n3c(=O)c4c(-c5ccccc5)c5c(=O)n(*)c(=O)c5c(-c5ccccc5)c4c3=O)c2)c2cc(C(F)(F)F)cc(C(F)(F)F)c2)c1,PI1057,5,56,0.49528256114987906,0.008977974950864647,5,1.2170386488
*CC(*)O,PI241,1,3,0.2607214579507542,0.0,1,1.1705161194999998
*CC(*)c1cccc(CC)c1,PI114,1,10,-0.8469063808832774,0.0,1,0.950830724595
*CC(*)c1ccc(COCCCC)cc1,PI150,2,14,-0.6211826710892546,0.006426625279104904,2,0.9956004573399999
*c1ccc(-c2ccc(N3C(=O)c4cc5c(cc4C3=O)C(C(F)(F)F)(C(F)(F)F)c3cc4c(cc3O5)C(=O)N(*)C4=O)cc2OC(F)(F)F)c(OC(F)(F)F)c1,PI1112,3,54,0.9900754152297362,0.014537951947467714,3,1.31517518865
*CC(*)OC(C)CC,PI277,1,7,-1.0838580564349574,0.0,1,0.903834052435
*CC(*)OCC(C)(C)CC,PI316,1,9,-1.1763399121741271,0.0,1,0.8854913273
*c1ccc2c(c1)C(=O)N(c1ccc(Oc3c(C)cc(Cc4cc(C)c(Oc5ccc(N6C(=O)c7ccc(C(*)(C(F)(F)F)C(F)(F)F)cc7C6=O)cc5)c(C)c4)cc3C)cc1)C2=O,PI1000,5,62,0.34290640545889917,0.005190129195591891,5,1.1868165699
*C(F)(F)C(*)(F)OC(F)(F)C(F)(F)C(F)(F)C(F)(F)F,PI310,1,19,3.282654911335159,0.0,1,1.76988227915
*CC(*)CCN(C(C)C)C(C)C,PI264,2,11,-1.2185968335718596,0.002744445074113939,2,0.8771101471425
*c1ccc(Oc2ccc(Oc3ccc(-n4c(=O)c5cc6c(=O)n(*)c(=O)c6cc5c4=O)cc3)cc2-c2ccccc2)cc1,PI1031,2,42,0.5612033865344681,0.005251623798273659,2,1.2301132954000003
*CCC=C(*)CCCCCCC,PI68,2,11,-1.3567602149902025,0.002133481388721221,2,0.8497070105075
*CC(*)CCC1CCCCC1,PI42,1,10,-1.1639453535150412,0.0,1,0.8879496471599999
*C(F)(F)C(*)(F)c1ccccc1,PI215,1,11,0.8475722655657717,0.0,1,1.2869113083
*C=CC(C*)OC,PI303,3,6,-0.5873100496184738,0.0024171282795446484,3,1.002318706885
*CC(*)C1CCC(C)CC1,PI66,1,9,-1.3732273938065132,0.0,1,0.84644093272
*CC(*)c1ccc(OCCCC)cc1,PI181,2,13,-0.662103069784406,0.004108357160180602,2,0.9874843612724999
*CCCCCCCCCCCCSC(=O)S*,PI1125,1,16,-0.4833246246584787,0.0,1,1.02294303425
*CCC(C)C(*)C,PI51,2,6,-1.4444570646359036,0.003232340921925091,2,0.832313336955
*c1ccc(-c2nc3cc4nc(*)oc4cc3o2)cc1,PI547,1,18,0.6219341346349013,0.0,1,1.24215854915
*CC(*)OC(=O)C(F)(F)C(F)(F)C(F)(F)C(F)(F)C(F)(F)F,PI350,1,21,2.993249487777174,0.0,1,1.71248200215
*CC(*)c1ccc(C#N)cc1,PI134,2,10,-0.48266319919164646,0.005761530554358131,2,1.0230742204749999
*C(CC)C(*)CC,PI62,1,6,-1.503741246446563,0.0,1,0.82055499319
*c1ccc(Oc2ccc(-c3ccc(Oc4ccc(N5C(=O)c6ccc(Oc7ccc(C8(c9ccc(Oc%10ccc%11c(c%10)C(=O)N(*)C%11=O)cc9)CCCCCCCCCCC8)cc7)cc6C5=O)cc4)cc3C)c(C)c2)cc1,PI1042,1,76,-0.12303111886079243,0.0,1,1.0944031568
*c1cccc(P(=O)(c2ccccc2)c2cccc(-n3c(=O)c4c(-c5ccc(C(F)(F)F)cc5)c5c(=O)n(*)c(=O)c5c(-c5ccc(C(F)(F)F)cc5)c4c3=O)c2)c1,PI1056,5,56,0.42525364887986483,0.017820855441775148,5,1.20314920985
*CC(*)SCCCC,PI307,2,7,-0.715901558887003,0.0030700922268871536,2,0.9768140423175
*c1ccc(Oc2ccc(C3(c4ccc(Oc5ccc(N6C(=O)c7ccc(Oc8ccc(C9(c%10ccc(Oc%11ccc%12c(c%11)C(=O)N(*)C%12=O)cc%10)CCCCCCCCCCC9)cc8)cc7C6=O)cc5)cc4)CCC(C(C)(C)C)CC3)cc2)cc1,PI1047,3,84,-0.2206276276738302,0.0018099650619803542,3,1.07504599835
*C(F)(F)C(*)(OC(F)(F)F)OC(F)(F)F,PI312,1,14,2.8126077676500048,0.0,1,1.67665376975
*c1cccc(Oc2ccc(-n3c(=O)c4cc5c(=O)n(*)c(=O)c5cc4c3=O)cc2)c1,PI953,1,29,0.9176706713559012,0.0,1,1.3008145305
*Oc1ccc(OC(=O)Oc2ccc(-c3ccc(OC(*)=O)cc3)cc2)cc1,PI815,1,26,0.7678239668589181,0.0,1,1.2710941395
*C(F)(F)C(*)(F)c1c(F)c(F)c(F)c(F)c1F,PI216,2,16,2.4508379108210794,0.0034699742178723185,2,1.60490082975
*CC(*)c1nc(C)nc(C)n1,PI383,1,10,-0.30213391189871563,0.0,1,1.0588801530999998
*CC(*)CNc1ccc([N+](=O)[O-])c(C(F)(F)F)c1,PI395,1,17,1.3135252858577071,0.0,1,1.3793277948500002
*Oc1ccc(C2(c3ccc(OC(*)=O)cc3)CCCC2)cc1,PI800,1,21,0.09267506997176707,0.0,1,1.1371860281
*CC(*)OC,PI253,1,4,-0.4952933164181861,0.0,1,1.02056918025
*CC(*)c1ccccc1,PI82,1,8,-0.5832807015269799,0.0,1,1.00311788229
*CCCC=C(*)c1ccc(OC)cc1,PI389,2,13,-0.43473754418566823,0.004220017335985468,2,1.032579729525
*CC(*)C(=O)N1CCOCC1,PI462,1,10,0.1381590958054115,0.0,1,1.14620726775
*CC(*)OC(=O)C(F)(F)F,PI278,2,9,1.9046794682039967,0.007305719464790653,2,1.496576509125
*CC(*)OCCCl,PI374,1,6,0.6629171768610459,0.0,1,1.2502870698500002
*c1ccc(-c2ccc(Oc3ccc(C4(C)CC(C)(C)c5ccc(Oc6ccc(-c7ccc(N8C(=O)c9ccc(Oc%10ccc%11c(c%10)C(=O)N(*)C%11=O)cc9C8=O)cc7)cc6C(F)(F)F)cc54)cc3)c(C(F)(F)F)c2)cc1,PI1101,2,75,0.4169850242844892,0.013420407889563895,2,1.2015092221249999
*CC(*)C(=O)c1ccccc1O,PI302,1,11,0.3774640548578944,0.0,1,1.1936706869499998
*CC(*)OC=O,PI270,1,5,0.6474059151125825,0.0,1,1.24721058735
*CC1CC(*)C(OC(=O)CCCCCCCCCCOc2ccc(-c3ccc(C#N)cc3)cc2)C1OC(=O)CCCCCCCCCCOc1ccc(-c2ccc(C#N)cc2)cc1,PI397,1,62,-0.350424171358001,0.0,1,1.0493023289
*C=CC1CCC(*)C1,PI75,1,7,-0.8378344205732836,0.0,1,0.95263004483
*CC(*)c1c(Cl)cccc1Cl,PI186,2,10,0.6839419093899975,0.019867096665975744,2,1.254457086625
*c1ccc(Oc2ccc(C(C)(C)c3ccc(Oc4ccc(N5C(=O)c6ccc(C(c7ccc8c(c7)C(=O)N(*)C8=O)(C(F)(F)F)C(F)(F)F)cc6C5=O)cc4)cc3)cc2)cc1,PI982,1,60,0.6026220365256026,0.0,1,1.2383282139500005
*CC(*)c1ccccc1C(=O)OCCCCCC,PI106,1,17,-0.5563291722685669,0.0,1,1.008463411845
*CC(*)CNc1ccc([N+](=O)[O-])cc1,PI392,2,13,0.549694084845062,0.005127400127482928,2,1.2278305562
*CC(*)c1ccccc1COCCCC,PI89,2,14,-0.6491246136570603,0.006662189912950624,2,0.9900584905600001
*Oc1ccc(-c2ccc(OC(=O)CCCCCCCCCCCC(*)=O)cc2)cc1,PI585,1,29,-0.2574116582186984,0.0,1,1.0677503039
*C(F)C(*)(F)OC(F)(F)F,PI314,1,9,3.2254797947229963,0.0,1,1.7585422445
*CC(*)c1cc(Br)ccc1OCCCC,PI198,2,14,0.6942292947159727,0.0011866681558218143,2,1.2564974726000002
*CCCCCCN1C(=O)c2ccc(C(c3ccc4c(c3)C(=O)N(*)C4=O)(C(F)(F)F)C(F)(F)F)cc2C1=O,PI970,4,37,0.8635037822964319,0.010864034196484827,4,1.2900711436
*CC(*)C=C,PI521,2,4,-1.278654271544227,0.0038176569604808164,2,0.8651984368050001
*C(=O)Nc1cccc(C#Cc2cccc(N3C(=O)c4ccc(*)cc4C3=O)c2)c1,PI1018,4,28,0.4512914349386317,0.00612524495279656,4,1.208313508825
*CC(*)c1ccc(CCCCCCCCCC)cc1,PI127,2,18,-1.1254953756089796,0.003453748744145707,2,0.8955757633375
*/C=C\CC*,PI47,1,4,-1.1573883056281014,0.0,1,0.889250163095
*CC(CC(*)(C#N)C(=O)OC)c1ccccc1,PI238,2,16,-0.21414851422417897,0.0020486375092729635,2,1.076331056875
*CC(*)c1ccc(Cl)cc1C,PI190,2,10,-0.0968956299521074,0.0014210153285675634,2,1.099586834025
*CC(*)OC(=O)C(C)(C)C(C)C(C)C,PI366,3,13,-0.976172698223017,0.003045110125798019,3,0.925192219515
*C(O)C(*)O,PI305,2,4,1.3809699808769855,0.0180673988213804,2,1.3927046836749999
*C(=O)Nc1cccc(NC(=O)c2ccc(N3C(=O)c4ccc(*)cc4C3=O)cc2)c1,PI990,3,29,0.8239613542418923,0.012073290663517049,3,1.28222835235
*CC(*)CNc1ccc([N+](=O)[O-])cc1[N+](=O)[O-],PI396,1,16,1.0631920269612303,0.0,1,1.3296770377
*CC(*)CC(C)CC,PI38,1,7,-1.4570716091779683,0.0,1,0.829811385395
*CC(*)C(=O)c1ccc(Br)cc1,PI406,1,11,2.0585067230383465,0.0,1,1.52708639705
*CC(*)c1ccccc1C(=O)O,PI97,1,11,0.1304214248711568,0.0,1,1.14467258865
*c1ccc(-c2ccc(-n3c(=O)c4cc5c(=O)n(*)c(=O)c5cc4c3=O)cc2C(F)(F)F)c(C(F)(F)F)c1,PI967,3,36,0.5658203306549926,0.02286521427131851,3,1.2310290137999995
*CC(*)C(=O)Oc1ccc(C(=O)OC)cc1,PI469,2,15,0.4247650837072593,0.007341339226430777,2,1.2030523085
*CC(*)OC(=O)CC(C)(C)c1ccccc1,PI363,1,15,-0.2647264591986553,0.0,1,1.06629949625
*CC(*)c1ccc(OC)cc1,PI178,1,10,-0.371413866966588,0.0,1,1.0451392613
*CC(*)N1Cc2ccccc2N1,PI229,2,11,0.011442796782038358,0.009128544580167361,2,1.121074529825
*CC1(*)CCC(C)CC1,PI44,2,8,-1.299731879663655,0.0006377187215533717,2,0.8610179327575
*CC(*)C(C)=O,PI246,1,5,-0.41275660940741743,0.0,1,1.03693939815
*C#C/C(COS(=O)(=O)c1ccc(C)cc1)=C(/*)COS(=O)(=O)c1ccc(C)cc1,PI269,1,28,0.7177031165119158,0.0,1,1.2611532384000002
*c1ccc(Oc2ccc(S(=O)(=O)c3ccc(Oc4ccc(N5C(=O)c6ccc(C(c7ccc8c(c7)C(=O)N(*)C8=O)(C(F)(F)F)C(F)(F)F)cc6C5=O)cc4)cc3)cc2)cc1,PI983,1,60,0.9479938729622474,0.0,1,1.30682879295
*CC(*)c1ccccc1C(=O)OCCCC,PI102,1,15,-0.43116221393836623,0.0,1,1.03328885565
*CC(*)c1ccc(OCCC(C)C)cc1,PI182,1,14,-0.713008718749214,0.0,1,0.977387804285
*C(c1ccccc1)C(*)[N+](=O)[O-],PI222,1,11,-0.3092335508162991,0.0,1,1.0574720204
*CCC1CC(OC(=O)CCCCCCCCCCOc2ccc(-c3ccc(C#N)cc3)cc2)CC1*,PI399,1,35,-0.3771738180897456,0.0,1,1.04399684045
*c1ccc(Oc2cc(C(C)(C)C)ccc2Oc2ccc(-n3c(=O)c4cc5c(=O)n(*)c(=O)c5cc4c3=O)cc2)cc1,PI1032,3,40,0.39455916232655486,0.00822932871031799,3,1.19706130725
*CC(*)C(=O)OCc1ccccc1,PI473,1,12,0.09931605014403498,0.0,1,1.13850319105
*c1ccc(Oc2ccc(C(c3ccc(Oc4ccc(N5C(=O)c6ccc(Oc7ccccc7Oc7ccc8c(c7)C(=O)N(*)C8=O)cc6C5=O)cc4C(F)(F)F)cc3)(C(F)(F)F)C(F)(F)F)cc2)c(C(F)(F)F)c1,PI1077,5,73,1.182862493149422,0.01382946496804209,5,1.35341231475
*CC(*)C(=O)Oc1ccc(-c2ccccc2)cc1,PI472,1,17,0.16122330729253673,0.0,1,1.150781792
*CC(*)C(=O)Oc1cccc(C(=O)OCC)c1,PI468,1,16,0.2730588363235353,0.0,1,1.1729630983
*CC(*)C(=O)c1ccc(C)c(C)c1,PI328,1,12,-0.44714982211049337,0.0,1,1.03011789525
*c1ccc(Oc2ccc(N3C(=O)C4CCC5C(=O)N(*)C(=O)C5C4C3=O)cc2)cc1,PI1064,5,29,0.5349384338183273,0.009675529476488814,5,1.2249039405000002
*CC(*)c1ccccc1COCCC,PI87,2,13,-0.5690740460445264,0.00360488919823787,2,1.0059356109625002
*c1ccc2c(c1)C(=O)N(c1c(C(C)C)cc(Cc3cc(C(C)C)c(N4C(=O)c5ccc(C(*)(C(F)(F)F)C(F)(F)F)cc5C4=O)c(C(C)C)c3)cc1C(C)C)C2=O,PI973,5,56,-0.3313470627641426,0.007184647363801138,5,1.0530860566
*c1ccc2c(c1)C(=O)N(c1ccc(Sc3ccc(Oc4ccc(Sc5ccc(N6C(=O)c7ccc(C(*)(C(F)(F)F)C(F)(F)F)cc7C6=O)cc5)cc4)cc3)cc1)C2=O,PI1115,1,58,0.8975985007113946,0.0,1,1.29683344355
*CC(*)(C)C(=O)OCC(C)C,PI443,1,10,-0.7606956278107723,0.0,1,0.96792964778
*C(=O)c1ccc2c(c1)C(=O)N(c1cc(C(c3ccc(O)c(N4C(=O)c5ccc(*)cc5C4=O)c3)(C(F)(F)F)C(F)(F)F)ccc1O)C2=O,PI1041,1,47,1.160069772386687,0.0,1,1.3488916376
*C(=O)c1ccc2c(c1)C(=O)N(c1ccc(C3(c4ccc(N5C(=O)c6ccc(*)cc6C5=O)cc4)c4ccccc4-c4ccccc43)cc1)C2=O,PI969,4,49,0.07693998647649866,0.004499573341885474,4,1.1340651531
*OC(C)COC(*)=O,PI1116,2,7,0.42191645566889113,0.0020659866923473692,2,1.2024873155
*c1ccc(Oc2ccc(C(c3ccc(Oc4ccc(N5C(=O)c6ccc(Oc7ccc8c(c7)C(=O)N(*)C8=O)cc6C5=O)cc4)cc3)(C(F)(F)F)C(F)(F)F)cc2)cc1,PI961,4,58,0.8937793353448176,0.0042119344259535264,4,1.2960759555
*CC(*)c1cc(C(C)(C)C)ccc1C,PI193,2,13,-1.1127289493000216,0.00026355711747991125,2,0.8981078389200001
*CC(*)CNc1ccc([N+](=O)[O-])cc1C,PI394,1,14,0.3488589332819046,0.0,1,1.18799718615
*CC(*)(C)c1ccc(C)cc1,PI221,1,10,-0.9421442761447426,0.0,1,0.93194137034
*CC(*)(C)C(=O)OC(C)C,PI440,1,9,-0.7863472424634496,0.0,1,0.962841941515
*c1ccc2c(c1)C(=O)N(c1ccc(Oc3c(C)cc(C(c4cc(C)c(Oc5ccc(N6C(=O)c7ccc(C(*)(C(F)(F)F)C(F)(F)F)cc7C6=O)cc5)c(C)c4)c4cccc5ccccc45)cc3C)cc1)C2=O,PI1006,5,72,0.15188077909902692,0.018865432195919535,5,1.1489288077000002
*c1ccc(Oc2ccc(Oc3ccc(N4C(=O)c5ccc(Oc6cccc7c6C(=O)N(*)C7=O)cc5C4=O)cc3)cc2)cc1,PI1063,5,43,0.7087679441496866,0.003840218752996941,5,1.2593810485
*C(C)C(*)C,PI49,1,4,-1.4794399376405543,0.0,1,0.825374881635
*c1ccc(Oc2ccc(C3(c4ccc(Oc5ccc(N6C(=O)c7ccc(Oc8ccc(C9(c%10ccc(Oc%11ccc%12c(c%11)C(=O)N(*)C%12=O)cc%10)CCC(C(C)(C)C)CC9)cc8)cc7C6=O)cc5)cc4)CC4CC3C3CCCC43)cc2)cc1,PI1017,4,82,-0.07275276390143555,0.007877821340110003,4,1.10437529715
*CC(*)c1ccc(C(C)C)cc1C(C)C,PI188,2,14,-1.2652181546742927,0.005519123771449706,2,0.8678633379
*CC(*)C(=O)Oc1ccc(OC)cc1,PI464,1,13,0.277019897392069,0.0,1,1.17374872975
*CC(*)OC(=O)c1ccc(OCC)cc1,PI343,2,14,0.013218730139527722,0.002788982834658753,2,1.121426766025
*CC(*)c1ccc(C)nc1,PI228,1,9,-0.5233054486387557,0.0,1,1.01501329215
*CC(*)OC(=O)C(C)(C(C)C)C(C)C,PI356,2,13,-0.9734173488209249,0.0038868910476123676,2,0.9257387117575
*CC(*)C(=O)Oc1cccc(N(C)C)c1,PI475,2,14,0.16954585443778844,0.00011087497968609745,2,1.1524324746499999
*CC(*)c1ccc(C(=O)C(F)(F)F)cc1,PI223,1,14,0.7973084776118988,0.0,1,1.2769420571500003
*CC(*)OC(=O)c1cccc(Br)c1,PI334,1,12,2.19542676634668,0.0,1,1.5542429317
*CC(*)C(=O)c1ccc(C)cc1,PI330,1,11,-0.3338655304702908,0.0,1,1.05258654715
*c1ccc(Oc2ccccc2Oc2ccc(N3C(=O)c4ccc(-c5ccc6c(c5)C(=O)N(*)C6=O)cc4C3=O)cc2)cc1,PI1034,1,42,0.72072185059042,0.0,1,1.26175197
*CC(*)C1CC=CCC1,PI67,3,8,-1.1360873385436117,0.006111271554276914,3,0.893474967855
*c1ccc(Oc2ccc(Oc3ccc(N4C(=O)c5ccc(-c6ccc7c(c6)C(=O)N(*)C7=O)cc5C4=O)cc3)cc2)cc1,PI1033,2,42,0.6069183329587299,0.00035334659721508065,2,1.239180335525
*CC(*)c1ccc(CCCCCCCCCCCCCC)cc1,PI129,1,22,-1.1770826440637225,0.0,1,0.88534401487
*C(=O)Oc1ccc(OC(=O)c2ccc3c(c2)C(=O)N(c2ccc(-c4ccc(N5C(=O)c6ccc(*)cc6C5=O)cc4C(F)(F)F)c(C(F)(F)F)c2)C3=O)cc1,PI1089,2,54,1.1059500135797091,0.013430465953196247,2,1.33815759845
*CC(*)c1ccncc1,PI226,1,8,-0.3103199478198964,0.0,1,1.0572565459
*CC(*)OC(=O)c1cccc([N+](=O)[O-])c1,PI369,2,14,0.798557550938313,0.0012267705855464439,2,1.27718979665
*CC(*)c1ccc(C(=O)CCCCC)cc1,PI170,1,15,-0.6728545549665219,0.0,1,0.985351926365
*CC(*)OC(=O)c1ccccc1OC(C)=O,PI331,2,15,0.43995809241018047,0.002855406960759025,2,1.206065669125
*CC(*)C(=O)OC(F)(C(F)(F)F)C(F)(F)Cl,PI433,1,15,2.3873601376800195,0.0,1,1.5923107348
*C(=O)c1ccc2c(c1)C(=O)N(c1c(CC)cc(Cc3cc(CC)c(N4C(=O)c5ccc(*)cc5C4=O)c(CC)c3)cc1CC)C2=O,PI1070,5,45,-0.28861859888573055,0.009645748324070618,5,1.06156076185
*CCCCCCCCCCN1C(=O)C2C3C=CC(C4C(=O)N(*)C(=O)C34)C2C1=O,PI1080,3,28,-0.02358249536576941,0.006314972452554709,3,1.11412766115
*c1ccc(-c2sc(-c3ccc(-n4c(=O)c5cc6c(=O)n(*)c(=O)c6cc5c4=O)cc3)c(-c3ccccc3)c2-c2ccccc2)cc1,PI993,5,45,0.08312915024151432,0.01640686234470548,5,1.1352927034
*CC(*)P(=O)(OCC)N(C)C,PI381,3,10,-0.051787081516357865,0.006029604911267902,3,1.108533602
*Cc1cc(*)c(O)cc1C,PI1138,1,9,-0.13840298845380752,0.0,1,1.09135432115
*CC(*)c1ccccc1COCCCCC,PI90,2,15,-0.7170547955152846,6.317773876396067e-05,2,0.9765853109375
*CC(*)OC(=O)CCl,PI372,1,7,1.2667546834146515,0.0,1,1.37005137735
*CC(*)OC(=O)C1CCCC1,PI378,1,10,-0.31448868854581635,0.0,1,1.05642972355
*C(C)C(*)OCC,PI286,1,6,-0.991098503818004,0.0,1,0.92223185559
*c1ccc(Oc2c(C)cc(Cc3cc(C)c(Oc4ccc(-n5c(=O)c6cc7c(=O)n(*)c(=O)c7cc6c5=O)cc4)c(C)c3)cc2C)cc1,PI997,1,47,0.041072412773008694,0.0,1,1.12695122745
*C(=O)c1ccc2c(c1)C(=O)N(c1c(C)cc(C(c3cc(C)c(N4C(=O)c5ccc(*)cc5C4=O)c(C)c3)c3cccc4ccccc34)cc1C)C2=O,PI1002,5,51,-0.30430607441018864,0.013875902858436633,5,1.05844932935
*CC(*)C(=O)c1ccc(C(C)C)cc1,PI326,2,13,-0.5081975505594043,0.0017530719305505554,2,1.01800977205
*CC(*)c1ccc(-c2ccccc2)cc1,PI132,1,14,-0.4641528902752877,0.0,1,1.0267455299
*CC(*)OC(=O)CCCCCCCCCCC,PI243,2,16,-0.9929452489964953,0.0015845851500954611,2,0.92186557467
*CC(*)c1ccc(C(=O)OC)cc1,PI160,2,12,-0.16055568452205862,0.006070258749035539,2,1.086960585625
*CC(*)c1ccc(C(C)CC)cc1,PI123,1,12,-1.0720618674496256,0.0,1,0.90617369247
*c1ccc2c(c1)C(=O)N(c1cc(N3C(=O)c4ccc(C(*)(C(F)(F)F)C(F)(F)F)cc4C3=O)ccc1C)C2=O,PI974,5,38,0.7234560687465709,0.032958656787381926,5,1.2622942711
*C=CCCCCCC*,PI57,1,8,-1.3113079775797452,0.0,1,0.858721945285
*CC(*)CCCCCCCCCCCCCC,PI56,1,16,-1.4542962058792814,0.0,1,0.8303618550999999
*c1ccc2c(c1)C(=O)N(c1ccc(C(c3ccc(C)c(N4C(=O)c5ccc(C(*)(C(F)(F)F)C(F)(F)F)cc5C4=O)c3)(C(F)(F)F)C(F)(F)F)cc1C)C2=O,PI980,2,54,0.646160578955155,0.003109629809108109,2,1.246963589075
*c1ccc(Oc2ccc(C(C)(C)c3ccc(Oc4ccc(N5C(=O)C6CCC7C(=O)N(*)C(=O)C7C6C5=O)cc4)cc3)cc2)cc1,PI1068,5,45,0.2236412070065561,0.0030368921007222134,5,1.1631616730999998
*c1ccc2c(c1)C(=O)N(c1c(C)cc(Cc3cc(C)c(N4C(=O)c5ccc(C(*)(C(F)(F)F)C(F)(F)F)cc5C4=O)c(C)c3)cc1C)C2=O,PI971,5,48,0.12669497593319895,0.023175853456444264,5,1.1439334898500002
*CC(*)c1cc(C)cc(C)c1,PI205,1,10,-0.9523626948524812,0.0,1,0.92991466311
*CC(*)c1cc(C)c(C)cc1C,PI211,1,11,-0.979192347125802,0.0,1,0.92459330647
*CC(*)C,PI2,1,3,-1.4209621871844347,0.0,1,0.836973278905
*CC(*)C(=O)OCC(F)(F)C(F)(F)F,PI430,1,13,1.9219120999368682,0.0,1,1.4999944058
*c1ccc(Oc2ccc(C3(c4ccc(Oc5ccc(N6C(=O)c7ccc(Oc8ccc(C9(c%10ccc(Oc%11ccc%12c(c%11)C(=O)N(*)C%12=O)cc%10)CCCCCCCCCCC9)cc8)cc7C6=O)cc5)cc4)C4CC5CC(C4)CC3C5)cc2)cc1,PI1048,5,84,-0.08626929679777029,0.0015717901252810345,5,1.10169444645
*c1ccc(Oc2c(C)cc(C(c3cc(C)c(Oc4ccc(-n5c(=O)c6cc7c(=O)n(*)c(=O)c7cc6c5=O)cc4)c(C)c3)c3cccc4ccccc34)cc2C)cc1,PI1004,5,57,-0.17846970593588207,0.009750214558487826,5,1.08340754305
*c1ccc(Oc2ccc(Oc3ccc(N4C(=O)c5cccc(Oc6cccc7c6C(=O)N(*)C7=O)c5C4=O)cc3)cc2)cc1,PI1062,4,43,0.7434255206248459,0.006254350144407278,4,1.2662549849499998
*CC(*)CCCCCCCCCCCCCCCCCCCC,PI54,3,22,-1.4348699079325666,0.00417339071980078,3,0.83421484054
*CC(*)CCc1ccc(C)cc1,PI282,1,11,-0.7103817559943006,0.0,1,0.977908832495
*CC(*)c1cccc2ccccc12,PI217,2,12,-0.32803415579458883,0.018206919297813214,2,1.0537431340499999
*CC(*)C1CC1,PI20,1,5,-1.1430896699704545,0.0,1,0.89208613499
