smiles_list,monomer_ID,replicate_count,heavy_atom_count,linear_expansion,linear_expansion_std,linear_expansion_count,linear_expansion_raw
*CC(*)c1ccc(N(C)C)cc1,PI177,1,11,0.0035558056075013296,0.0,1,0.0001142312750412
*c1ccc(-c2ccc(N3C(=O)c4cc5c(cc4C3=O)C(C(F)(F)F)(C(F)(F)F)c3cc4c(cc3O5)C(=O)N(*)C4=O)cc2OC(F)(F)F)c(OC(F)(F)F)c1,PI1112,3,54,-1.285597717552316,2.742804150135225e-05,3,4.00510527491e-05
*CC(*)OC(=O)CCCCCCC,PI370,1,12,1.2472621227503327,0.0,1,0.0001857963830088
*CC(*)c1ccc(C(C)C)cc1C(C)C,PI188,2,14,-0.3850547346493604,3.5528574708113627e-06,2,9.18699226162e-05
*CC(*)C(=O)Oc1ccc(C#N)cc1,PI476,2,13,-0.7811630127851232,3.5163171799565004e-06,2,6.907713681065e-05
*CC(*)c1ccc(S(=O)(=O)OCCC)cc1,PI185,2,15,0.33760275208459467,6.746192515698014e-05,2,0.0001334529397231
*CC(*)c1ccc(C(=O)OCCC)cc1,PI162,1,14,1.3374362077702406,0.0,1,0.0001909851627403
*CC(*)c1ccc(O)cc1,PI231,1,9,-1.078469780225415,0.0,1,5.19695683935e-05
*CCC=C(*)CCC,PI77,1,7,1.9752116394308188,0.0,1,0.0002276839130777
*CC(*)C(N)=O,PI455,1,5,-1.8779234808140481,0.0,1,5.9675584261e-06
*CC(*)Cc1ccccc1,PI26,1,9,-0.7757756110575345,0.0,1,6.93871376372e-05
*CC(*)c1ccc(C(C)(C)O)cc1,PI139,1,12,0.04043628239948618,0.0,1,0.0001163534442922
*c1cccc(P(=O)(c2ccc(C(F)(F)F)cc2)c2cccc(-n3c(=O)c4c(-c5cc(C(F)(F)F)cc(C(F)(F)F)c5)c5c(=O)n(*)c(=O)c5c(-c5cc(C(F)(F)F)cc(C(F)(F)F)c5)c4c3=O)c2)c1,PI1052,5,68,0.5435259579929986,0.00014548474495497,5,0.0001453021329456
*C(=O)Oc1ccc(OC(=O)c2ccc3c(c2)C(=O)N(c2ccc(-c4ccc(N5C(=O)c6ccc(*)cc6C5=O)cc4C(F)(F)F)c(C(F)(F)F)c2)C3=O)cc1,PI1089,2,54,-0.89743308084645,1.381602782405315e-05,2,6.238674707835e-05
*/C=C\CCCCC*,PI74,1,7,0.836601615487345,0.0,1,0.0001621662356539
*Oc1ccc(OC(=O)Oc2ccc(-c3ccc(OC(*)=O)cc3)cc2)cc1,PI815,1,26,-0.5150680120110891,0.0,1,8.43887237967e-05
*CC(*)OC(=O)C1CCCCC1,PI340,1,11,0.11692762246526561,0.0,1,0.0001207548941642
*CC1CC(*)C(OC(=O)CCCCCCCCCCOc2ccc(-c3ccc(C#N)cc3)cc2)C1,PI398,1,34,-0.3572336068215469,0.0,1,9.34708005641e-05
*CCC(C)C(*)C,PI51,2,6,0.36086326863036516,3.5260014041107515e-05,2,0.0001347913918601
*CC(*)C(=O)OCCCC,PI415,1,9,3.4550220763660144,0.0,1,0.0003128348785678
*C=CC(C*)OC,PI303,3,6,1.6412332369698963,2.4957509267835786e-05,3,0.0002084661925423
*C(=O)Oc1ccc(C(C)(C)c2ccc(OC(=O)c3ccc4c(c3)C(=O)N(c3ccc(-c5ccc(N6C(=O)c7ccc(*)cc7C6=O)cc5)cc3)C4=O)cc2)cc1,PI958,2,55,-0.9340005045042838,1.679164356842392e-06,2,6.028259147015e-05
*c1ccc2c(c1)C(=O)N(c1ccc(Oc3ccc(-c4ccc(Oc5ccc(N6C(=O)c7ccc(C(*)(C(F)(F)F)C(F)(F)F)cc7C6=O)cc5)cc4)cc3)cc1)C2=O,PI981,2,57,-1.08128619027722,7.363674544829918e-06,2,5.18075070719e-05
*CC(*)c1cc(C)ccc1F,PI197,2,10,-0.42537410954604565,6.714469642806959e-07,2,8.954987295664999e-05
*C(F)(F)C(*)(F)c1ccccc1,PI215,1,11,2.8390042470902856,0.0,1,0.0002773880999719
*CCC=C(*)CCCCCCC,PI68,2,11,0.9319466465323586,3.890649861727467e-06,2,0.00016765256095984998
*Nc1ccc(*)cc1,PI1131,2,7,-1.4753480411070454,4.306866925324486e-05,2,2.913247638995e-05
*CC(*)Cc1ccc(C)c(C)c1,PI292,2,11,0.12364601074340101,8.404716715666914e-06,2,0.000121141482361
*CC(*)C(=O)Oc1ccc(C(=O)OC)cc1,PI469,2,15,-0.21473597272567377,1.465721634815681e-05,2,0.0001016703718203
*CC(*)OC(=O)C(C)(C(C)C)C(C)C,PI356,2,13,0.3696839276960361,5.196659403257195e-05,2,0.0001352989485153
*CC(*)N1CCCC1=O,PI408,1,8,-0.06143012318385689,0.0,1,0.0001104918673159
*CC(*)c1ccc(C(=O)CCN2CCCCC2)cc1,PI158,1,18,-0.6276142562118082,0.0,1,7.79126096156e-05
*C(=O)c1ccc2c(c1)C(=O)N(c1cc(C(c3ccc(O)c(N4C(=O)c5ccc(*)cc5C4=O)c3)(C(F)(F)F)C(F)(F)F)ccc1O)C2=O,PI1041,1,47,-1.1050457640295255,0.0,1,5.04403382818e-05
*CC(*)OC(=O)c1cccc(Br)c1,PI334,1,12,-0.3930251956231648,0.0,1,9.14112878949e-05
*CC(*)CC(C)CC,PI38,1,7,0.7727620808321293,0.0,1,0.0001584927935179
*CC(*)c1c(F)c(F)c(F)c(F)c1F,PI212,1,13,-0.30966776203762175,0.0,1,9.62078251901e-05
*c1ccc(Oc2ccc(Oc3ccc(N4C(=O)c5ccc(-c6cccc7c6C(=O)N(*)C7=O)cc5C4=O)cc3)cc2)cc1,PI1108,2,42,-1.1112683655181006,8.256968894857317e-06,2,5.0082278552400004e-05
*CC(*)C1CCC(C)CC1,PI66,1,9,-0.23916774667470586,0.0,1,0.0001002645234167
*CC(*)c1ccc(CCCCCCCCCC)cc1,PI127,2,18,1.003176207531143,1.6204841542987594e-05,2,0.0001717512385601
*c1ccc2c(c1)C(=O)N(c1cccc(Oc3ccc(S(=O)(=O)c4ccc(Oc5cccc(N6C(=O)c7ccc(C(*)(C(F)(F)F)C(F)(F)F)cc7C6=O)c5)cc4)cc3)c1)C2=O,PI984,5,60,-0.9981438725370194,3.7577346704544485e-05,5,5.65916662128e-05
*CC(*)OC(=O)c1ccc(OC(=O)CCC)cc1,PI336,1,17,0.5012560660859856,0.0,1,0.0001428698470141
*CC(*)CCCCCCCCCCCC,PI32,2,14,1.2421017517364987,1.6717978151140522e-05,2,0.00018549944593960002
*C(O)C(*)O,PI305,2,4,-1.3956766651171877,5.2992894709016093e-05,2,3.3716911273049994e-05
*CC(*)c1ccc(COCCCCCCOc2ccc(-c3ccc(OC)cc3)cc2)cc1,PI234,1,31,-0.012628052811939655,0.0,1,0.0001133000265952
*CC(*)C(=O)N1CCCCC1,PI461,1,10,-0.44853146223523976,0.0,1,8.82173570543e-05
*c1ccc(S(=O)(=O)c2ccc(N3C(=O)c4ccc(C(c5ccc6c(c5)C(=O)N(*)C6=O)(C(F)(F)F)C(F)(F)F)cc4C3=O)cc2)cc1,PI975,5,46,-1.0603536370309177,2.8274447296880295e-05,5,5.30120039957e-05
*CC(*)CCCCCCCCC,PI64,3,11,0.9404601073643728,3.407980317149542e-05,3,0.0001681424408738
*CC(*)c1ccc(CCCCCCCCCCCC)cc1,PI128,2,20,1.3204213253989432,1.5389344559940175e-05,2,0.00019000609567505002
*CC(*)CCC,PI4,2,5,0.13763837999510464,2.3414944707879988e-05,2,0.00012194662856185
*c1ccc(Oc2ccc(C3(c4ccc(Oc5ccc(N6C(=O)c7ccc(Oc8ccc(C9(c%10ccc(Oc%11ccc%12c(c%11)C(=O)N(*)C%12=O)cc%10)CCC(C(C)(C)C)CC9)cc8)cc7C6=O)cc5)cc4)CC4CC3C3CCCC43)cc2)cc1,PI1017,4,82,-0.9000426109813726,6.350051472842379e-06,4,6.223659000085e-05
*CC(*)c1ccc(C(C)(O)CCC)cc1,PI141,2,14,-0.29567337137300964,2.0859184303889134e-05,2,9.701308770669999e-05
*CC(*)OC(=O)C(F)(F)C(F)(F)C(F)(F)F,PI346,1,15,0.21752240827972888,0.0,1,0.0001265432998421
*CC(*)C(C)=O,PI246,1,5,-0.09981798552576954,0.0,1,0.0001082829603776
*CC(*)C(=O)Oc1ccccc1,PI463,1,11,-0.10491820113740308,0.0,1,0.0001079894847589
*C(C)C(*)C,PI49,1,4,-0.4583160933290415,0.0,1,8.76543317074e-05
*CC(*)SCCCC,PI307,2,7,1.7583645881896048,3.4230456910389036e-05,2,0.00021520614206325
*c1cccc(P(=O)(c2cccc(-n3c(=O)c4c(-c5ccccc5)c5c(=O)n(*)c(=O)c5c(-c5ccccc5)c4c3=O)c2)c2cc(C(F)(F)F)cc(C(F)(F)F)c2)c1,PI1057,5,56,-0.5026730395825948,0.0001303944678868195,5,8.5101952899e-05
*CC(*)SC,PI317,2,4,-0.053786307631282955,2.0026261181073515e-05,2,0.00011093170626965001
*C(=O)c1ccc2c(c1)C(=O)N(c1ccc(C(=O)Nc3ccc(N4C(=O)c5ccc(*)cc5C4=O)cc3)cc1)C2=O,PI991,5,39,-1.1281431936997348,1.901066458011241e-05,5,4.91112704582e-05
*c1ccc(Sc2ccc3c(c2)Sc2ccc(Sc4ccc(-n5c(=O)c6cc7c(=O)n(*)c(=O)c7cc6c5=O)cc4)cc2S3)cc1,PI1086,2,44,-1.0480322715722765,3.859083885068975e-06,2,5.3720997620000004e-05
*CC(*)OC(=O)C(C)(C)CC(C)(C)C,PI367,1,13,-0.25275436940470214,0.0,1,9.94827246036e-05
*c1ccc(Oc2c(C)cc(Cc3cc(C)c(Oc4ccc(N5C(=O)c6ccc(-c7ccc8c(c7)C(=O)N(*)C8=O)cc6C5=O)cc4)c(C)c3)cc2C)cc1,PI998,3,53,-0.9713036662799927,2.154590706009695e-05,3,5.81361001617e-05
*c1ccc(S(*)(=O)=O)cc1,PI1137,1,9,-0.11178586687406174,0.0,1,0.0001075943068675
*C(=O)c1ccc2c(c1)C(=O)N(c1ccc(C3(c4ccc(N5C(=O)c6ccc(*)cc6C5=O)cc4)c4ccccc4-c4ccccc43)cc1)C2=O,PI969,4,49,-1.2416473890513757,2.7738132216966118e-06,4,4.258003403755e-05
*CCCCCCOC(=O)CCCCCNC(=O)CCCCC(=O)NCCCCCC(=O)O*,PI598,1,32,-0.10017349961236614,0.0,1,0.0001082625034549
*c1ccc(-c2ccc(N3C(=O)c4ccc(-c5cccc6c5C(=O)N(*)C6=O)cc4C3=O)cc2C(F)(F)F)c(C(F)(F)F)c1,PI1106,1,42,-0.04408516424252126,0.0,1,0.0001114899275832
*c1ccc(Oc2ccc(N3C(=O)c4cccc(Oc5cccc6c5C(=O)N(*)C6=O)c4C3=O)cc2)cc1,PI1060,5,36,-0.994674732344652,1.0777611306686037e-05,5,5.67912868057e-05
*CC(*)OCC(F)(F)F,PI376,2,8,1.5546574038878953,0.00010628036479362184,2,0.00020348446272675002
*c1ccc(Oc2ccc(N3C(=O)c4ccc(Oc5ccc(C6(c7ccc(Oc8ccc9c(c8)C(=O)N(*)C9=O)cc7)CCC(c7ccccc7)CC6)cc5)cc4C3=O)cc2)cc1,PI1028,2,61,-0.5452676608760956,9.145248807964664e-06,2,8.265098145205e-05
*CC(*)C(=O)Oc1ccc(OC)cc1,PI464,1,13,1.2191053471830873,0.0,1,0.0001841761912837
*c1cccc(Oc2ccc(N3C(=O)c4ccc(C(=O)c5ccc6c(c5)C(=O)N(*)C6=O)cc4C3=O)cc2)c1,PI992,5,37,-0.9270251655357478,1.4267528223196472e-05,5,6.06839650738e-05
*CC(*)Cc1cccc(C)c1,PI294,1,10,-0.7303694602620094,0.0,1,7.19998895701e-05
*CC(*)c1ccccc1C(=O)NC,PI94,2,12,-0.7458768952883084,1.628967496538716e-05,2,7.110756374795e-05
*CC(*)CNc1ccc([N+](=O)[O-])cc1C,PI394,1,14,0.06826287217262851,0.0,1,0.0001179546365303
*CC1CC(*)C(OC(=O)CCCCCCCCCCOc2ccc(-c3ccc(C#N)cc3)cc2)C1OC(=O)CCCCCCCCCCOc1ccc(-c2ccc(C#N)cc2)cc1,PI397,1,62,-0.381895341311548,0.0,1,9.20517198156e-05
*CC(*)c1ccc(C(=O)OCCCCCC)cc1,PI166,1,17,3.0254297206772174,0.0,1,0.0002881153584583
*CC(*)c1ccc(C)nc1,PI228,1,9,-0.5290462937079795,0.0,1,8.35843882192e-05
*CC(C)C(*)(C)C,PI16,2,6,-0.07497967324203461,7.31741418318396e-05,2,0.0001097122017313
*CC(*)C(=O)OC(F)(C(F)(F)F)C(F)(F)Cl,PI433,1,15,0.14804147641615284,0.0,1,0.0001225452415208
*CC(*)C(=O)OC(C(F)(F)F)C(F)(F)F,PI431,1,14,-0.19374286796864576,0.0,1,0.0001028783529874
*Oc1ccc2ccc(OC(=O)Oc3ccc(OC(*)=O)cc3)cc2c1,PI816,1,24,-1.146163781164309,0.0,1,4.80743333053e-05
*CCCC=C(*)c1ccc(OC)cc1,PI389,2,13,0.319251050951847,2.8815537263635068e-05,2,0.00013239694969165
*CC(*)C(=O)NC(C)C,PI456,1,8,3.682668022375135,0.0,1,0.000325934037493
*CC(*)c1ccc(OCCC)cc1,PI180,2,12,0.5464613111323205,8.497971450813636e-06,2,0.0001454710384673
*CC(*)C(=O)Oc1cccc(C(=O)OC)c1,PI467,3,15,-0.39833878292564695,2.382308090758753e-05,3,9.11055344837e-05
*Oc1ccc(-c2ccc(OC(=O)CCCCCCCCCCCC(*)=O)cc2)cc1,PI585,1,29,0.4326565662190882,0.0,1,0.000138922507882
*CC(*)CC1CCCC1,PI23,1,8,-0.9331369861380017,0.0,1,6.03322798767e-05
*CC(*)c1ccc(CCCCCCCCCCCCCC)cc1,PI129,1,22,2.232997835417926,0.0,1,0.0002425173964283
*CC(*)C(C)C,PI5,3,5,-0.5919195470801313,5.8538097737772575e-05,3,7.99665476536e-05
*CC(*)(C)C(=O)OCc1ccccc1,PI450,1,13,0.31945818678440013,0.0,1,0.0001324088686616
*CC(*)CCc1ccccc1C,PI281,1,11,-0.019320633850155897,0.0,1,0.0001129149233936
*CC(*)OC(=O)CCl,PI372,1,7,0.04886498715647432,0.0,1,0.0001168384471885
*CC(*)CC1CCCCC1,PI25,1,9,-0.6609166904253981,0.0,1,7.59963273975e-05
*CC(*)c1ccc(C(=O)O)c(C(=O)O)c1,PI239,2,14,-1.185950365797999,1.1305104233247426e-05,2,4.578494135985e-05
*CC(*)OC(=O)CCCCC,PI385,1,10,1.7070085156694004,0.0,1,0.0002122510208871
*CC(*)C(=O)c1ccc(C(C)(C)C)cc1,PI323,1,14,-0.09862893608978904,0.0,1,0.0001083513804299
*c1ccc2c(c1)C(=O)N(c1ccc(Sc3ccc(Oc4ccc(Sc5ccc(N6C(=O)c7ccc(C(*)(C(F)(F)F)C(F)(F)F)cc7C6=O)cc5)cc4)cc3)cc1)C2=O,PI1115,1,58,-0.1469140603137813,0.0,1,0.0001055729671657
*CC(*)OC(=O)c1cccc(Cl)c1,PI338,1,12,-0.855914629270336,0.0,1,6.47757937759e-05
*CC(*)c1ccc(COCC(CC)CCCC)cc1,PI235,2,18,1.4361166371145915,4.508282064839937e-06,2,0.00019666341288905001
*CC(*)(C)C(=O)OC(C)(C)C,PI444,1,10,-1.7608288962721146,0.0,1,1.2705392326e-05
*c1ccc(Oc2ccc(Oc3ccc(-n4c(=O)c5cc6c(=O)n(*)c(=O)c6cc5c4=O)cc3)cc2C(C)(C)C)cc1,PI1030,2,40,-1.1090830815014194,8.151977490977093e-06,2,5.020802374195e-05
*CC(*)C(=O)Oc1ccc(C(=O)OCCCC)cc1,PI471,2,18,0.400847938213717,9.507986307907165e-06,2,0.00013709218197135
*c1ccc(Sc2ccc(Oc3ccc(Sc4ccc(N5C(=O)c6ccc(Oc7ccc(C(C)(C)c8ccc(Oc9ccc%10c(c9)C(=O)N(*)C%10=O)cc8)cc7)cc6C5=O)cc4)cc3)cc2)cc1,PI1114,1,66,-0.5627072318030842,0.0,1,8.16474770402e-05
*C(c1ccccc1)C(*)[N+](=O)[O-],PI222,1,11,-1.4244872580962173,0.0,1,3.20590977131e-05
*CC(CC(*)(C#N)C(=O)OC)c1ccccc1,PI238,2,16,0.09425012843686226,3.44136589015828e-05,2,0.00011944999019594999
*CC(*)c1ccccc1COC(C)C,PI88,1,13,0.34789427709582316,0.0,1,0.0001340451326616
*C(F)(F)C(*)(F)OC(F)C(F)F,PI405,1,11,-0.23842559927853654,0.0,1,0.0001003072279184
*CC(*)CCCCCCCCCCC,PI63,1,13,2.1798089950812107,0.0,1,0.0002394568144815
*CC(*)C=O,PI242,1,4,-0.2619049779441228,0.0,1,9.89561820597e-05
*CC(*)c1ccccc1C(=O)OCCC(C)C,PI105,2,16,0.6650362841380546,2.2888316573971944e-05,2,0.0001522940565934
*c1ccc(Oc2ccc(Oc3ccc(N4C(=O)C5CCC6C(=O)N(*)C(=O)C6C5C4=O)cc3)cc2)cc1,PI1067,3,36,-1.1966478138964733,1.043226421938126e-05,3,4.51693908737e-05
*c1cccc(N2C(=O)c3ccc(-c4cccc5c4C(=O)N(*)C5=O)cc3C2=O)c1,PI1103,1,28,-0.863508356920975,0.0,1,6.43388369705e-05
*CC(*)OC1CCCCC1,PI308,2,9,-0.5509108034719663,1.3420118634524178e-05,2,8.2326264834e-05
*CC(*)CCCCCC,PI30,1,8,0.9425277778042864,0.0,1,0.0001682614183657
*c1ccc(Oc2ccc(C(c3ccc(Oc4ccc(N5C(=O)c6ccc(Oc7ccccc7Oc7ccc8c(c7)C(=O)N(*)C8=O)cc6C5=O)cc4C(F)(F)F)cc3)(C(F)(F)F)C(F)(F)F)cc2)c(C(F)(F)F)c1,PI1077,5,73,-0.670700642998616,1.243212069148393e-05,5,7.54333410939e-05
*C#C/C(COS(=O)(=O)c1ccc(C)cc1)=C(/*)COS(=O)(=O)c1ccc(C)cc1,PI269,1,28,-0.6634539746773898,0.0,1,7.58503274786e-05
*CC(*)P(=O)(Oc1ccccc1)N(C)C,PI382,1,14,0.5855924137818709,0.0,1,0.0001477227127954
*CC(*)c1ccc(C(O)CCN(C)C)cc1,PI144,2,15,0.7493350706885781,0.0001035461731998773,2,0.00015714476103855
*CC(*)C(=O)c1ccc(C(C)C)cc1,PI326,2,13,0.8077678092710809,2.5084868850480568e-05,2,0.00016050708636235
*c1ccc2c(c1)Cc1cc(-n3c(=O)c4cc5c(=O)n(*)c(=O)c5cc4c3=O)ccc1-2,PI676,1,29,-1.3715870718055672,0.0,1,3.51030699847e-05
*CC(*)c1ccncc1,PI226,1,8,-0.662335071162455,0.0,1,7.59147112079e-05
*c1ccc2c(c1)C(=O)N(c1c(C)cc(C(c3cc(C)c(N4C(=O)c5ccc(C(*)(C(F)(F)F)C(F)(F)F)cc5C4=O)c(C)c3)c3cccc4ccccc34)cc1C)C2=O,PI1003,1,58,-0.4196030943532588,0.0,1,8.98819475949e-05
*CC(*)C1CCCCC1,PI24,1,8,-0.5941841739250155,0.0,1,7.98362369344e-05
*c1ccc(N2C(=O)c3ccc(-c4ccc5c(c4)C(=O)N(*)C5=O)cc3C2=O)nc1,PI715,1,28,-1.0025516855291106,0.0,1,5.63380326915e-05
*CC(*)C(=O)Oc1ccccc1C(=O)OCC,PI466,1,16,-0.5431483629492788,0.0,1,8.27729296828e-05
*/C=C\CCCC*,PI60,2,6,1.5571416680628793,4.7496998900777836e-05,2,0.00020362741177465
*C1Cc2ccccc2C1*,PI386,1,9,-1.1712845637083888,0.0,1,4.66288381026e-05
*CC(*)OC(=O)c1ccc(OC(C)=O)cc1,PI332,1,15,-0.28769549512103443,0.0,1,9.74721491165e-05
*CC(*)C(=O)OCCCCCCCCCCCCCCCC,PI424,2,21,0.6799152525799824,3.3414060347933094e-06,2,0.0001531502193131
*CC(*)C(=O)Oc1cccc(C(=O)OCC)c1,PI468,1,16,0.2211141012916231,0.0,1,0.0001267499723456
*CC(*)C1CC=CCC1,PI67,3,8,-0.6509606894696149,3.948697536260221e-05,3,7.65692136758e-05
*c1ccc(Oc2ccc(Oc3ccc(N4C(=O)c5ccc(Oc6ccccc6Oc6ccc7c(c6)C(=O)N(*)C7=O)cc5C4=O)cc3C(F)(F)F)cc2)c(C(F)(F)F)c1,PI1072,5,58,-0.6045608769992393,5.104228219735924e-05,5,7.92391426963e-05
*CC(*)c1ccccc1C(=O)OCC,PI99,2,13,1.215632826822237,4.8397761557418186e-05,2,0.0001839763761898
*CCC=C(*)C(C)C,PI69,1,7,0.23167996977277602,0.0,1,0.0001273579515029
*CC(*)OC,PI253,1,4,0.008471163631442251,0.0,1,0.0001145141136204
*C=CCCCCCCCC*,PI53,2,10,1.4249607483265323,2.4905611892164717e-05,2,0.00019602148289755002
*CC(*)c1ccccc1C(=O)O,PI97,1,11,-0.7555428268470795,0.0,1,7.05513685867e-05
*CC(*)c1cccc(Cl)c1,PI116,2,9,0.979561264592299,2.7354325635079884e-05,2,0.00017039239208825
*CC(*)C(=O)OCCc1ccccc1,PI474,1,13,-0.44407594228750075,0.0,1,8.847373572e-05
*c1ccc2c(c1)C(=O)N(c1c(CC)cc(Cc3cc(CC)c(N4C(=O)c5ccc(C(*)(C(F)(F)F)C(F)(F)F)cc5C4=O)c(CC)c3)cc1CC)C2=O,PI972,5,52,-0.24114894168880535,3.4466744678478365e-05,5,0.000100150521877
*CC(*)c1cc(Cl)ccc1Cl,PI195,2,10,-0.5845739943995485,1.0491293139703133e-06,2,8.038922402295e-05
*CC(*)c1ccc(COCCCCO)cc1,PI151,3,15,0.07752183789273781,1.2989299864790725e-05,3,0.0001184874141421
*CCCCCCCCCCN1C(=O)C2C3C=CC(C4C(=O)N(*)C(=O)C34)C2C1=O,PI1080,3,28,-0.5137136826470843,6.460334531907375e-06,3,8.44666543546e-05
*CC(*)c1ccccc1C(=O)OCCCCC,PI104,1,16,1.2470335959582382,0.0,1,0.0001857832331644
*CCC1CC(OC(=O)CCCCCCCCCCOc2ccc(-c3ccc(C#N)cc3)cc2)CC1*,PI399,1,35,-0.46534530868851026,0.0,1,8.72498579589e-05
*CC(*)c1ccc(-c2ccccc2)cc1,PI132,1,14,-0.6749897664857754,0.0,1,7.51865371811e-05
*CCO*,PI524,1,3,3.1092988962605315,0.0,1,0.0002929413423124
*CC(*)C(=O)N1CCOCC1,PI462,1,10,-0.02565812225535097,0.0,1,0.0001125502528635
*c1ccc(Oc2ccc(C(c3ccc(Oc4ccc(N5C(=O)c6ccc(Oc7ccc8c(c7)C(=O)N(*)C8=O)cc6C5=O)cc4)cc3)(C(F)(F)F)C(F)(F)F)cc2)cc1,PI961,4,58,-0.9787360339047547,4.347589564102584e-05,4,5.770842830365e-05
*c1ccc(-c2ccc(N3C(=O)c4ccc(-c5cccc6c5C(=O)N(*)C6=O)cc4C3=O)c(C)c2)cc1C,PI1104,2,36,-0.6922904149993555,2.598065178475975e-05,2,7.419102661585e-05
*Cc1cc(*)c(O)cc1C,PI1138,1,9,-0.6313328423640522,0.0,1,7.76986354516e-05
*CC(*)CNc1ccc([N+](=O)[O-])cc1[N+](=O)[O-],PI396,1,16,3.366553081466605,0.0,1,0.0003077442128017
*CC(*)c1ccc(C(=O)CCC)cc1,PI168,2,13,2.195926569055538,1.6547498468145947e-05,2,0.0002403842488008
*CC(*)c1cccc(CC)c1,PI114,1,10,0.9448479985296365,0.0,1,0.0001683949280572
*CC(*)SCC,PI309,3,5,0.21863045761506084,1.530466789599346e-05,3,0.0001266070590023
*CC(*)OCC(C)(C)CC,PI316,1,9,1.2997808318973216,0.0,1,0.0001888184043965
*c1ccc(Oc2c(C)cc(C(C)(C)c3cc(C)c(Oc4ccc(N5C(=O)c6ccc(Oc7ccc(C8(c9ccc(Oc%10ccc%11c(c%10)C(=O)N(*)C%11=O)cc9)CCC(c9ccccc9)CC8)cc7)cc6C5=O)cc4)c(C)c3)cc2C)cc1,PI1023,5,81,-0.8142943753451318,3.129212911003202e-05,5,6.71706983645e-05
*c1cccc(P(=O)(c2ccc(C(F)(F)F)cc2)c2cccc(-n3c(=O)c4c(-c5ccc(C(F)(F)F)cc5)c5c(=O)n(*)c(=O)c5c(-c5ccc(C(F)(F)F)cc5)c4c3=O)c2)c1,PI1055,5,60,-0.5401833387949082,5.55284031122919e-05,5,8.29435425283e-05
*CC(*)OC(=O)c1ccncc1,PI354,2,11,-0.23295207446634947,1.9221994432145293e-05,2,0.0001006221844228
*C1CC(*)(C#N)C1,PI290,1,6,-1.5115410121878095,0.0,1,2.70498674594e-05
*CCCC(*)(C)C,PI17,1,6,-0.7085039583428626,0.0,1,7.32580700457e-05
*c1ccc(-c2ccc(-n3c(=O)c4cc5c(=O)n(*)c(=O)c5cc4c3=O)cc2C(F)(F)F)c(C(F)(F)F)c1,PI967,3,36,-1.0931979313614335,4.589144016119833e-06,3,5.1122083974e-05
*CC(*)c1ccc(OCCC(C)C)cc1,PI182,1,14,0.7797018959184268,0.0,1,0.0001588921230132
*CC(*)c1cccc2ccccc12,PI217,2,12,-0.46675195745026676,1.533513979056194e-05,2,8.716891684835e-05
*C(C)C(*)OC(C)(C)C,PI285,2,8,-0.4749337873510609,5.177305995223063e-06,2,8.669811957719999e-05
*c1ccc(Oc2ccc(S(=O)(=O)c3ccc(Oc4ccc(N5C(=O)c6ccc(C(c7ccc8c(c7)C(=O)N(*)C8=O)(C(F)(F)F)C(F)(F)F)cc6C5=O)cc4)cc3)cc2)cc1,PI983,1,60,-1.0088073408184444,0.0,1,5.59780709867e-05
*c1ccc(C(c2ccc(N3C(=O)c4cc5c(cc4C3=O)C(C(F)(F)F)(C(F)(F)F)c3cc4c(cc3O5)C(=O)N(*)C4=O)cc2)(C(F)(F)F)C(F)(F)F)cc1,PI995,5,53,-1.000553678745229,1.7120396622661484e-05,5,5.64530016108e-05
*CC(*)OC(=O)c1ccccc1Cl,PI337,1,12,-0.41574297424984424,0.0,1,9.01040658781e-05
*CC(*)CCCCCCCC,PI12,1,10,1.6403594422100096,0.0,1,0.0002084159128135
*CC(*)c1cc(Br)ccc1OCC,PI199,1,12,1.004002417703803,0.0,1,0.0001717987801858
*Oc1cccc2c(OC(=O)Oc3ccc(OC(*)=O)cc3)cccc12,PI817,1,24,0.30893449236688864,0.0,1,0.0001318033162761
*c1ccc(S(=O)(=O)c2ccc(N3C(=O)c4ccc(C(=O)c5ccc6c(c5)C(=O)N(*)C6=O)cc4C3=O)cc2)cc1,PI976,5,39,-0.9693067571867133,6.037090900725196e-05,5,5.82510059179e-05
*C(=O)c1ccc2c(c1)C(=O)N(c1ccc(Oc3c(C)cc(Cc4cc(C)c(Oc5ccc(N6C(=O)c7ccc(*)cc7C6=O)cc5)c(C)c4)cc3C)cc1)C2=O,PI999,3,55,-0.6305965073280022,5.807652756937812e-06,3,7.77410054996e-05
*CC(*)c1ccc(C(C)CC)cc1,PI123,1,12,0.8332542401343738,0.0,1,0.0001619736216298
*CC(*)OC(=O)CC1CCCCC1,PI341,2,12,-0.18982277228185582,2.585220813541786e-05,2,0.00010310392237399999
*CC(*)c1ccc(COCCOCCCC)cc1,PI154,1,17,1.138518102217106,0.0,1,0.0001795390556454
*CC(*)C(C)c1ccccc1,PI28,2,10,-0.4487821507065111,8.285002959976503e-06,2,8.820293198685e-05
*CC(*)C(=O)OCC,PI412,1,7,2.534194573935405,0.0,1,0.0002598488008076
*CC(*)CCCCC,PI8,1,7,1.2253660493821164,0.0,1,0.0001845364433968
*c1ccc(Oc2ccccc2Oc2ccc(N3C(=O)c4ccc(Oc5ccccc5Oc5ccc6c(c5)C(=O)N(*)C6=O)cc4C3=O)cc2C(F)(F)F)c(C(F)(F)F)c1,PI1073,5,58,-0.6612957555540572,2.876435938647033e-05,5,7.59745153053e-05
*CC(*)c1ccccc1F,PI112,2,9,-0.11612793095949295,4.751366392975723e-05,2,0.00010734445665705
*Oc1ccc(OC(=O)c2ccc(-c3ccc(C(*)=O)cc3)cc2)cc1C,PI582,2,25,-0.044276437387421354,5.555813698014269e-05,2,0.00011147892138095
*CC(*)C(=O)OCC(C)(C)C,PI459,1,10,0.2640582887936101,0.0,1,0.0001292210584636
*CC(*)OC(=O)C1CCCC1,PI378,1,10,0.7546969439161939,0.0,1,0.0001574532929091
*C(F)(F)C(*)(F)OC(F)(F)C(F)(F)F,PI311,1,13,-0.04953623909382677,0.0,1,0.0001111762628901
*c1ccc(Oc2ccc(NC(=O)CN3C(=O)c4ccc(C(c5ccc6c(c5)C(=O)N(CC(=O)Nc5ccc(Oc7ccc(-c8nnc(*)o8)cc7)cc5)C6=O)(C(F)(F)F)C(F)(F)F)cc4C3=O)cc2)cc1,PI1021,2,70,-1.8788995659203929,5.8532498435170444e-05,2,5.911392726e-06
*CC(*)C(=O)OCc1ccccc1,PI473,1,12,-0.6053676133115445,0.0,1,7.91927216317e-05
*c1cccc(P(=O)(c2ccccc2)c2cccc(-n3c(=O)c4cc5c(=O)n(*)c(=O)c5cc4c3=O)c2)c1,PI1011,5,36,-1.0681619584265005,9.037407023921659e-06,5,5.25626990786e-05
*CC(*)c1ccc(C(=O)N2CCOCC2)cc1,PI159,2,16,-0.424034838176498,3.895507286930266e-06,2,8.962693705035e-05
*CC(*)NC(=O)OC(C)(C)C,PI348,2,10,0.4212106543681552,8.020756684433136e-05,2,0.0001382638894396
*CC(*)OCC(CC)CCCC,PI306,1,11,0.25441176243641694,0.0,1,0.0001286659799127
*CC(*)CCCCCCCCCCCCCC,PI56,1,16,1.8920301256895558,0.0,1,0.0002228974985281
*CC(*)c1ccccc1COC,PI85,2,11,-0.43430591682053554,5.934699600968604e-06,2,8.903592063275e-05
*C(F)(F)C(*)(F)c1c(F)c(F)c(F)c(F)c1F,PI216,2,16,-0.08713168914458164,5.1222953695015516e-05,2,0.00010901295278635
*c1ccc(Oc2ccc(C3(c4ccc(Oc5ccc(N6C(=O)c7ccc(Oc8ccc(C9(c%10ccc(Oc%11ccc%12c(c%11)C(=O)N(*)C%12=O)cc%10)CCCCCCCCCCC9)cc8)cc7C6=O)cc5)cc4)C4CC5CC(C4)CC3C5)cc2)cc1,PI1048,5,84,-0.4086387384490784,5.650304896120669e-05,5,9.05128564383e-05
*CC(*)c1ccc(Cl)c(F)c1,PI209,2,10,-0.5812378505483636,1.667214169204785e-05,2,8.058119176615e-05
*CC(*)c1ccc(C(=O)N(C)C)cc1,PI155,3,13,0.006006872157600654,3.8226638736580096e-05,3,0.0001143723138378
*CC(*)C(=O)c1ccccc1,PI321,1,10,-0.31656913028773015,0.0,1,9.58107079952e-05
*c1ccc(-c2ccc(Oc3ccc(C4(C)CC(C)(C)c5ccc(Oc6ccc(-c7ccc(N8C(=O)c9ccc(Oc%10ccc%11c(c%10)C(=O)N(*)C%11=O)cc9C8=O)cc7)cc6C(F)(F)F)cc54)cc3)c(C(F)(F)F)c2)cc1,PI1101,2,75,-0.6531304388809748,1.5491235932314092e-05,2,7.64443623755e-05
*CC(*)OC(=O)CCCC(=O)c1ccccc1,PI333,1,16,3.0486184700511325,0.0,1,0.0002894496809826
*CC(*)C(=O)OCCC#N,PI460,1,9,-0.579371529537664,0.0,1,8.06885832482e-05
*CC(*)CCCCCCCCCCCCCCCC,PI33,2,18,1.1481815817386694,2.684263359990684e-05,2,0.000180095109712
*CCCCCCCCCCCCSC(=O)S*,PI1125,1,16,-0.059353517800234436,0.0,1,0.0001106113589406
*CC(*)Cc1cc(C)ccc1C,PI291,1,11,0.08754435017910944,0.0,1,0.0001190641276025
*CC(C)O*,PI525,1,4,1.1161768176058455,0.0,1,0.0001782534977743
*CC(CCl)O*,PI526,1,5,-0.18402818721808756,0.0,1,0.0001034373532652
*c1ccc(N2C(=O)c3ccc(Oc4ccc(C(C)(C)c5cccc(Oc6ccc7c(c6)C(=O)N(*)C7=O)c5)cc4)cc3C2=O)cc1,PI1079,4,45,-0.7782163502641173,1.6365436763342768e-05,4,6.924669309459999e-05
*CC(*)OC(=O)C(C)(C)C(C)(C)CC,PI365,2,13,-0.29211900247446737,6.503219791335649e-06,2,9.721761251330001e-05
*Oc1c(C)cc(C(C)(C)c2cc(C)c(ON3C(=O)c4ccc(Oc5ccc(C6(c7ccc(Oc8ccc9c(c8)C(=O)N(*)C9=O)cc7)CCC(C(C)(C)C)CC6)cc5)cc4C3=O)c(C)c2)cc1C,PI1012,4,67,-0.32756503578632584,4.649622575850331e-05,4,9.517798373115e-05
*c1ccc(Oc2ccc(Oc3ccc(N4C(=O)c5ccc(Oc6cccc7c6C(=O)N(*)C7=O)cc5C4=O)cc3)cc2)cc1,PI1063,5,43,-0.8535953266027151,2.1011359938967973e-05,5,6.49092506407e-05
*Oc1ccc(-c2ccc(OC(=O)CCCCCCCCCCCCC(*)=O)cc2)cc1,PI586,1,30,1.244536077041192,0.0,1,0.0001856395214147
*C(=O)c1ccc2c(c1)C(=O)N(c1c(C)cc(C(c3cc(C)c(N4C(=O)c5ccc(*)cc5C4=O)c(C)c3)c3cccc4ccccc34)cc1C)C2=O,PI1002,5,51,-0.6251261499085646,1.8110791146932262e-05,5,7.80557797465e-05
*/C=C/CCC*,PI58,1,5,3.4319605708461522,0.0,1,0.0003115078778847
*CC(*)c1ccc(C(=O)CCCCC)cc1,PI170,1,15,0.3085347965667788,0.0,1,0.0001317803170578
*CC(*)OC(=O)c1ccccc1OC(C)=O,PI331,2,15,0.41197937350542246,6.03590484698522e-05,2,0.0001377327048645
*CC(*)C(=O)c1ccc(C)cc1,PI330,1,11,-0.5494494533677666,0.0,1,8.24103535586e-05
*Oc1ccc(S(=O)(=O)c2ccc(OC(=O)c3ccc(C(*)=O)cc3)cc2)cc1,PI583,1,27,-0.581909639839498,0.0,1,8.05425357969e-05
*CC(*)c1ccccc1COCCCC,PI89,2,14,0.37516281954777236,5.318808143147748e-06,2,0.00013561421384885002
*CC(*)c1ccc(C(C)(O)CC)cc1,PI140,2,13,0.8352057957782428,3.566723731552848e-06,2,0.0001620859176666
*CC(*)CCCC,PI6,1,6,0.8518350602364902,0.0,1,0.0001630427955806
*CC(*)c1cccs1,PI373,1,7,-0.5530496058777455,0.0,1,8.22031942803e-05
*C=CCCCCCC*,PI57,1,8,2.2688007448982317,0.0,1,0.0002445775605098
*c1ccc(Oc2ccc3ccc(Oc4ccc(-n5c(=O)c6cc7c(=O)n(*)c(=O)c7cc6c5=O)cc4)cc3c2)cc1,PI1050,5,40,-0.8412333323760318,4.5527904094166116e-05,5,6.56205821177e-05
*CC(*)c1ccc(Br)cc1,PI136,1,9,-0.3500577549130053,0.0,1,9.38837120445e-05
*CC(*)C(=O)OCCCCCCC,PI420,1,12,0.6864404798675445,0.0,1,0.0001535256926776
*c1ccc2c(c1)C(=O)N(c1c(C)cc(Cc3cc(C)c(N4C(=O)c5ccc(C(*)(C(F)(F)F)C(F)(F)F)cc5C4=O)c(C)c3)cc1C)C2=O,PI971,5,48,-0.9078682474998975,1.587067079493286e-05,5,6.17862887403e-05
*CC(*)C(=O)OC(CC)CC,PI457,2,10,0.9462900981467265,4.1055066881675524e-05,2,0.000168477909074
*c1cc(C(c2ccc(O)c(N3C(=O)c4ccc(-c5ccc6c(c5)C(=O)N(*)C6=O)cc4C3=O)c2)(C(F)(F)F)C(F)(F)F)ccc1O,PI1097,2,45,-1.3151633419191373,9.398849148141132e-06,2,3.83497933193e-05
*CC(*)C(=O)c1ccc(CC)cc1,PI325,1,12,0.46162207552290235,0.0,1,0.0001405892356071
*CC(*)c1ccc(COC(C)CC)cc1,PI152,1,14,0.362341242953752,0.0,1,0.0001348764371723
*CC(*)c1ccc(COCCCC)cc1,PI150,2,14,1.053909895021808,4.442030753374062e-06,2,0.00017467054657745
*CC(*)OC(=O)c1ccccc1C,PI360,1,12,-0.4221536021282717,0.0,1,8.97351867706e-05
*CC(*)OC(=O)c1cccc([N+](=O)[O-])c1,PI369,2,14,-0.5928222363127069,1.3390349582225349e-05,2,7.991460528465e-05
*c1ccc(Oc2ccccc2Oc2ccc(N3C(=O)c4ccc(-c5ccc6c(c5)C(=O)N(*)C6=O)cc4C3=O)cc2)cc1,PI1034,1,42,-1.0516319216301797,0.0,1,5.35138672537e-05
*CC(*)c1ccc(C(C)=NO)cc1,PI138,2,12,0.45832417226133965,6.372610498457665e-05,2,0.0001403994682965
*CC(*)c1ccc(C(C)(C)C)cc1,PI122,1,12,-0.2636876840327125,0.0,1,9.88536019313e-05
*CC(*)C(=O)OC,PI411,1,6,1.0399895225263411,0.0,1,0.0001738695432
*CC(*)Cc1ccccc1C,PI295,1,10,-0.5261625672239917,0.0,1,8.37503230499e-05
*CC(*)c1cc(C)c(C)cc1C,PI211,1,11,-0.028929193986937687,0.0,1,0.0001123620294876
*c1cccc(P(=O)(c2ccccc2)c2cccc(-n3c(=O)c4c(-c5ccc(C(F)(F)F)cc5)c5c(=O)n(*)c(=O)c5c(-c5ccc(C(F)(F)F)cc5)c4c3=O)c2)c1,PI1056,5,56,-0.30248463050358554,4.235674481220099e-05,5,9.66211555533e-05
*CC(*)CCCN(CC(C)C)CC(C)C,PI266,1,14,0.7019613724302001,0.0,1,0.0001544187928707
*C(F)C(*)(F)OC(F)(F)F,PI314,1,9,-0.6208106546163098,0.0,1,7.83041011406e-05
*CCCCO*,PI527,1,5,1.672379960043641,0.0,1,0.0002102584312476
*CC(*)C(=O)Oc1cccc(N(C)C)c1,PI475,2,14,0.22595844572884646,1.2218747276969795e-05,2,0.00012702872467475
*CC(*)C(=O)Oc1ccccc1C(=O)OC,PI465,2,15,-0.46606082999663834,3.1442907019915014e-06,2,8.72086855704e-05
*CC(*)(C)C(=O)OC(C)CC,PI442,1,10,-0.5515270951335235,0.0,1,8.22908022986e-05
*c1ccc(S(=O)(=O)c2ccc(N3C(=O)c4ccc(Oc5ccc6c(c5)C(=O)N(*)C6=O)cc4C3=O)cc2)cc1,PI987,4,38,-1.1258746382216598,7.081658131215653e-06,4,4.924180723805e-05
*CC(*)OC(C)(C)C,PI272,1,7,-0.1508097958302765,0.0,1,0.0001053487995073
*CC(*)N1Cc2ccccc2N1,PI229,2,11,-0.8724929436378646,2.1811010773889344e-05,2,6.382184762215e-05
*CC(*)OC(=O)C(F)(F)C(F)(F)C(F)(F)C(F)(F)C(F)(F)F,PI350,1,21,1.1701571662970265,0.0,1,0.0001813596245415
*CC(*)c1ccc(COCCOCC)cc1,PI133,2,15,1.3014522541835034,3.2180988762285264e-05,2,0.0001889145810539
*CC(*)C(=O)OC1CC2CCC1(C)C2(C)C,PI428,1,15,-0.746933008573257,0.0,1,7.10467930819e-05
*CC(*)c1ccccc1C(=O)OCCCC,PI102,1,15,0.6496566058980913,0.0,1,0.0001514090821275
*c1ccc(Oc2ccc(C3(c4ccc(Oc5ccc(N6C(=O)c7ccc(Oc8ccc(C9(c%10ccc(Oc%11ccc%12c(c%11)C(=O)N(*)C%12=O)cc%10)CCC(c%10ccccc%10)CC9)cc8)cc7C6=O)cc5)cc4)CC4CC3C3CCCC43)cc2)cc1,PI1039,2,84,-0.7791601224588542,1.0762700333646276e-05,2,6.91923867378e-05
*c1cccc(P(=O)(c2ccccc2)c2cccc(-n3c(=O)c4c(-c5ccccc5)c5c(=O)n(*)c(=O)c5c(-c5ccccc5)c4c3=O)c2)c1,PI1059,4,48,-0.4498984790893882,4.021248099790928e-05,4,8.81386964353e-05
*CC(*)OC(=O)C(C)(C)C(C)C(C)C,PI366,3,13,-0.14594104580447614,6.065052895582543e-05,3,0.0001056289561781
*CC(*)C(=O)C(C)C,PI247,1,7,0.14330902653640856,0.0,1,0.0001222729278066
*c1ccc(Oc2ccc(Oc3ccc(N4C(=O)c5ccc(Oc6ccc(C7(c8ccc(Oc9ccc%10c(c9)C(=O)N(*)C%10=O)cc8)CCCCCCCCCCC7)cc6)cc5C4=O)cc3)c(C(C)(C)C)c2)cc1,PI1044,1,72,-0.30136473866201186,0.0,1,9.66855961527e-05
*CC(*)C(=O)c1ccc(C)c(C)c1,PI328,1,12,-0.08089147031106071,0.0,1,0.0001093720262496
*c1ccc2c(c1)C(=O)N(c1ccc(Oc3c(C)cc(Cc4cc(C)c(Oc5ccc(N6C(=O)c7ccc(C(*)(C(F)(F)F)C(F)(F)F)cc7C6=O)cc5)c(C)c4)cc3C)cc1)C2=O,PI1000,5,62,-0.740543244221327,2.808358609494243e-05,5,7.14144716644e-05
*CC(*)c1ccc(Cl)c(Cl)c1,PI208,1,10,0.9057565529146426,0.0,1,0.0001661455356665
*CCC=C(*)C,PI522,1,5,1.533377426840653,0.0,1,0.0002022599744099
*C(=O)Oc1ccc(OC(=O)c2ccc3c(c2)C(=O)N(C2CCC(N4C(=O)c5ccc(*)cc5C4=O)CC2)C3=O)cc1,PI1088,1,40,-0.6657111225599709,0.0,1,7.57204471124e-05
*C(F)(F)C(*)(F)F,PI513,1,6,-0.8500379035195488,0.0,1,6.51139511906e-05
*c1cc(C(c2ccc(O)c(N3C(=O)c4ccc(Oc5ccc6c(c5)C(=O)N(*)C6=O)cc4C3=O)c2)(C(F)(F)F)C(F)(F)F)ccc1O,PI1083,5,46,-1.21716554919659,1.423175311999751e-05,5,4.39887633238e-05
*OC(C)COC(*)=O,PI1116,2,7,-0.009766077568153909,1.1501369403080931e-05,2,0.00011346470982024999
*CC(OC)C(C(=O)O)C(*)C(=O)O,PI388,1,12,-1.0330680543448603,0.0,1,5.45820657088e-05
*c1ccc(-c2ccc(N3C(=O)c4cc5c(cc4C3=O)C(C(F)(F)F)(C(F)(F)F)c3cc4c(cc3O5)C(=O)N(*)C4=O)cc2C(F)(F)F)c(C(F)(F)F)c1,PI1111,3,52,-1.0422210060814923,1.8697639487007995e-05,3,5.40553883331e-05
*c1ccc(Oc2ccc(-c3ccc(Oc4ccc(N5C(=O)c6ccc(Oc7cccc(Oc8ccc9c(c8)C(=O)N(*)C9=O)c7)cc6C5=O)cc4)cc3)cc2)cc1,PI1038,3,56,-0.821400992190374,5.406845604034909e-05,3,6.67617707947e-05
*CC(*)OC(=O)CC(C)(C)c1ccccc1,PI363,1,15,-0.2407119707745004,0.0,1,0.0001001756659727
*CC(*)c1cc(C)cc(C)c1,PI205,1,10,0.01514343428881345,0.0,1,0.000114898048126
*CC(*)c1cc(C(C)(C)C)ccc1C,PI193,2,13,-0.34215834223285824,7.947177664624147e-06,2,9.433825851865e-05
*CC(*)(C)c1ccc(C)cc1,PI221,1,10,-0.7784326131606953,0.0,1,6.92342489369e-05
*c1ccc(-c2ccc(-n3c(=O)c4cc5c(=O)n(*)c(=O)c5cc4c3=O)cc2OC(F)(F)F)c(OC(F)(F)F)c1,PI977,5,38,-0.928230004606409,1.0102240638090801e-05,5,6.06146364574e-05
*CC(*)OCC,PI254,1,5,0.656270880889079,0.0,1,0.0001517896794577
*c1cccc(P(=O)(c2cccc(-n3c(=O)c4c(-c5ccc(C(F)(F)F)cc5)c5c(=O)n(*)c(=O)c5c(-c5ccc(C(F)(F)F)cc5)c4c3=O)c2)c2cc(C(F)(F)F)cc(C(F)(F)F)c2)c1,PI1054,5,64,-0.6719417569593965,4.409829841428811e-05,5,7.53619251548e-05
*C(CC)C(*)CC,PI62,1,6,-0.6079265320234277,0.0,1,7.90454768269e-05
*CC(*)CCCCCCCCCCCCC,PI61,1,15,0.7760786905728526,0.0,1,0.0001586836372331
*CC(*)C(=O)Oc1ccc(C(=O)OCC)cc1,PI470,1,16,-0.236552506470509,0.0,1,0.0001004150090619
*C(=O)Nc1cccc(NC(=O)c2ccc(N3C(=O)c4ccc(*)cc4C3=O)cc2)c1,PI990,3,29,-1.4879602887925871,0.00017204025956580647,3,2.84067448769e-05
*CC(*)c1ccccc1C(=O)OCC(C)C,PI103,1,15,0.00048272336454770214,0.0,1,0.0001140544443381
*c1ccc(Oc2ccc(N3C(=O)C4CCC5C(=O)N(*)C(=O)C5C4C3=O)cc2)cc1,PI1064,5,29,-1.1640826224780634,1.278504046169945e-05,5,4.70432508097e-05
*c1ccc(Oc2ccc(S(=O)(=O)c3ccc(Oc4ccc(-n5c(=O)c6cc7c(=O)n(*)c(=O)c7cc6c5=O)cc4)cc3)cc2)cc1,PI966,5,45,-0.9365143330405566,5.7129161684909386e-05,4,6.0137941235500006e-05
*CC(*)OCCCCCCCCCCCCCCCCCC,PI402,1,21,1.4276641125778873,0.0,1,0.0001961770393596
*c1ccc(Oc2ccc(C3(c4ccc(Oc5ccc(N6C(=O)c7ccc(Oc8ccccc8Oc8ccc9c(c8)C(=O)N(*)C9=O)cc7C6=O)cc5C(F)(F)F)cc4)c4ccccc4-c4ccccc43)cc2)c(C(F)(F)F)c1,PI1078,5,77,-0.6519738959601873,2.299142114548712e-05,5,7.65109119442e-05
*CC(*)OC(=O)c1cccc(C)c1,PI361,1,12,-0.09706989485172322,0.0,1,0.0001084410904788
*CC(*)c1ccccc1C(=O)N(C)C,PI95,1,13,-1.1022046691391334,0.0,1,5.06038200136e-05
*CC(*)c1ccc(Cl)c(C)c1,PI207,2,10,1.7651811001949091,0.0001941446007568874,2,0.00021559837647655003
*C=CC1CCC(*)C1,PI75,1,7,1.9943942537768071,0.0,1,0.0002287877153563
*CC(*)c1ccccc1COCCC(C)C,PI91,2,15,0.5804726668221152,1.4840013470867337e-05,2,0.00014742811330765
*CCCCOC(=O)NCC(F)(F)C(F)(F)C(F)(F)C(F)(F)CNC(=O)O*,PI658,1,26,-0.5350681753817433,0.0,1,8.32378782705e-05
*CC(*)c1ccc(CC)cc1,PI119,1,10,1.7646171300756308,0.0,1,0.0002155659246172
*CC(*)c1cc(C)ccc1C,PI192,1,10,-0.1230800609381417,0.0,1,0.0001069444185406
*CC(*)(C)c1ccccc1,PI213,1,9,-0.9333350985129408,0.0,1,6.03208801328e-05
*CC(OC)C1C(=O)OC(=O)C1*,PI387,2,11,-1.1499089760250565,2.968352570347167e-05,2,4.785882802815e-05
*CC(*)CNc1ccc([N+](=O)[O-])cc1,PI392,2,13,-0.77341725198214,5.837275450213899e-07,2,6.952284187825e-05
*CC(*)c1ccc(C(C)(O)CCCC)cc1,PI142,1,15,2.31179300502044,0.0,1,0.0002470514128132
*C(F)(F)C(*)(F)OC(F)(F)C(F)(F)C(F)(F)C(F)(F)F,PI310,1,19,0.661643480450989,0.0,1,0.0001520988285409
*c1ccc(Oc2ccc(Oc3ccc(N4C(=O)c5ccc(Oc6ccc(C7(c8ccc(Oc9ccc%10c(c9)C(=O)N(*)C%10=O)cc8)CCC(c8ccccc8)CC7)cc6)cc5C4=O)cc3)c(C(C)(C)C)c2)cc1,PI1025,2,72,-1.1284677073031109,8.743875219984425e-06,2,4.90925973593e-05
*c1ccc(Oc2ccc(Oc3ccc(N4C(=O)c5ccc(-c6ccc7c(c6)C(=O)N(*)C7=O)cc5C4=O)cc3)c(-c3ccccc3)c2)cc1,PI1036,1,48,-0.8575113936620605,0.0,1,6.46839130686e-05
*c1ccc(Oc2ccc(C(C)(C)c3ccc(Oc4ccc(N5C(=O)C6CCC7C(=O)N(*)C(=O)C7C6C5=O)cc4)cc3)cc2)cc1,PI1068,5,45,-1.0063425152007865,8.10708468473438e-06,5,5.61199015049e-05
*Cc1cccc(COC(=O)Nc2ccc(Cc3ccc(NC(=O)O*)cc3)cc2)c1,PI660,4,29,-0.26785087665206053,2.025727914057488e-05,4,9.86140443081e-05
*c1ccc2c(c1)C(=O)N(c1cc(N3C(=O)c4ccc(C(*)(C(F)(F)F)C(F)(F)F)cc4C3=O)ccc1C)C2=O,PI974,5,38,-1.1349823427855246,2.3186285387564337e-05,5,4.87177334664e-05
*CC(*)c1ccc(COCCO)cc1,PI148,1,13,-0.2012922081909918,0.0,1,0.0001024439503148
*CC(*)c1ccccc1C(=O)OCCC,PI100,2,14,1.2941774846458818,0.00010497819894017759,2,0.00018849597767445
*CC(*)OC(=O)c1ccc(OCC)cc1,PI343,2,14,0.049005190344762306,6.724974535699543e-06,2,0.0001168465147332
*c1ccc(Oc2cc(C(C)(C)C)ccc2Oc2ccc(N3C(=O)c4ccc(-c5ccc6c(c5)C(=O)N(*)C6=O)cc4C3=O)cc2)cc1,PI1037,3,46,-1.0616061000132573,2.5313088328490782e-05,3,5.29399350134e-05
*CC(*)C(=O)C1CCCCC1,PI300,1,10,-0.5079673141475756,0.0,1,8.47973107776e-05
*CC(*)c1ccccc1C(=O)OCCN(C)C,PI108,2,16,0.6375913303939231,5.993149545728923e-06,2,0.00015071482438175
*CC(*)c1ccccc1C(=O)OCCCCCC,PI106,1,17,1.7667120698541612,0.0,1,0.0002156864712361
*CC(*)c1ccc(C(=O)CCCCCCC)cc1,PI171,2,17,0.6045166679022829,2.4132203123573485e-05,2,0.00014881164855995
*CC(*)C1CCC1,PI21,1,6,0.07795774877601576,0.0,1,0.0001185124972417
*/C=C/C(C*)OC,PI279,3,6,0.8976705661913006,3.8039036576665714e-05,3,0.0001656802533849
*C(=O)c1ccc2c(c1)C(=O)N(c1c(C(C)C)cc(Cc3cc(C(C)C)c(N4C(=O)c5ccc(*)cc5C4=O)c(C(C)C)c3)cc1C(C)C)C2=O,PI1071,5,49,-0.5655118186320182,7.336651422228949e-06,5,8.14860960482e-05
*CC(*)c1ccc(C(=O)OCCN(C)C)cc1,PI109,1,16,1.54155998380326,0.0,1,0.0002027308135175
*CC(*)OCCOC,PI375,2,7,1.554422903796173,0.0,1,0.0002034709691679
*CC(*)c1ccccc1OC,PI110,1,10,-0.07475114229470038,0.0,1,0.0001097253518148
*C(F)(F)C(*)(OC(F)(F)F)OC(F)(F)F,PI312,1,14,-0.4920353061015836,0.0,1,8.57140672982e-05
*CC(*)C(=O)OC(F)(C(F)(F)Cl)C(F)(F)Cl,PI434,1,15,0.3075177224221581,0.0,1,0.0001317217927744
*C(=O)c1ccc2c(c1)C(=O)N(c1c(CC)cc(Cc3cc(CC)c(N4C(=O)c5ccc(*)cc5C4=O)c(CC)c3)cc1CC)C2=O,PI1070,5,45,-0.326035589678482,2.500800292978645e-05,5,9.52659908228e-05
*C1CCC(CC2CCC(N3C(=O)C4C5C=CC(C6C(=O)N(*)C(=O)C56)C4C3=O)C(C)C2)CC1C,PI1082,4,33,-0.8154625048243389,1.0105272354858012e-05,4,6.71034820843e-05
*c1ccc(C(=O)Oc2ccc(N3C(=O)c4ccc(-c5ccc6c(c5)C(=O)N(*)C6=O)cc4C3=O)cc2)cc1,PI1091,3,37,-1.012530413903176,1.0514073282370274e-05,3,5.57638386365e-05
*CC(*)c1cc(Br)ccc1OC,PI200,1,11,-0.8305968582420014,0.0,1,6.62326240518e-05
*CC(*)c1ccccc1,PI82,1,8,-0.3125640953312829,0.0,1,9.60411649408e-05
*CC(*)c1ccc(C(=O)N(CC)CC)cc1,PI156,1,15,-0.015083227118039465,0.0,1,0.0001131587514309
*c1ccc(Oc2c(C)cc(C(c3cc(C)c(Oc4ccc(N5C(=O)c6ccc(-c7ccc8c(c7)C(=O)N(*)C8=O)cc6C5=O)cc4)c(C)c3)c3cccc4ccccc34)cc2C)cc1,PI1005,5,63,-0.2244858437688378,2.5150410827567852e-05,5,0.0001011093466295
*CC(*)C(=O)OC(F)(C(F)(F)F)C(F)(F)F,PI432,1,15,0.6880055052417071,0.0,1,0.0001536157470645
*/C=C\CC*,PI47,1,4,1.369072799174915,0.0,1,0.0001928055893542
*CC(*)(C)C(=O)OC(C)C,PI440,1,9,-0.17934307182914527,0.0,1,0.0001037069432673
*C1CCC1*,PI72,2,4,-1.2515350578369622,5.4158317229808745e-05,2,4.201107971575e-05
*C(=O)Nc1ccc(NC(=O)c2ccc(N3C(=O)c4ccc(*)cc4C3=O)cc2)cc1,PI960,5,29,-1.3461846923157517,2.4365518925697065e-05,5,3.65647687843e-05
*Oc1ccc(C2(c3ccc(OC(*)=O)cc3)CCCC2)cc1,PI800,1,21,1.2052246120625574,0.0,1,0.0001833774687124
*C(=O)Oc1ccc(OC(=O)c2ccc3c(c2)C(=O)N(c2ccc(C(=O)Oc4ccc(N5C(=O)c6ccc(*)cc6C5=O)cc4)cc2)C3=O)cc1,PI1092,2,49,-1.1259060906858258,1.0209300614874854e-05,2,4.923999740645e-05
*c1ccc(Oc2cccc(Oc3ccc(N4C(=O)c5ccc(C(=O)c6ccc7c(c6)C(=O)N(*)C7=O)cc5C4=O)cc3)c2)cc1,PI965,4,44,-0.9935809793462481,1.2457340697187e-05,4,5.6854223328849996e-05
*CC(*)CC(C)(C)C,PI39,1,7,-0.04453204508035638,0.0,1,0.0001114642132526
*c1ccc(Oc2ccc(Oc3ccc(N4C(=O)c5ccc(Oc6ccc(C7(c8ccc(Oc9ccc%10c(c9)C(=O)N(*)C%10=O)cc8)CCC(C(C)(C)C)CC7)cc6)cc5C4=O)cc3)c(C(C)(C)C)c2)cc1,PI1014,5,70,-0.861478015785422,4.83696879164301e-06,5,6.44556664668e-05
*CC(*)c1ccc(CCCC)cc1,PI121,2,12,0.9148988707880091,3.203243588470753e-05,2,0.0001666716011505
*CCCCCCN1C(=O)c2ccc(C(c3ccc4c(c3)C(=O)N(*)C4=O)(C(F)(F)F)C(F)(F)F)cc2C1=O,PI970,4,37,0.0812976790550885,0.00013464372224542004,4,0.0001187046828628
*CC(*)(C)C(=O)OC,PI437,1,7,-0.20177940733737645,0.0,1,0.0001024159159959
*c1ccc2c(c1)C(=O)N(c1ccc(Oc3c(C)cc(C(c4cc(C)c(Oc5ccc(N6C(=O)c7ccc(C(*)(C(F)(F)F)C(F)(F)F)cc7C6=O)cc5)c(C)c4)c4cccc5ccccc45)cc3C)cc1)C2=O,PI1006,5,72,-0.49380703017308175,2.342237347790332e-05,5,8.56121190949e-05
*c1ccc(C(C)(C)c2ccc(N3C(=O)c4ccc(Oc5ccc6c(c5)C(=O)N(*)C6=O)cc4C3=O)cc2)cc1,PI985,4,38,-0.939293819174997,7.850594483286912e-06,4,5.99780045828e-05
*CC(*)OC(=O)c1ccc(OC)cc1,PI359,2,13,-0.3019809645435696,3.132093400467214e-05,2,9.66501374024e-05
*CC(*)c1ccccc1COCCC,PI87,2,13,0.5747395746637475,1.0503972318914169e-05,2,0.00014709822082930002
*CC(*)c1ccc(C(=O)C(F)(F)F)cc1,PI223,1,14,1.3927294014759697,0.0,1,0.000194166832981
*CC(*)CCCCCCC,PI11,1,9,1.2019574991900113,0.0,1,0.0001831894731364
*CC(*)c1ccc(F)cc1C,PI189,1,10,-0.12995314691479948,0.0,1,0.0001065489287588
*c1c(C)cc(C(c2cc(C)c(N3C(=O)c4ccc(-c5ccc6c(c5)C(=O)N(*)C6=O)cc4C3=O)c(C)c2)c2cccc3ccccc23)cc1C,PI1001,5,49,-0.7414627853414736,9.77360836253873e-06,5,7.13615596074e-05
*C=CCC(C)(CC*)C(=O)OC,PI280,1,11,1.4455897412924072,0.0,1,0.0001972085124145
*c1ccc(-c2sc(-c3ccc(-n4c(=O)c5cc6c(=O)n(*)c(=O)c6cc5c4=O)cc3)c(-c3ccccc3)c2-c2ccccc2)cc1,PI993,5,45,-0.9390335309850909,2.7589563306485234e-05,5,5.99929820354e-05
*c1cccc(N2C(=O)c3ccc(Oc4ccc5c(c4)C4(CC(C)(C)c6ccc(Oc7ccc8c(c7)C(=O)N(*)C8=O)cc64)CC5(C)C)cc3C2=O)c1,PI986,3,51,-0.7621941921944195,1.6907141504180612e-05,3,7.01686370104e-05
*CC/C=C(\*)C(C)(C)C,PI81,1,8,-0.1986481617256221,0.0,1,0.0001025960935243
*CC(*)OC=O,PI270,1,5,-0.4531321347049499,0.0,1,8.79526260503e-05
*CC(*)C(=O)OCC(F)(F)C(F)(F)F,PI430,1,13,0.40368249934414696,0.0,1,0.0001372552877388
*Oc1ccc(C(C)(C)c2ccc(OC(*)=O)c(CC)c2)cc1CC,PI1118,2,23,-0.2982212511691706,2.145318260283791e-06,2,9.686647810104999e-05
*c1ccc2c(c1)C(=O)N(c1ccc(Oc3ccc(N4C(=O)c5ccc(C(C)(C)CCCCCCCCC(*)(C)C)cc5C4=O)cc3)cc1)C2=O,PI989,4,49,-0.7916172226572474,1.099473280938723e-05,4,6.84755826914e-05
*c1ccc(-c2nc3cc4nc(*)oc4cc3o2)cc1,PI547,1,18,-1.0348320266802062,0.0,1,5.44805635544e-05
*CC(*)C(=O)OCCCCCCCCCCCCCC,PI423,1,19,1.2332651390180074,0.0,1,0.0001849909712824
*C=CCCCCCCCCCC*,PI78,2,12,1.3682818251927942,1.5178043731868224e-05,2,0.00019276007528255
*C(=O)Nc1cccc(C#Cc2cccc(N3C(=O)c4ccc(*)cc4C3=O)c2)c1,PI1018,4,28,-1.0899405671844236,2.1910860852492208e-05,4,5.130951859245e-05
*c1ccc(Oc2c(C)cc(Cc3cc(C)c(Oc4ccc(-n5c(=O)c6cc7c(=O)n(*)c(=O)c7cc6c5=O)cc4)c(C)c3)cc2C)cc1,PI997,1,47,0.7970740020037443,0.0,1,0.0001598917453762
