smiles_list,monomer_ID,replicate_count,heavy_atom_count,refractive_index,refractive_index_std,refractive_index_count,refractive_index_raw
*CC(*)OC(=O)C(F)(F)C(F)(F)F,PI352,1,12,-2.217978133777785,0.0,1,1.3564699576637966
*CC(*)N1CCNC1,PI400,3,7,-0.07102383438515979,0.002997960549300933,3,1.5271740258993305
*CC(*)O[N+](=O)[O-],PI267,1,6,-0.5561780722987707,0.0,1,1.4885994730283203
*c1ccc2c(c1)Cc1cc(-n3c(=O)c4cc5c(=O)n(*)c(=O)c5cc4c3=O)ccc1-2,PI676,1,29,1.6044057866624144,0.0,1,1.6603872258431067
*Oc1ccc(C(C)(C)c2ccc(OC(*)=O)c(CC)c2)cc1CC,PI1118,2,23,-0.21342004371412565,0.0031643675922984824,2,1.5158521210778586
*CC(*)NC(=O)OC(C)(C)C,PI348,2,10,-1.0626318378821167,0.004082896531513071,2,1.4483313973721499
*CC(*)Cc1ccccc1C,PI295,1,10,0.21222824851415317,0.0,1,1.5496953636384618
*CCCC=C(*)c1ccc(Cl)cc1,PI391,2,12,1.2432536213416792,0.001035571430535652,2,1.6316720622787204
*C=CCC(C)(CC*)C(=O)OC,PI280,1,11,-0.817913737027406,0.0,1,1.467788903010994
*CC(*)CCCCCCC,PI11,1,9,-0.8524651535147514,0.0,1,1.4650417242008262
*CC(*)c1ccccc1F,PI112,2,9,0.028572026455375675,0.003233332759156488,2,1.5350928803573454
*C(C)C(*)OC(C)(C)C,PI285,2,8,-1.2480529598851806,0.005398821905631644,2,1.4335885871168619
*CC(*)OCCOC,PI375,2,7,-0.8010647822980442,0.0007563406973865319,2,1.4691285612974476
*CC(*)Cc1cccc(C)c1,PI294,1,10,0.3590215344959501,0.0,1,1.5613668794754985
*c1ccc(Oc2ccc(Oc3ccc(N4C(=O)c5ccc(-c6ccc7c(c6)C(=O)N(*)C7=O)cc5C4=O)cc3)c(-c3ccccc3)c2)cc1,PI1036,1,48,1.6846208440884627,0.0,1,1.666765115041888
*CC(*)c1ccc(COCCO)cc1,PI148,1,13,0.26814991369990304,0.0,1,1.5541416882539478
*Oc1c(C)cc(C(C)(C)c2cc(C)c(ON3C(=O)c4ccc(Oc5ccc(C6(c7ccc(Oc8ccc9c(c8)C(=O)N(*)C9=O)cc7)CCC(C(C)(C)C)CC6)cc5)cc4C3=O)c(C)c2)cc1C,PI1012,4,67,0.4421508796624285,0.0035868328018343735,4,1.5679764833285885
*c1ccc(C(C)(C)c2ccc(N3C(=O)c4ccc(Oc5ccc6c(c5)C(=O)N(*)C6=O)cc4C3=O)cc2)cc1,PI985,4,38,1.3808080433232748,0.005389101966640999,4,1.6426089971928397
*CC(*)C(=O)C1CCCCC1,PI300,1,10,-0.9749202456556155,0.0,1,1.4553053351167566
*CC(*)c1ccccc1C(=O)OCC,PI99,2,13,0.01123195782033241,0.009080954072178939,2,1.5337141736655808
*CC(*)c1ccc(OC(C)=O)cc1,PI232,1,12,0.14107700340145324,0.0,1,1.5440381370248364
*CC(*)P(=O)(Oc1ccccc1)N(C)C,PI382,1,14,0.029320917673397038,0.0,1,1.5351524246045696
*CC(*)C(=O)N1CCCCC1,PI461,1,10,-0.5193247729941097,0.0,1,1.4915296742538364
*C1CCC(N2C(=O)c3ccc(-c4ccc5c(c4)C(=O)N(*)C5=O)cc3C2=O)CC1,PI978,5,28,1.267811260882964,0.00567088197289408,5,1.6336246371319183
*CC(*)c1ccccc1COC(C)C,PI88,1,13,-0.16204711310943007,0.0,1,1.5199367763748457
*CC(*)CCCCCCCCCCC,PI63,1,13,-0.9366973657402585,0.0,1,1.4583444315255976
*CC(*)OC(=O)C(F)(F)C(F)(F)C(F)(F)F,PI346,1,15,-2.3710083333265604,0.0,1,1.344302545607908
*CC(*)OC(=O)CCCCCCC,PI370,1,12,-1.0205043776638956,0.0,1,1.451680946473272
*CC(*)c1ccc(C(C)(C)O)cc1,PI139,1,12,0.07421551789143842,0.0,1,1.5387219886615202
*CCCC(*)(C)C,PI17,1,6,-0.8536654735808831,0.0,1,1.4649462869022627
*c1ccc(Oc2cc(C(C)(C)C)ccc2Oc2ccc(N3C(=O)c4ccc(-c5ccc6c(c5)C(=O)N(*)C6=O)cc4C3=O)cc2)cc1,PI1037,3,46,1.38186598520867,0.005100339091020675,3,1.642693114020033
*CC(*)c1ccc(C(C)(O)CC)cc1,PI140,2,13,-0.09546625463984808,0.003947328400282698,2,1.5252306121172214
*CC(*)c1ccc(COCCCCCCOc2ccc(-c3ccc(OC)cc3)cc2)cc1,PI234,1,31,0.9747454120887148,0.0,1,1.6103230080920123
*c1ccc(Oc2ccc(Oc3ccc(N4C(=O)c5ccc(Oc6ccc(C7(c8ccc(Oc9ccc%10c(c9)C(=O)N(*)C%10=O)cc8)CCCCCCCCCCC7)cc6)cc5C4=O)cc3)c(C(C)(C)C)c2)cc1,PI1044,1,72,0.7170549580396514,0.0,1,1.5898340722706576
*CC(*)OC(=O)CCCCC,PI385,1,10,-1.2014663767550098,0.0,1,1.437292680523863
*CC(*)c1cc(C)ccc1C,PI192,1,10,0.06383680704698104,0.0,1,1.5378967786583588
*CC1CC(*)C(OC(=O)CCCCCCCCCCOc2ccc(-c3ccc(C#N)cc3)cc2)C1,PI398,1,34,0.3729308267266952,0.0,1,1.5624728055637886
*CC(*)c1ccccc1C(=O)OCCC,PI100,2,14,0.02612927859317792,0.0009788953498324395,2,1.5348986577798696
*CC(*)OC(C)=O,PI259,2,6,-1.0060378041439617,0.0010073857890338911,2,1.452831181927273
*CC(*)C(=O)OC(C(F)(F)F)C(F)(F)F,PI431,1,14,-2.399812872385319,0.0,1,1.3420123003044238
*CC(*)c1ccc(C(=O)N(C)C)cc1,PI155,3,13,0.3535944383352088,0.0014787384221549198,3,1.5609353717374874
*/C=C/CCCCCCCCCC*,PI55,1,12,-0.5905628169258511,0.0,1,1.4858655462769483
*Oc1ccc(C2(c3ccc(OC(*)=O)cc3)CCCCC2)cc1,PI801,1,22,0.3240040964594116,0.0,1,1.5585826473501505
*Oc1cccc2c(OC(=O)Oc3ccc(OC(*)=O)cc3)cccc12,PI817,1,24,1.0620175888806187,0.0,1,1.617262007970288
*C1CCC1*,PI72,2,4,-0.5499520497532409,0.009593477701531045,2,1.4890945033034169
*CC(*)c1ccc(CCC)cc1,PI233,2,11,0.11381972979020559,0.001972454482519535,2,1.541870914603863
*CC(*)c1ccc(CCCCCCCCCCCC)cc1,PI128,2,20,-0.38252917238091055,0.001161124679329107,2,1.5024062753757152
*c1cc(C(c2ccc(O)c(N3C(=O)c4ccc(-c5ccc6c(c5)C(=O)N(*)C6=O)cc4C3=O)c2)(C(F)(F)F)C(F)(F)F)ccc1O,PI1097,2,45,0.2935248078025101,0.00348569741930056,2,1.5561592429152586
*CC(*)c1ccc(I)cc1,PI176,1,9,0.778182310755359,0.0,1,1.5946943004515703
*CC(*)c1ccc(C(=O)CCN2CCCCC2)cc1,PI158,1,18,0.09856259950861002,0.0,1,1.540657822080466
*CC(CCl)O*,PI526,1,5,-0.30886964017515983,0.0,1,1.5082629355828772
*CCCC=C(*)c1ccccc1,PI390,1,11,1.2041458280042707,0.0,1,1.6285626065141992
*CC(*)C(=O)Oc1ccc(C(=O)OCC)cc1,PI470,1,16,0.05732173667889075,0.0,1,1.5373787662269864
*CC(*)C(=O)c1ccccc1,PI321,1,10,0.6921747012920612,0.0,1,1.5878558461636745
*CC(*)c1ccc(C(C)=O)cc1,PI218,1,11,0.5130772434903438,0.0,1,1.5736158296593437
*CC(*)CC(C)C,PI7,1,6,-0.8759339323192522,0.0,1,1.4631757245288344
*c1ccc2c(c1)C(=O)N(c1ccc(Oc3ccc(N4C(=O)c5ccc(C(C)(C)CCCCCCCCC(*)(C)C)cc5C4=O)cc3)cc1)C2=O,PI989,4,49,0.9097593419792799,0.0026558798030659318,4,1.6051559737729966
*CCCCOC(=O)NCC(F)(F)C(F)(F)C(F)(F)C(F)(F)CNC(=O)O*,PI658,1,26,-1.7068006367231598,0.0,1,1.3971136166193543
*CCCCCCCC(*)C,PI19,1,9,-0.8437409589419753,0.0,1,1.4657353838218403
*C(=O)Oc1ccc(OC(=O)c2ccc3c(c2)C(=O)N(c2ccc(C(=O)Oc4ccc(N5C(=O)c6ccc(*)cc6C5=O)cc4)cc2)C3=O)cc1,PI1092,2,49,1.944744381901596,0.0025498807908431653,2,1.6874475050494833
*CC(*)OC(=O)c1ccc(CC)cc1,PI344,2,13,0.1269387642241864,0.002054152032655072,2,1.5429140073934189
*CC(*)c1ccc(CCCCCCCCC)cc1,PI126,1,17,-0.31833659062267644,0.0,1,1.507510219535017
*c1cc(C(c2ccc(O)c(N3C(=O)c4ccc(Oc5ccc6c(c5)C(=O)N(*)C6=O)cc4C3=O)c2)(C(F)(F)F)C(F)(F)F)ccc1O,PI1083,5,46,0.25530130061116163,0.006733813848048554,5,1.553120096631782
*c1cccc(P(=O)(c2ccc(C(F)(F)F)cc2)c2cccc(-n3c(=O)c4c(-c5ccc(C(F)(F)F)cc5)c5c(=O)n(*)c(=O)c5c(-c5ccc(C(F)(F)F)cc5)c4c3=O)c2)c1,PI1055,5,60,-0.029995864229468525,0.008519645595304352,5,1.530436154682884
*c1cccc(P(=O)(c2cccc(-n3c(=O)c4c(-c5cc(C(F)(F)F)cc(C(F)(F)F)c5)c5c(=O)n(*)c(=O)c5c(-c5cc(C(F)(F)F)cc(C(F)(F)F)c5)c4c3=O)c2)c2cc(C(F)(F)F)cc(C(F)(F)F)c2)c1,PI1051,4,72,-0.7683611099641898,0.012222268819569854,4,1.4717288262007155
*CC(*)c1ccc(C(C)C)cc1,PI120,1,11,-0.04421942658526421,0.0,1,1.5293052410161967
*CC(C)O*,PI525,1,4,-0.6623170212552054,0.0,1,1.4801603784513035
*c1ccc2c(c1)C(=O)N(c1c(C)cc(C(c3cc(C)c(N4C(=O)c5ccc(C(*)(C(F)(F)F)C(F)(F)F)cc5C4=O)c(C)c3)c3cccc4ccccc34)cc1C)C2=O,PI1003,1,58,-0.02989553760105624,0.0,1,1.5304441316405804
*CC(*)c1ccc(C(=O)N2CCOCC2)cc1,PI159,2,16,0.16860805116987032,0.001714587120054616,2,1.5462271271948578
*CC(*)SC,PI317,2,4,0.22575671805593095,0.0008296458295733222,2,1.550771010562309
*CC(*)OC(=O)CCCCCCCCC,PI384,1,14,-0.9593858218518436,0.0,1,1.4565404752134736
*c1ccc(Oc2ccc(N3C(=O)c4ccc(Oc5cccc6c5C(=O)N(*)C6=O)cc4C3=O)cc2)cc1,PI1061,3,36,1.7477801992580344,0.0023351085448046977,3,1.6717869074841534
*C(=O)Nc1ccc(NC(=O)c2ccc(N3C(=O)c4ccc(*)cc4C3=O)cc2)cc1,PI960,5,29,2.45285050251168,0.005140379090546167,5,1.7278469592474854
*CC(*)c1ccc(OCCC)cc1,PI180,2,12,0.12384050431281172,0.0005359764196631562,2,1.5426676651347726
*CC(*)C(=O)Oc1cccc(C(=O)OC)c1,PI467,3,15,0.061857373497820736,0.0020886931773798577,3,1.5377393941440545
*CC(*)C(=O)OCC(C)(C)C,PI459,1,10,-1.1727141111557282,0.0,1,1.4395787695711122
*CC(*)OC(=O)c1ccc(OC(C)=O)cc1,PI332,1,15,0.19084697972592404,0.0,1,1.547995341627178
*CC(*)c1ccccc1C,PI83,1,9,0.34869550683060835,0.0,1,1.5605458583053295
*c1ccc(Oc2ccc(S(=O)(=O)c3ccc(Oc4ccc(N5C(=O)c6ccc(Oc7ccc8c(c7)C(=O)N(*)C8=O)cc6C5=O)cc4)cc3)cc2)cc1,PI964,5,52,1.6730999887196236,0.00585290936802496,5,1.6658490932702228
*c1ccc(Oc2cccc(Oc3ccc(N4C(=O)c5ccc(-c6cccc7c6C(=O)N(*)C7=O)cc5C4=O)cc3)c2)cc1,PI1109,2,42,1.9511086177322718,0.0045036803645999825,2,1.6879535246456219
*Oc1ccc(Oc2ccc(Oc3ccc(S(=O)(=O)c4ccc(*)cc4)cc3)cc2)cc1,PI546,1,30,1.319123456610024,0.0,1,1.637704463406369
*c1ccc(Oc2ccc(N3C(=O)c4ccc(Oc5ccc(C6(c7ccc(Oc8ccc9c(c8)C(=O)N(*)C9=O)cc7)CCC(c7ccccc7)CC6)cc5)cc4C3=O)cc2)cc1,PI1028,2,61,1.321208754624705,0.011955445231187026,2,1.6378702651911068
*CC(*)c1cc(Cl)ccc1Cl,PI195,2,10,0.4353509249814203,0.006327835713700424,2,1.567435819781072
*CC(*)C(=O)OC(F)(C(F)(F)F)C(F)(F)F,PI432,1,15,-2.4761957225720423,0.0,1,1.3359391094246795
*CCCCCCOC(=O)CCCCCNC(=O)CCCCC(=O)NCCCCCC(=O)O*,PI598,1,32,-0.720482402714198,0.0,1,1.4755356562351247
*CC(*)C(=O)Oc1ccccc1,PI463,1,11,0.4029385943462933,0.0,1,1.5648587194198875
*C1CCC(CC2CCC(N3C(=O)C4C5C=CC(C6C(=O)N(*)C(=O)C56)C4C3=O)C(C)C2)CC1C,PI1082,4,33,-0.7916842108235888,0.007551840302140602,4,1.4698744093639466
*CC(*)c1ccc(C(=O)N2CCCCC2)cc1,PI157,2,16,0.0934067299079525,0.0007193039707443921,2,1.5402478795323769
*c1ccc(Oc2cccc(Oc3ccc(N4C(=O)c5ccc(C(=O)c6ccc7c(c6)C(=O)N(*)C7=O)cc5C4=O)cc3)c2)cc1,PI965,4,44,2.0332973795602656,0.002300471622721398,4,1.694488342834928
*c1ccc(S(=O)(=O)c2ccc(N3C(=O)c4ccc(Oc5ccc6c(c5)C(=O)N(*)C6=O)cc4C3=O)cc2)cc1,PI987,4,38,1.3607154461227517,0.007113800868116834,4,1.6410114372985665
*CC(*)c1ccc(C(=O)OCCN(C)C)cc1,PI109,1,16,0.19799165503448468,0.0,1,1.5485634138687427
*CC(*)OC(=O)CCCC(=O)c1ccccc1,PI333,1,16,-0.07736149076531418,0.0,1,1.5266701196319836
*CC(*)C(=O)OCCCCCCCCCCCCCCCC,PI424,2,21,-0.987287461393026,0.0018088470557840936,2,1.4543220193378787
*CC(*)c1ccc(CCCCCC)cc1,PI124,2,14,-0.20681217270939167,0.0030412117384335164,2,1.5163775120762617
*Oc1ccc(S(=O)(=O)c2ccc(Oc3ccc(-c4ccc(*)cc4)cc3)cc2)cc1,PI545,1,29,1.5793927715378668,0.0,1,1.6583984441341504
*c1ccc(Oc2ccc(NC(=O)CN3C(=O)c4ccc(C(c5ccc6c(c5)C(=O)N(CC(=O)Nc5ccc(Oc7ccc(-c8nnc(*)o8)cc7)cc5)C6=O)(C(F)(F)F)C(F)(F)F)cc4C3=O)cc2)cc1,PI1021,2,70,0.983392720718403,0.0033933485805523653,2,1.611010554521293
*CC(*)c1ccc(COCCC)cc1,PI149,1,13,0.23899972550896156,0.0,1,1.551823960431128
*CC(*)C(=O)OCCCCCCC,PI420,1,12,-1.1110549821011015,0.0,1,1.4444812792223247
*Nc1ccc(*)cc1,PI1131,2,7,2.148757330362774,0.001856370837817403,2,1.70366854910473
*c1cc(C(c2ccc(O)c(-n3c(=O)c4cc5c(=O)n(*)c(=O)c5cc4c3=O)c2)(C(F)(F)F)C(F)(F)F)ccc1O,PI979,4,39,-0.16158693013990108,0.0035401651491367846,4,1.5199733654652858
*CC(*)c1ccccc1OC,PI110,1,10,0.1898695469064043,0.0,1,1.5479176260657586
*CC(*)c1ccc(C(=O)CCCC)cc1,PI169,3,14,0.21856091459856805,0.002923333910443429,3,1.5501988731280176
*CC(*)c1ccc(COCCOCCCC)cc1,PI154,1,17,-0.42231961869218054,0.0,1,1.4992425419584912
*c1ccc(Oc2c(C)cc(C(c3cc(C)c(Oc4ccc(N5C(=O)c6ccc(-c7ccc8c(c7)C(=O)N(*)C8=O)cc6C5=O)cc4)c(C)c3)c3cccc4ccccc34)cc2C)cc1,PI1005,5,63,1.2150037574314878,0.00988920058856821,5,1.6294259191270315
*CC(OC)C1C(=O)OC(=O)C1*,PI387,2,11,-0.8826715550251956,0.004458093775010915,2,1.4626400169888714
*CC(*)OCC,PI254,1,5,-0.8296274848268987,0.0,1,1.4668575443862557
*c1ccc2c(c1)C(=O)N(c1c(CC)cc(Cc3cc(CC)c(N4C(=O)c5ccc(C(*)(C(F)(F)F)C(F)(F)F)cc5C4=O)c(CC)c3)cc1CC)C2=O,PI972,5,52,-0.39069993108395906,0.0017546058569716378,5,1.5017566193715908
*c1ccc(Oc2ccc(S(=O)(=O)c3ccc(Oc4ccc(N5C(=O)c6ccc(C(=O)c7ccc8c(c7)C(=O)N(*)C8=O)cc6C5=O)cc4)cc3)cc2)cc1,PI963,3,53,1.8310194195922376,0.0035039588302808213,3,1.6784052474981082
*CC(*)c1c(F)c(F)c(F)c(F)c1F,PI212,1,13,-1.2301918512171643,0.0,1,1.4350087216365812
*CC(*)OC(=O)C(C)(C)CC(C)(C)C,PI367,1,13,-1.2517623860922782,0.0,1,1.4332936511023644
*CC(*)c1ccc(Cl)c(F)c1,PI209,2,10,0.06448708434599044,0.006082912537125789,2,1.5379484821251972
*Oc1ccc(C(C)(CCC#N)c2ccc(OC(*)=O)cc2)cc1,PI1119,2,22,0.2234405924118335,0.0027793477724142876,2,1.5505868557015818
*CC(*)OC1CCCCC1,PI308,2,9,-0.9027621129200779,0.0010120934558559926,2,1.461042619239535
*C(F)(F)C(*)(F)OC(F)C(F)F,PI405,1,11,-2.5694183271016877,0.0,1,1.3285269917800586
*CC(*)c1ccc(Cl)c(Cl)c1,PI208,1,10,0.21892018137137226,0.0,1,1.5502274383842585
*C(F)(F)C(*)(F)OC(F)(F)C(F)(F)F,PI311,1,13,-3.174111083858094,0.0,1,1.28044794620369
*CC(*)c1ccc(C(O)CCN(C)C)cc1,PI144,2,15,0.12126219171789876,7.799680578396027e-06,2,1.5424626638223278
*CC(*)c1ccc(Cl)cc1Cl,PI191,1,10,0.4174881836719954,0.0,1,1.5660155554502382
*CC(*)CCCCCCCCC,PI64,3,11,-0.889517455113863,0.0027991721919260098,3,1.4620957003277295
*CCC=C(*)C(C)C,PI69,1,7,-0.4621506319594637,0.0,1,1.4960755830676604
*/C=C\CCCCC*,PI74,1,7,-0.598881217835393,0.0,1,1.485204151259423
*CC(*)c1cccc(Cl)c1,PI116,2,9,0.48641668094252954,0.010282595911828033,2,1.5714960516605072
*c1ccc(C(c2ccc(N3C(=O)c4cc5c(cc4C3=O)C(C(F)(F)F)(C(F)(F)F)c3cc4c(cc3O5)C(=O)N(*)C4=O)cc2)(C(F)(F)F)C(F)(F)F)cc1,PI995,5,53,-0.47802557814695845,0.007954340364027155,5,1.4948133680787377
*CC(*)C(=O)Oc1ccccc1C(=O)OC,PI465,2,15,0.12317103309327412,0.002104449077263121,2,1.54261443556171
*CC(*)OC(=O)C(C)(C)C(C)(C)CC,PI365,2,13,-1.3645936602728819,0.005471106831306367,2,1.4243224505825038
*Oc1ccc(OC(=O)c2ccc(-c3ccc(C(*)=O)cc3)cc2)cc1C,PI582,2,25,1.79341587436699,0.00042925492350147625,2,1.675415394313136
*CC(*)C(=O)OCCC#N,PI460,1,9,-0.6760451363286485,0.0,1,1.4790688577361653
*CC(*)OC(=O)c1ccc(OC(=O)CCC)cc1,PI336,1,17,0.024797553719926355,0.0,1,1.5347927725015016
*CC(*)c1ccccc1C(=O)NC,PI94,2,12,0.11856883615846103,0.016731496629221576,2,1.54224851545814
*CC(*)C(=O)Oc1ccc(C#N)cc1,PI476,2,13,0.5759017439717052,0.002079669656241653,2,1.5786109978471656
*c1ccc(Oc2ccc(Oc3ccc(N4C(=O)C5CCC6C(=O)N(*)C(=O)C6C5C4=O)cc3)cc2)cc1,PI1067,3,36,0.6167770681378331,0.006719288175378622,3,1.5818609897671512
*Oc1ccc(S(=O)(=O)c2ccc(OC(=O)c3ccc(C(*)=O)cc3)cc2)cc1,PI583,1,27,1.2147062202177574,0.0,1,1.629402261980324
*CCC=C(*)C,PI522,1,5,-0.05436936667330689,0.0,1,1.5284982205473092
*CC(*)Cc1cc(C)cc(C)c1,PI293,2,11,0.20569619740516715,0.0037562080242311293,2,1.5491760010705014
*CC(*)OC(=O)c1ccc(Br)cc1,PI335,1,12,0.756340287461436,0.0,1,1.5929576439070772
*c1cccc(Oc2cccc(Oc3cccc(N4C(=O)c5ccc(-c6cccc7c6C(=O)N(*)C7=O)cc5C4=O)c3)c2)c1,PI1110,1,42,1.637870514222017,0.0,1,1.6630480021523342
*CC(*)OC(=O)c1cccnc1,PI368,1,11,0.48957609141561953,0.0,1,1.571747255992679
*CC(*)CCCCCCCCCCCCC,PI61,1,15,-0.9062664316916155,0.0,1,1.4607639912916253
*c1ccc(Oc2ccc(C3(c4ccc(Oc5ccc(N6C(=O)c7ccc(Oc8ccccc8Oc8ccc9c(c8)C(=O)N(*)C9=O)cc7C6=O)cc5C(F)(F)F)cc4)c4ccccc4-c4ccccc43)cc2)c(C(F)(F)F)c1,PI1078,5,77,0.7811835264269225,0.0062277267077904715,5,1.594932926734828
*c1ccc(Oc2ccc(Oc3ccc(N4C(=O)c5ccc(-c6cccc7c6C(=O)N(*)C7=O)cc5C4=O)cc3)cc2)cc1,PI1108,2,42,1.80134103388835,0.007708662456421816,2,1.6760455227569946
*c1cccc(P(=O)(c2ccc(C(F)(F)F)cc2)c2cccc(-n3c(=O)c4cc5c(=O)n(*)c(=O)c5cc4c3=O)c2)c1,PI1010,5,40,0.7257677104838679,0.006506833164498602,5,1.5905268221294588
*Cc1cccc(COC(=O)Nc2ccc(Cc3ccc(NC(=O)O*)cc3)cc2)c1,PI660,4,29,1.237513113106419,0.002812574116362811,4,1.631215635185803
*c1cccc(Oc2ccc(N3C(=O)c4ccc(C(=O)c5ccc6c(c5)C(=O)N(*)C6=O)cc4C3=O)cc2)c1,PI992,5,37,1.8819325759655852,0.00788692306290672,5,1.6824533462033768
*c1ccc(Sc2ccc(Oc3ccc(Sc4ccc(N5C(=O)c6ccc(Oc7ccc(C(C)(C)c8ccc(Oc9ccc%10c(c9)C(=O)N(*)C%10=O)cc8)cc7)cc6C5=O)cc4)cc3)cc2)cc1,PI1114,1,66,1.975568905036405,0.0,1,1.689898359034601
*c1ccc(Oc2ccccc2Oc2ccc(N3C(=O)c4ccc(Oc5ccccc5Oc5ccc6c(c5)C(=O)N(*)C6=O)cc4C3=O)cc2C(F)(F)F)c(C(F)(F)F)c1,PI1073,5,58,0.4695837695173194,0.00820588017657238,5,1.5701576689751633
*CC(*)c1cc(C)ccc1F,PI197,2,10,-0.14878577030409934,0.008882117176979473,2,1.5209911840852364
*C(F)(F)C(*)(F)F,PI513,1,6,-2.44432418956001,0.0,1,1.338473211034386
*CC(*)C(=O)OCC(F)(F)C(F)C(F)(F)F,PI435,1,15,-1.970116876748051,0.0,1,1.3761773752576032
*C(=O)c1ccc2c(c1)C(=O)N(c1ccc(Oc3c(C)cc(Cc4cc(C)c(Oc5ccc(N6C(=O)c7ccc(*)cc7C6=O)cc5)c(C)c4)cc3C)cc1)C2=O,PI999,3,55,1.1408823642127839,0.004053656731614792,3,1.6235325364084063
*CC(*)Cc1cc(C)ccc1C,PI291,1,11,0.06316128201305689,0.0,1,1.5378430677472703
*CC(*)c1ccc(COCCCCCC)cc1,PI153,1,16,-0.19975781942621787,0.0,1,1.5169384028248674
*C(=O)Oc1ccc(OC(=O)c2ccc3c(c2)C(=O)N(C2CCC(N4C(=O)c5ccc(*)cc5C4=O)CC2)C3=O)cc1,PI1088,1,40,0.8594524098249815,0.0,1,1.60115607587968
*/C=C/C(C*)OC,PI279,3,6,-0.17846048122272232,0.0024487305334666733,3,1.5186317515258403
*CC(*)c1ccc(COCC(CC)CCCC)cc1,PI235,2,18,-0.46739904161645546,0.001309152948982494,2,1.4956582826712483
*c1ccc(Cc2ccc(N3C(=O)C4CCC5C(=O)N(*)C(=O)C5C4C3=O)c(C)c2)cc1C,PI1066,5,31,-0.11860070053990754,0.005587963689590198,5,1.5233911952127106
*CC(*)C(=O)OC1CC2CCC1(C)C2(C)C,PI428,1,15,-0.9880484175095996,0.0,1,1.4542615158120773
*C1Cc2ccccc2C1*,PI386,1,9,0.4060775511986825,0.0,1,1.5651082974872317
*c1ccc(Oc2ccc(N3C(=O)c4cccc(Oc5cccc6c5C(=O)N(*)C6=O)c4C3=O)cc2)cc1,PI1060,5,36,1.379579577643157,0.0021162419126408575,5,1.642511322040023
*CC(*)OC(=O)C1CCCCC1,PI340,1,11,-1.0256949190904983,0.0,1,1.4512682471726317
*CC(*)C(C)c1ccccc1,PI28,2,10,0.023765768861518557,0.0023162135982892364,2,1.5347107354162577
*CC(*)c1ccccc1C(=O)OCCC(C)C,PI105,2,16,-0.12432871125431473,0.0028765160345055854,2,1.5229357617961155
*CC(*)CCCCC,PI8,1,7,-0.9018037088851456,0.0,1,1.461118821824668
*CC(*)c1ccccc1C(=O)OC,PI98,1,12,0.0529679457412501,0.0,1,1.537032596853231
*CC(*)(C)C(=O)OC,PI437,1,7,-1.2177476841425783,0.0,1,1.4359981558066683
*CC(*)c1ccc(Br)cc1,PI136,1,9,0.784612770607309,0.0,1,1.5952055855113705
*CC(*)C(=O)c1ccc(C(C)(C)C)cc1,PI323,1,14,-0.012881673172019903,0.0,1,1.5317969018766613
*CC(*)c1ccc(C(C)=NO)cc1,PI138,2,12,0.5947508582791262,0.000693011746441148,2,1.580109688571893
*CC(*)c1cc(Br)ccc1OC(C)C,PI202,1,13,-0.14571555303822406,0.0,1,1.521235296676641
*c1c(C)cc(C(c2cc(C)c(N3C(=O)c4ccc(-c5ccc6c(c5)C(=O)N(*)C6=O)cc4C3=O)c(C)c2)c2cccc3ccccc23)cc1C,PI1001,5,49,0.74013671146577,0.007062143759427588,5,1.5916692996031456
*CC(*)c1ccccc1COC,PI85,2,11,-0.047476945835890176,0.009109157832417041,2,1.5290462360673747
*c1ccc(Sc2ccc3c(c2)Sc2ccc(Sc4ccc(-n5c(=O)c6cc7c(=O)n(*)c(=O)c7cc6c5=O)cc4)cc2S3)cc1,PI1086,2,44,2.542682359566531,0.0037677105942163945,2,1.734989478983818
*CC(*)C(=O)C(C)C,PI247,1,7,-0.9828872045346262,0.0,1,1.4546718832111911
*CC(*)c1ccc(O)cc1,PI231,1,9,0.7801833565821986,0.0,1,1.594853403355374
*CC(*)OCCCCCCCCCCCCCCCCCC,PI402,1,21,-1.0075951910304026,0.0,1,1.4527073542904168
*CC(*)CCc1ccccc1C,PI281,1,11,0.3177138470646834,0.0,1,1.5580825104062948
*CC(*)OC(=O)c1ccccc1OC,PI357,3,13,0.42003556022662636,0.0031108117252514793,3,1.5662180970419834
*CC(*)OC(F)(C(F)(F)F)C(F)(F)F,PI371,1,13,-2.561027743590647,0.0,1,1.329194126027215
*CC(*)C(=O)c1ccc(Br)c(OC)c1,PI322,2,13,0.6830304808260103,0.002734569449352277,2,1.5871287903363385
*CC(*)C(=O)OC(F)(C(F)(F)Cl)C(F)(F)Cl,PI434,1,15,-1.6868029547831838,0.0,1,1.3987036298131144
*CC(*)(C)c1ccccc1,PI213,1,9,0.1325681628358122,0.0,1,1.5433616001740365
*CC(*)c1ccc(Cl)c(C)c1,PI207,2,10,0.1418561893686121,0.015032554734612348,2,1.5441000900037813
*C(C)C(*)OCCCC,PI284,1,8,-0.9995235211703696,0.0,1,1.4533491317530072
*c1ccc(S(*)(=O)=O)cc1,PI1137,1,9,0.7686653864472962,0.0,1,1.5939376109882988
*CC(*)(C(=O)OC)c1ccccc1,PI220,2,12,-0.38501975296194,0.0039027163067280666,2,1.5022082496247384
*C=CC(C)C(*)C(=O)OC,PI268,2,9,-0.7381651454986208,0.000887916479489532,2,1.4741297035645358
*CC(*)CC1CCCCC1,PI25,1,9,-0.7569128992558601,0.0,1,1.4726390720044955
*CC(*)c1cc(Br)ccc1OCC,PI199,1,12,0.17403271458446443,0.0,1,1.5466584415055264
*CC(*)C(C)CC,PI35,1,6,-1.0764587958304712,0.0,1,1.4472320176723708
*CC(*)CC1CCCC1,PI23,1,8,-0.6110807858367077,0.0,1,1.4842341651311064
*CC(*)CCCC(C)(C)C,PI41,1,9,-0.9533742176067426,0.0,1,1.4570184571162794
*CC(*)c1ccc(C(=O)OCCCCCC)cc1,PI166,1,17,-0.25826293747302187,0.0,1,1.5122866681950176
*CC(*)CCCN(CC(C)C)CC(C)C,PI266,1,14,-0.9626826199655188,0.0,1,1.4562783472071557
*CC(*)c1ccc(C(=O)OCCC)cc1,PI162,1,14,-0.019305321603235174,0.0,1,1.5312861583920732
*CC(*)C=O,PI242,1,4,-0.12094013758990088,0.0,1,1.5232051868650118
*CC(*)OC(C)(C)C,PI272,1,7,-1.147169795025064,0.0,1,1.4416097949567166
*c1ccc(-c2ccc(-n3c(=O)c4cc5c(=O)n(*)c(=O)c5cc4c3=O)c(C)c2)cc1C,PI687,1,30,0.6651898663181243,0.0,1,1.5857102853047318
*CC(*)c1ccc(C(=O)CCC)cc1,PI168,2,13,0.28303487432788577,0.00422748984066341,2,1.555325189614662
*CCC=C(*)CCC,PI77,1,7,-0.3240691719696787,0.0,1,1.507054422707995
*CC(*)c1ccc(COCCCCO)cc1,PI151,3,15,0.06036185614522963,0.0026389681388083153,3,1.5376204857461084
*c1ccc(Oc2ccc(Oc3ccc(N4C(=O)c5ccc(Oc6ccc(C7(c8ccc(Oc9ccc%10c(c9)C(=O)N(*)C%10=O)cc8)CCC(C(C)(C)C)CC7)cc6)cc5C4=O)cc3)c(C(C)(C)C)c2)cc1,PI1014,5,70,0.7813729278957131,0.0026164911727067997,5,1.5949479860219593
*CC/C=C(\*)C(C)(C)C,PI81,1,8,-0.3835536308599924,0.0,1,1.5023248208099766
*CC(*)(C)C(=O)OC(C)(C)C,PI444,1,10,-1.5920545413362488,0.0,1,1.4062370643342077
*CC(*)c1ccccc1C(=O)OCCCCC,PI104,1,16,-0.2209161496150315,0.0,1,1.5152561066337826
*CC(*)C1CCCCC1,PI24,1,8,-1.0561216012002703,0.0,1,1.4488490254777326
*c1ccc2c(c1)C(=O)N(c1cccc(Oc3ccc(S(=O)(=O)c4ccc(Oc5cccc(N6C(=O)c7ccc(C(*)(C(F)(F)F)C(F)(F)F)cc7C6=O)c5)cc4)cc3)c1)C2=O,PI984,5,60,0.813884046427357,0.005665579908846171,5,1.5975329409964594
*c1ccc(Oc2ccc(C(c3ccc(Oc4ccc(N5C(=O)c6ccc(Oc7ccc(C8(c9ccc(Oc%10ccc%11c(c%10)C(=O)N(*)C%11=O)cc9)CCC(C(C)(C)C)CC8)cc7)cc6C5=O)cc4)cc3)(C(F)(F)F)C(F)(F)F)cc2)cc1,PI1013,4,81,0.6290388260605023,0.0028463809727614195,4,1.5828359206083484
*C1CC(*)(C#N)C1,PI290,1,6,-1.128169397931219,0.0,1,1.4431205141569006
*c1ccc(Oc2ccc(Oc3ccc(N4C(=O)c5ccc(Oc6ccc(C7(c8ccc(Oc9ccc%10c(c9)C(=O)N(*)C%10=O)cc8)CCC(c8ccccc8)CC7)cc6)cc5C4=O)cc3)c(C(C)(C)C)c2)cc1,PI1025,2,72,1.311676367660938,0.005259313457219946,2,1.6371123462940111
*CC(*)(C)C(=O)OCc1ccccc1,PI450,1,13,-0.07779939598088638,0.0,1,1.5266353018429786
*c1cccc(P(=O)(c2cccc(-n3c(=O)c4c(-c5ccccc5)c5c(=O)n(*)c(=O)c5c(-c5ccccc5)c4c3=O)c2)c2cc(C(F)(F)F)cc(C(F)(F)F)c2)c1,PI1057,5,56,0.1776055338930659,0.004847596229569718,5,1.5469425159225838
*CC(*)O,PI241,1,3,0.10939511694117654,0.0,1,1.5415191141887772
*CC(*)c1cccc(CC)c1,PI114,1,10,0.19830224934454735,0.0,1,1.5485881091835492
*CC(*)c1ccc(COCCCC)cc1,PI150,2,14,-0.0008071161897092173,0.004119242951791869,2,1.532756948394468
*c1ccc(-c2ccc(N3C(=O)c4cc5c(cc4C3=O)C(C(F)(F)F)(C(F)(F)F)c3cc4c(cc3O5)C(=O)N(*)C4=O)cc2OC(F)(F)F)c(OC(F)(F)F)c1,PI1112,3,54,-0.6001356858237892,0.006293970628596558,3,1.485104408666322
*CC(*)OC(C)CC,PI277,1,7,-1.0711267120382513,0.0,1,1.4476559709888257
*CC(*)OCC(C)(C)CC,PI316,1,9,-1.1190380263612048,0.0,1,1.4438465483701173
*c1ccc2c(c1)C(=O)N(c1ccc(Oc3c(C)cc(Cc4cc(C)c(Oc5ccc(N6C(=O)c7ccc(C(*)(C(F)(F)F)C(F)(F)F)cc7C6=O)cc5)c(C)c4)cc3C)cc1)C2=O,PI1000,5,62,0.3609979539454734,0.002985205805368632,5,1.561524024339117
*C(F)(F)C(*)(F)OC(F)(F)C(F)(F)C(F)(F)C(F)(F)F,PI310,1,19,-3.0964256720557066,0.0,1,1.2866247035948333
*CC(*)CCN(C(C)C)C(C)C,PI264,2,11,-0.9312071791227121,0.0016646692935051073,2,1.4587809555779505
*c1ccc(Oc2ccc(Oc3ccc(-n4c(=O)c5cc6c(=O)n(*)c(=O)c6cc5c4=O)cc3)cc2-c2ccccc2)cc1,PI1031,2,42,1.4738561224150846,0.003507917343749513,2,1.6500072383416928
*CCC=C(*)CCCCCCC,PI68,2,11,-0.7731178494096279,0.0013798507640963777,2,1.471350618441425
*CC(*)CCC1CCCCC1,PI42,1,10,-0.6875610522354172,0.0,1,1.4781532287005124
*C(F)(F)C(*)(F)c1ccccc1,PI215,1,11,-0.6812411135944477,0.0,1,1.4786557262326292
*C=CC(C*)OC,PI303,3,6,-0.21262885240073148,0.001479869718844714,3,1.5159150286003835
*CC(*)C1CCC(C)CC1,PI66,1,9,-0.995663722686853,0.0,1,1.4536560238484244
*CC(*)c1ccc(OCCCC)cc1,PI181,2,13,0.11783854751978937,0.0027134278008514724,2,1.5421904502996768
*CCCCCCCCCCCCSC(=O)S*,PI1125,1,16,-0.20172733064370552,0.0,1,1.5167818072339152
*CCC(C)C(*)C,PI51,2,6,-0.8530270014280333,0.0020997143046606183,2,1.464997051743404
*c1ccc(-c2nc3cc4nc(*)oc4cc3o2)cc1,PI547,1,18,1.9851939155413734,0.0,1,1.690663642417891
*CC(*)OC(=O)C(F)(F)C(F)(F)C(F)(F)C(F)(F)C(F)(F)F,PI350,1,21,-2.549589261898763,0.0,1,1.3301035982781124
*CC(*)c1ccc(C#N)cc1,PI134,2,10,0.4992742835295257,0.003931972570994817,2,1.5725183580365567
*C(CC)C(*)CC,PI62,1,6,-0.9328794570391127,0.0,1,1.4586479929696496
*c1ccc(Oc2ccc(-c3ccc(Oc4ccc(N5C(=O)c6ccc(Oc7ccc(C8(c9ccc(Oc%10ccc%11c(c%10)C(=O)N(*)C%11=O)cc9)CCCCCCCCCCC8)cc7)cc6C5=O)cc4)cc3C)c(C)c2)cc1,PI1042,1,76,0.8895160075290586,0.0,1,1.6035464287788237
*c1cccc(P(=O)(c2ccccc2)c2cccc(-n3c(=O)c4c(-c5ccc(C(F)(F)F)cc5)c5c(=O)n(*)c(=O)c5c(-c5ccc(C(F)(F)F)cc5)c4c3=O)c2)c1,PI1056,5,56,0.23452985440509802,0.009948324294363075,5,1.551468561537852
*CC(*)SCCCC,PI307,2,7,-0.18802611995932764,0.0019367501188677293,2,1.5178711887844387
*c1ccc(Oc2ccc(C3(c4ccc(Oc5ccc(N6C(=O)c7ccc(Oc8ccc(C9(c%10ccc(Oc%11ccc%12c(c%11)C(=O)N(*)C%12=O)cc%10)CCCCCCCCCCC9)cc8)cc7C6=O)cc5)cc4)CCC(C(C)(C)C)CC3)cc2)cc1,PI1047,3,84,0.7702078764808555,0.001231444218669042,3,1.5940602541782427
*C(F)(F)C(*)(OC(F)(F)F)OC(F)(F)F,PI312,1,14,-3.276737898854893,0.0,1,1.2722881009592126
*c1cccc(Oc2ccc(-n3c(=O)c4cc5c(=O)n(*)c(=O)c5cc4c3=O)cc2)c1,PI953,1,29,1.7729012784779132,0.0,1,1.6737842813558346
*Oc1ccc(OC(=O)Oc2ccc(-c3ccc(OC(*)=O)cc3)cc2)cc1,PI815,1,26,1.3280229225034852,0.0,1,1.6384120588282032
*C(F)(F)C(*)(F)c1c(F)c(F)c(F)c(F)c1F,PI216,2,16,-1.934750165896073,0.0009192408493907237,2,1.37898937802089
*CC(*)c1nc(C)nc(C)n1,PI383,1,10,-0.21590260439653905,0.0,1,1.5156547329880192
*CC(*)CNc1ccc([N+](=O)[O-])c(C(F)(F)F)c1,PI395,1,17,0.28689232762122213,0.0,1,1.555631895244301
*Oc1ccc(C2(c3ccc(OC(*)=O)cc3)CCCC2)cc1,PI800,1,21,0.41334064326646847,0.0,1,1.5656857850305348
*CC(*)OC,PI253,1,4,-0.5419665634541622,0.0,1,1.4897294283218383
*CC(*)c1ccccc1,PI82,1,8,0.6365905155396979,0.0,1,1.583436354495793
*CCCC=C(*)c1ccc(OC)cc1,PI389,2,13,1.029446308806289,0.003123550917023039,2,1.6146722695590419
*CC(*)C(=O)N1CCOCC1,PI462,1,10,-0.3993688147670107,0.0,1,1.5010673575125115
*CC(*)OC(=O)C(F)(F)F,PI278,2,9,-1.9612268111350482,0.0020621888146623215,2,1.376884223264312
*CC(*)OCCCl,PI374,1,6,-0.2677968488236001,0.0,1,1.511528628094117
*c1ccc(-c2ccc(Oc3ccc(C4(C)CC(C)(C)c5ccc(Oc6ccc(-c7ccc(N8C(=O)c9ccc(Oc%10ccc%11c(c%10)C(=O)N(*)C%11=O)cc9C8=O)cc7)cc6C(F)(F)F)cc54)cc3)c(C(F)(F)F)c2)cc1,PI1101,2,75,0.8664365339731277,0.008306693035870154,2,1.6017113827185296
*CC(*)C(=O)c1ccccc1O,PI302,1,11,0.8701365648772157,0.0,1,1.602005571713658
*CC(*)OC=O,PI270,1,5,-0.6420081610048012,0.0,1,1.4817751333936662
*CC1CC(*)C(OC(=O)CCCCCCCCCCOc2ccc(-c3ccc(C#N)cc3)cc2)C1OC(=O)CCCCCCCCCCOc1ccc(-c2ccc(C#N)cc2)cc1,PI397,1,62,0.2518352376565602,0.0,1,1.5528445103990995
*C=CC1CCC(*)C1,PI75,1,7,-0.035643941002300915,0.0,1,1.5299870768040014
*CC(*)c1c(Cl)cccc1Cl,PI186,2,10,0.3149451552036376,0.010702629392593324,2,1.557862372062174
*c1ccc(Oc2ccc(C(C)(C)c3ccc(Oc4ccc(N5C(=O)c6ccc(C(c7ccc8c(c7)C(=O)N(*)C8=O)(C(F)(F)F)C(F)(F)F)cc6C5=O)cc4)cc3)cc2)cc1,PI982,1,60,0.7116651482340425,0.0,1,1.589405529166087
*CC(*)c1ccccc1C(=O)OCCCCCC,PI106,1,17,-0.3810215265829311,0.0,1,1.5025261481048395
*CC(*)CNc1ccc([N+](=O)[O-])cc1,PI392,2,13,1.4052304287807493,0.003393796346251661,2,1.6445508180107242
*CC(*)c1ccccc1COCCCC,PI89,2,14,-0.02356985155800665,0.004276084149296372,2,1.5309470861479189
*Oc1ccc(-c2ccc(OC(=O)CCCCCCCCCCCC(*)=O)cc2)cc1,PI585,1,29,-0.04118187607584465,0.0,1,1.5295467562778748
*C(F)C(*)(F)OC(F)(F)F,PI314,1,9,-2.5799384739000515,0.0,1,1.3276905362218645
*CC(*)c1cc(Br)ccc1OCCCC,PI198,2,14,0.021165115567361552,0.0006051328577146827,2,1.5345039577976058
*CCCCCCN1C(=O)c2ccc(C(c3ccc4c(c3)C(=O)N(*)C4=O)(C(F)(F)F)C(F)(F)F)cc2C1=O,PI970,4,37,-0.3323018715589819,0.005053390204843256,4,1.5063998417917395
*CC(*)C=C,PI521,2,4,-0.2852033452543891,0.00266932029213054,2,1.510144639736608
*C(=O)Nc1cccc(C#Cc2cccc(N3C(=O)c4ccc(*)cc4C3=O)c2)c1,PI1018,4,28,2.5189720352482414,0.004885089829721102,4,1.7331042740581888
*CC(*)c1ccc(CCCCCCCCCC)cc1,PI127,2,18,-0.36138193959076653,0.0022991156994722505,2,1.5040876892140176
*/C=C\CC*,PI47,1,4,0.11091994677463142,0.0,1,1.5416403532184162
*CC(CC(*)(C#N)C(=O)OC)c1ccccc1,PI238,2,16,-0.37299164198733786,0.0011321912080263187,2,1.5031646032262724
*CC(*)c1ccc(Cl)cc1C,PI190,2,10,0.3158148053334444,0.0008735014347115092,2,1.557931517835394
*CC(*)OC(=O)C(C)(C)C(C)C(C)C,PI366,3,13,-1.3392789348971186,0.001605256364820078,3,1.426335221235857
*C(O)C(*)O,PI305,2,4,0.04170780710693629,0.008343590740145304,2,1.5361373046365698
*C(=O)Nc1cccc(NC(=O)c2ccc(N3C(=O)c4ccc(*)cc4C3=O)cc2)c1,PI990,3,29,2.1693079345640958,0.008658695950545673,3,1.7053025250784415
*CC(*)CNc1ccc([N+](=O)[O-])cc1[N+](=O)[O-],PI396,1,16,1.2181222008470165,0.0,1,1.6296738661735726
*CC(*)CC(C)CC,PI38,1,7,-0.8865868691590242,0.0,1,1.4623287108510306
*CC(*)C(=O)c1ccc(Br)cc1,PI406,1,11,1.0135884759963512,0.0,1,1.6134114152526315
*CC(*)c1ccccc1C(=O)O,PI97,1,11,0.3500741582115617,0.0,1,1.5606554747044648
*c1ccc(-c2ccc(-n3c(=O)c4cc5c(=O)n(*)c(=O)c5cc4c3=O)cc2C(F)(F)F)c(C(F)(F)F)c1,PI967,3,36,-0.5360009299232014,0.010720919212930443,3,1.4902037550989036
*CC(*)C(=O)Oc1ccc(C(=O)OC)cc1,PI469,2,15,0.1940340999658812,0.004035337579241472,2,1.548248749159453
*CC(*)OC(=O)CC(C)(C)c1ccccc1,PI363,1,15,-0.285070313424955,0.0,1,1.5101552170807535
*CC(*)c1ccc(OC)cc1,PI178,1,10,0.40018881257241934,0.0,1,1.5646400846144364
*CC(*)N1Cc2ccccc2N1,PI229,2,11,0.8229532175807691,0.006011258105418373,2,1.5982540296623196
*CC1(*)CCC(C)CC1,PI44,2,8,-1.0324279056781092,0.00038580430784957754,2,1.4507329082498583
*CC(*)C(C)=O,PI246,1,5,-0.5831558027550915,0.0,1,1.486454477048686
*C#C/C(COS(=O)(=O)c1ccc(C)cc1)=C(/*)COS(=O)(=O)c1ccc(C)cc1,PI269,1,28,0.6227454879272885,0.0,1,1.5823355380792814
*c1ccc(Oc2ccc(S(=O)(=O)c3ccc(Oc4ccc(N5C(=O)c6ccc(C(c7ccc8c(c7)C(=O)N(*)C8=O)(C(F)(F)F)C(F)(F)F)cc6C5=O)cc4)cc3)cc2)cc1,PI983,1,60,0.8190243634422191,0.0,1,1.5979416469603942
*CC(*)c1ccccc1C(=O)OCCCC,PI102,1,15,-0.1554773696440032,0.0,1,1.5204591358573598
*CC(*)c1ccc(OCCC(C)C)cc1,PI182,1,14,0.022559722748231,0.0,1,1.5346148428403998
*C(c1ccccc1)C(*)[N+](=O)[O-],PI222,1,11,-0.7211106761892623,0.0,1,1.4754857022895804
*CCC1CC(OC(=O)CCCCCCCCCCOc2ccc(-c3ccc(C#N)cc3)cc2)CC1*,PI399,1,35,0.24641542571116795,0.0,1,1.5524135818281413
*c1ccc(Oc2cc(C(C)(C)C)ccc2Oc2ccc(-n3c(=O)c4cc5c(=O)n(*)c(=O)c5cc4c3=O)cc2)cc1,PI1032,3,40,1.0612767889158774,0.0052855383533724895,3,1.6172031070576016
*CC(*)C(=O)OCc1ccccc1,PI473,1,12,0.2170422533458818,0.0,1,1.5500781245614652
*c1ccc(Oc2ccc(C(c3ccc(Oc4ccc(N5C(=O)c6ccc(Oc7ccccc7Oc7ccc8c(c7)C(=O)N(*)C8=O)cc6C5=O)cc4C(F)(F)F)cc3)(C(F)(F)F)C(F)(F)F)cc2)c(C(F)(F)F)c1,PI1077,5,73,0.30032801300404105,0.006861921136285537,5,1.556700164911256
*CC(*)C(=O)Oc1ccc(-c2ccccc2)cc1,PI472,1,17,1.298831094085882,0.0,1,1.6360910201961614
*CC(*)C(=O)Oc1cccc(C(=O)OCC)c1,PI468,1,16,0.018279906490443126,0.0,1,1.5342745551842016
*CC(*)C(=O)c1ccc(C)c(C)c1,PI328,1,12,0.33418981710691714,0.0,1,1.5593925127268526
*c1ccc(Oc2ccc(N3C(=O)C4CCC5C(=O)N(*)C(=O)C5C4C3=O)cc2)cc1,PI1064,5,29,0.4415906523054927,0.005456581574922223,5,1.567931939721399
*CC(*)c1ccccc1COCCC,PI87,2,13,-0.029233525864509415,0.002274876118497902,2,1.530496768111082
*c1ccc2c(c1)C(=O)N(c1c(C(C)C)cc(Cc3cc(C(C)C)c(N4C(=O)c5ccc(C(*)(C(F)(F)F)C(F)(F)F)cc5C4=O)c(C(C)C)c3)cc1C(C)C)C2=O,PI973,5,56,-0.7979048301319522,0.0037315910310055304,5,1.4693798086995624
*c1ccc2c(c1)C(=O)N(c1ccc(Sc3ccc(Oc4ccc(Sc5ccc(N6C(=O)c7ccc(C(*)(C(F)(F)F)C(F)(F)F)cc7C6=O)cc5)cc4)cc3)cc1)C2=O,PI1115,1,58,1.3748136570158223,0.0,1,1.6421323842861062
*CC(*)(C)C(=O)OCC(C)C,PI443,1,10,-1.1776568466088588,0.0,1,1.4391857732924769
*C(=O)c1ccc2c(c1)C(=O)N(c1cc(C(c3ccc(O)c(N4C(=O)c5ccc(*)cc5C4=O)c3)(C(F)(F)F)C(F)(F)F)ccc1O)C2=O,PI1041,1,47,0.13540573467150757,0.0,1,1.54358721515634
*C(=O)c1ccc2c(c1)C(=O)N(c1ccc(C3(c4ccc(N5C(=O)c6ccc(*)cc6C5=O)cc4)c4ccccc4-c4ccccc43)cc1)C2=O,PI969,4,49,1.253258823419385,0.0031415132830473307,4,1.6324675746464807
*OC(C)COC(*)=O,PI1116,2,7,-1.0232579592075752,0.0008966723186433514,2,1.4514620095485982
*c1ccc(Oc2ccc(C(c3ccc(Oc4ccc(N5C(=O)c6ccc(Oc7ccc8c(c7)C(=O)N(*)C8=O)cc6C5=O)cc4)cc3)(C(F)(F)F)C(F)(F)F)cc2)cc1,PI961,4,58,0.8924980826114294,0.0024254532879780266,4,1.603783533196225
*CC(*)c1cc(C(C)(C)C)ccc1C,PI193,2,13,-0.30007640609038705,0.00017702396523042773,2,1.5089620845268685
*CC(*)CNc1ccc([N+](=O)[O-])cc1C,PI394,1,14,1.1272850027002013,0.0,1,1.6224514118925637
*CC(*)(C)c1ccc(C)cc1,PI221,1,10,0.06677789967572248,0.0,1,1.5381306245659898
*CC(*)(C)C(=O)OC(C)C,PI440,1,9,-1.3139764393957867,0.0,1,1.4283470194934216
*c1ccc2c(c1)C(=O)N(c1ccc(Oc3c(C)cc(C(c4cc(C)c(Oc5ccc(N6C(=O)c7ccc(C(*)(C(F)(F)F)C(F)(F)F)cc7C6=O)cc5)c(C)c4)c4cccc5ccccc45)cc3C)cc1)C2=O,PI1006,5,72,0.4565520104440526,0.011399641817493736,5,1.5691215154386389
*c1ccc(Oc2ccc(Oc3ccc(N4C(=O)c5ccc(Oc6cccc7c6C(=O)N(*)C7=O)cc5C4=O)cc3)cc2)cc1,PI1063,5,43,1.7839379875047998,0.0026284983241458082,5,1.6746618087123109
*C(C)C(*)C,PI49,1,4,-0.7936148836617691,0.0,1,1.4697209018076831
*c1ccc(Oc2ccc(C3(c4ccc(Oc5ccc(N6C(=O)c7ccc(Oc8ccc(C9(c%10ccc(Oc%11ccc%12c(c%11)C(=O)N(*)C%12=O)cc%10)CCC(C(C)(C)C)CC9)cc8)cc7C6=O)cc5)cc4)CC4CC3C3CCCC43)cc2)cc1,PI1017,4,82,0.7620934877895711,0.005212426964260885,4,1.5934150801467142
*CC(*)c1ccc(C(C)C)cc1C(C)C,PI188,2,14,-0.5717443685166963,0.0036387571368915158,2,1.4873617987599341
*CC(*)C(=O)Oc1ccc(OC)cc1,PI464,1,13,0.24092280969904897,0.0,1,1.5519768646149292
*CC(*)OC(=O)c1ccc(OCC)cc1,PI343,2,14,0.24891866721882772,0.0016609790602739362,2,1.5526126142478134
*CC(*)c1ccc(C)nc1,PI228,1,9,0.332107329294055,0.0,1,1.5592269343809106
*CC(*)OC(=O)C(C)(C(C)C)C(C)C,PI356,2,13,-1.334360159828523,0.002049717865799302,2,1.4267263124273102
*CC(*)C(=O)Oc1cccc(N(C)C)c1,PI475,2,14,0.643991989329059,6.888521891187791e-05,2,1.5840248447524976
*CC(*)c1ccc(C(=O)C(F)(F)F)cc1,PI223,1,14,-0.3501122803098011,0.0,1,1.504983738416105
*CC(*)OC(=O)c1cccc(Br)c1,PI334,1,12,0.725701642179416,0.0,1,1.5905215690468224
*CC(*)C(=O)c1ccc(C)cc1,PI330,1,11,0.4662363370021276,0.0,1,1.569891515033904
*c1ccc(Oc2ccccc2Oc2ccc(N3C(=O)c4ccc(-c5ccc6c(c5)C(=O)N(*)C6=O)cc4C3=O)cc2)cc1,PI1034,1,42,1.9527990520174248,0.0,1,1.688087930864535
*CC(*)C1CC=CCC1,PI67,3,8,-0.6995414307420993,0.00381053065959502,3,1.477200670301542
*c1ccc(Oc2ccc(Oc3ccc(N4C(=O)c5ccc(-c6ccc7c(c6)C(=O)N(*)C7=O)cc5C4=O)cc3)cc2)cc1,PI1033,2,42,2.0530044900386737,0.00025642778958524635,2,1.696055252728065
*CC(*)c1ccc(CCCCCCCCCCCCCC)cc1,PI129,1,22,-0.4661534802914067,0.0,1,1.4957573170966587
*C(=O)Oc1ccc(OC(=O)c2ccc3c(c2)C(=O)N(c2ccc(-c4ccc(N5C(=O)c6ccc(*)cc6C5=O)cc4C(F)(F)F)c(C(F)(F)F)c2)C3=O)cc1,PI1089,2,54,0.9265244062604675,0.007539950417400492,2,1.606488961940392
*CC(*)c1ccncc1,PI226,1,8,0.4781776390535426,0.0,1,1.570840966468796
*CC(*)OC(=O)c1cccc([N+](=O)[O-])c1,PI369,2,14,0.240788768190661,0.0006405637612318322,2,1.5519662069913363
*CC(*)c1ccc(C(=O)CCCCC)cc1,PI170,1,15,0.08403805211401212,0.0,1,1.5395029771309303
*CC(*)OC(=O)c1ccccc1OC(C)=O,PI331,2,15,-0.05681591039854806,0.0014952340241006993,2,1.5283036961612368
*CC(*)C(=O)OC(F)(C(F)(F)F)C(F)(F)Cl,PI433,1,15,-2.1360254065493756,0.0,1,1.3629860087715655
*C(=O)c1ccc2c(c1)C(=O)N(c1c(CC)cc(Cc3cc(CC)c(N4C(=O)c5ccc(*)cc5C4=O)c(CC)c3)cc1CC)C2=O,PI1070,5,45,0.23888028693661073,0.006058963232739482,5,1.5518144638851556
*CCCCCCCCCCN1C(=O)C2C3C=CC(C4C(=O)N(*)C(=O)C34)C2C1=O,PI1080,3,28,-0.562332928070926,0.0032501399940609403,3,1.4881101012144875
*c1ccc(-c2sc(-c3ccc(-n4c(=O)c5cc6c(=O)n(*)c(=O)c6cc5c4=O)cc3)c(-c3ccccc3)c2-c2ccccc2)cc1,PI993,5,45,1.4328679802588822,0.011704183218808286,5,1.646748276277405
*CC(*)P(=O)(OCC)N(C)C,PI381,3,10,-0.8327742371583456,0.002954001399525044,3,1.4666073465013452
*Cc1cc(*)c(O)cc1C,PI1138,1,9,0.6028922239788296,0.0,1,1.580757007541992
*CC(*)c1ccccc1COCCCCC,PI90,2,15,-0.221225545507265,3.9615110206656754e-05,2,1.5152315066050281
*CC(*)OC(=O)CCl,PI372,1,7,-0.48274113577281924,0.0,1,1.4944384346807789
*CC(*)OC(=O)C1CCCC1,PI378,1,10,-0.8478429131679224,0.0,1,1.4654092379535826
*C(C)C(*)OCC,PI286,1,6,-1.007702648097659,0.0,1,1.4526988103924183
*c1ccc(Oc2c(C)cc(Cc3cc(C)c(Oc4ccc(-n5c(=O)c6cc7c(=O)n(*)c(=O)c7cc6c5=O)cc4)c(C)c3)cc2C)cc1,PI997,1,47,0.7197591806816516,0.0,1,1.5900490846752229
*C(=O)c1ccc2c(c1)C(=O)N(c1c(C)cc(C(c3cc(C)c(N4C(=O)c5ccc(*)cc5C4=O)c(C)c3)c3cccc4ccccc34)cc1C)C2=O,PI1002,5,51,0.5435760943852384,0.009168224483686663,5,1.5760407894853354
*CC(*)C(=O)c1ccc(C(C)C)cc1,PI326,2,13,0.28808777769446414,0.0011582152942241103,2,1.555726945330338
*CC(*)c1ccc(-c2ccccc2)cc1,PI132,1,14,1.300221055629795,0.0,1,1.636201535864941
*CC(*)OC(=O)CCCCCCCCCCC,PI243,2,16,-0.9945602155839574,0.0009024985168777088,2,1.453743763560371
*CC(*)c1ccc(C(=O)OC)cc1,PI160,2,12,0.20111123794494526,0.003697758413490199,2,1.5488114515163836
*CC(*)c1ccc(C(C)CC)cc1,PI123,1,12,-0.16095745256050084,0.0,1,1.5200234151490155
*c1ccc2c(c1)C(=O)N(c1cc(N3C(=O)c4ccc(C(*)(C(F)(F)F)C(F)(F)F)cc4C3=O)ccc1C)C2=O,PI974,5,38,-0.2215297802032034,0.01589394054934721,5,1.5152073169423466
*C=CCCCCCC*,PI57,1,8,-0.4741583655634961,0.0,1,1.4951208496683157
*CC(*)CCCCCCCCCCCCCC,PI56,1,16,-0.9247355310927597,0.0,1,1.45929551550464
*c1ccc2c(c1)C(=O)N(c1ccc(C(c3ccc(C)c(N4C(=O)c5ccc(C(*)(C(F)(F)F)C(F)(F)F)cc5C4=O)c3)(C(F)(F)F)C(F)(F)F)cc1C)C2=O,PI980,2,54,-0.941183809452505,0.0013239868896700144,2,1.4579877149462988
*c1ccc(Oc2ccc(C(C)(C)c3ccc(Oc4ccc(N5C(=O)C6CCC7C(=O)N(*)C(=O)C7C6C5=O)cc4)cc3)cc2)cc1,PI1068,5,45,0.6909897414119454,0.0018860226453898963,5,1.587761630151583
*c1ccc2c(c1)C(=O)N(c1c(C)cc(Cc3cc(C)c(N4C(=O)c5ccc(C(*)(C(F)(F)F)C(F)(F)F)cc5C4=O)c(C)c3)cc1C)C2=O,PI971,5,48,-0.36446954571809215,0.012101913775699148,5,1.5038421940364106
*CC(*)c1cc(C)cc(C)c1,PI205,1,10,0.09531317882522819,0.0,1,1.5403994610477143
*CC(*)c1cc(C)c(C)cc1C,PI211,1,11,0.01845166148580253,0.0,1,1.534288211402434
*CC(*)C,PI2,1,3,-0.516108473273907,0.0,1,1.491785401842942
*CC(*)C(=O)OCC(F)(F)C(F)(F)F,PI430,1,13,-2.037475106108948,0.0,1,1.3708217308527362
*c1ccc(Oc2ccc(C3(c4ccc(Oc5ccc(N6C(=O)c7ccc(Oc8ccc(C9(c%10ccc(Oc%11ccc%12c(c%11)C(=O)N(*)C%12=O)cc%10)CCCCCCCCCCC9)cc8)cc7C6=O)cc5)cc4)C4CC5CC(C4)CC3C5)cc2)cc1,PI1048,5,84,0.8224901541054732,0.0010534770003439093,5,1.5982172115432256
*c1ccc(Oc2c(C)cc(C(c3cc(C)c(Oc4ccc(-n5c(=O)c6cc7c(=O)n(*)c(=O)c7cc6c5=O)cc4)c(C)c3)c3cccc4ccccc34)cc2C)cc1,PI1004,5,57,0.7476346394837157,0.00657960472373908,5,1.59226545892352
*c1ccc(Oc2ccc(Oc3ccc(N4C(=O)c5cccc(Oc6cccc7c6C(=O)N(*)C7=O)c5C4=O)cc3)cc2)cc1,PI1062,4,43,1.4992321502323027,0.004072378856666716,4,1.6520248831445108
*CC(*)CCCCCCCCCCCCCCCCCCCC,PI54,3,22,-0.961155144436364,0.0026414132608405852,3,1.4563997965957294
*CC(*)CCc1ccc(C)cc1,PI282,1,11,0.35191903199615304,0.0,1,1.560802160388692
*CC(*)c1cccc2ccccc12,PI217,2,12,1.384450987703591,0.013994437400312728,2,1.642898647245592
*CC(*)C1CC1,PI20,1,5,-0.513579314471391,0.0,1,1.4919864949434916
