smiles_list,monomer_ID,replicate_count,heavy_atom_count,nematic_order_parameter,nematic_order_parameter_std,nematic_order_parameter_count,nematic_order_parameter_raw
*C=CC(C)CCCCC*,PI80,1,9,0.04558796886897974,0.0,1,0.052676825577162
*CC(*)c1cc(Cl)ccc1Cl,PI195,2,10,0.14171939673663073,0.013786334609290215,2,0.05493236436737971
*/C=C\CCCCC*,PI74,1,7,-0.887319016601526,0.0,1,0.0307879600930171
*CC(*)P(=O)(OCC)N(C)C,PI381,3,10,-0.40779879664910385,0.00643372077305555,3,0.0420389784206079
*CC(*)c1ccc(C(=O)c2ccc(C)cc2)cc1,PI174,1,17,0.38927209981250777,0.0,1,0.0607407117184626
*C(=O)c1ccc2c(c1)C(=O)N(c1c(C(C)C)cc(Cc3cc(C(C)C)c(N4C(=O)c5ccc(*)cc5C4=O)c(C(C)C)c3)cc1C(C)C)C2=O,PI1071,5,49,0.7891380931744676,0.035552122077267684,5,0.0701227970460471
*CC(*)O,PI241,1,3,-0.15810063844591382,0.0,1,0.0478976647437592
*CC(*)OC(=O)CCCCC,PI385,1,10,-1.1421085764422874,0.0,1,0.0248098138373042
*C(C)C(*)OCCC,PI289,1,7,-0.8681584484257879,0.0,1,0.0312375259189038
*C=CCCCCCC*,PI57,1,8,0.33949014081807094,0.0,1,0.0595726739387724
*CC(*)CCCCCCCC,PI12,1,10,0.7500234731756784,0.0,1,0.0692050478288675
*C(=O)c1ccc2c(c1)C(=O)N(c1ccc(Oc3c(C)cc(Cc4cc(C)c(Oc5ccc(N6C(=O)c7ccc(*)cc7C6=O)cc5)c(C)c4)cc3C)cc1)C2=O,PI999,3,55,1.3882300701335322,0.0035778871447393963,3,0.0841793363372324
*CC(*)C(=O)Oc1ccc(C#N)cc1,PI476,2,13,-0.14120443907261257,0.01667427687453892,2,0.0482941015172377
*CC(*)O[N+](=O)[O-],PI267,1,6,-1.2611181321265053,0.0,1,0.0220174838448496
*CC(*)C(=O)OCCCCCCCCCCCCCC,PI423,1,19,-0.086793140318806,0.0,1,0.0495707578375235
*CC(*)CCCCCCCCCCCCCCCC,PI33,2,18,0.4803420720472095,0.0016605091536372068,2,0.0628774932014363
*CC(*)C(C)=O,PI246,1,5,-1.231747545468606,0.0,1,0.0227066080882713
*C(F)(F)C(*)(F)OC(F)(F)C(F)(F)C(F)(F)C(F)(F)F,PI310,1,19,-0.32157885411808795,0.0,1,0.0440619632985272
*c1ccc(Oc2cc(C(C)(C)C)ccc2Oc2ccc(-n3c(=O)c4cc5c(=O)n(*)c(=O)c5cc4c3=O)cc2)cc1,PI1032,3,40,1.114959509570553,0.012503342124080438,3,0.0777675689969727
*CC(*)CCCC(C)(C)C,PI41,1,9,-1.3891814555334687,0.0,1,0.0190127246318035
*C=CCC(C)(CC*)C(=O)OC,PI280,1,11,-0.4827748799254105,0.0,1,0.0402798090426067
*CC(*)c1ccc(OC)cc1,PI178,1,10,-1.3135687104323732,0.0,1,0.0207868320532096
*CC(*)SC,PI317,2,4,-0.6933327649571731,0.016793698148490643,2,0.0353394738389188
*CC(*)C(=O)N1CCOCC1,PI462,1,10,-0.9329220065027228,0.0,1,0.0297179737737286
*C1CCC1*,PI72,2,4,0.16504011856090398,0.0011229221411160853,2,0.0554795401854997
*C(=O)c1ccc2c(c1)C(=O)N(c1cc(C(c3ccc(O)c(N4C(=O)c5ccc(*)cc5C4=O)c3)(C(F)(F)F)C(F)(F)F)ccc1O)C2=O,PI1041,1,47,0.2520146814769255,0.0,1,0.0575202307772321
*c1ccc2c(c1)C(=O)N(c1c(C)cc(C(c3cc(C)c(N4C(=O)c5ccc(C(*)(C(F)(F)F)C(F)(F)F)cc5C4=O)c(C)c3)c3cccc4ccccc34)cc1C)C2=O,PI1003,1,58,1.449031109103314,0.0,1,0.0856059156040117
*Oc1ccc(C(C)(C)c2ccc(OC(*)=O)c(CC)c2)cc1CC,PI1118,2,23,-0.24172965932311338,0.004786353535961164,2,0.04593547085191205
*CC(*)OC(=O)C(C)(C)CC(C)(C)C,PI367,1,13,1.239229251823193,0.0,1,0.0806833191352842
*c1ccc(Sc2ccc(Oc3ccc(Sc4ccc(N5C(=O)c6ccc(Oc7ccc(C(C)(C)c8ccc(Oc9ccc%10c(c9)C(=O)N(*)C%10=O)cc8)cc7)cc6C5=O)cc4)cc3)cc2)cc1,PI1114,1,66,-0.06246816110472413,0.0,1,0.050141496620933
*CC(*)C(=O)OC(F)(C(F)(F)F)C(F)(F)F,PI432,1,15,-0.8529267623724309,0.0,1,0.031594908093452
*CC(*)CCCCCCC,PI11,1,9,-0.45588639045828966,0.0,1,0.0409106956563679
*CC(*)c1ccc(C(C)(O)CCC)cc1,PI141,2,14,-0.9206378247031988,0.01946696972867721,2,0.0300061984383311
*CC(*)c1ccccc1C(=O)O,PI97,1,11,-0.10229791665410236,0.0,1,0.0492069681255257
*c1ccc(Oc2ccc(Oc3ccc(N4C(=O)c5ccc(Oc6ccc(C7(c8ccc(Oc9ccc%10c(c9)C(=O)N(*)C%10=O)cc8)CCCCCCCCCCC7)cc6)cc5C4=O)cc3)c(C(C)(C)C)c2)cc1,PI1044,1,72,-0.22640664318196638,0.0,1,0.0462949959110537
*CC(*)OC(=O)C(F)(F)C(F)(F)C(F)(F)F,PI346,1,15,-0.8684727836001304,0.0,1,0.0312301506494983
*CC(*)c1ccc(COCCOCC)cc1,PI133,2,15,-0.300466519349089,0.02202152699405267,2,0.04455732356810625
*CC(*)CC1CCCC1,PI23,1,8,-1.1640963583071702,0.0,1,0.0242939128878731
*CC(*)c1ccc(C(=O)OC)cc1,PI160,2,12,0.17890865796256306,0.03769308285280147,2,0.055804938749506997
*Oc1ccc(C2(c3ccc(OC(*)=O)cc3)CCCCC2)cc1,PI801,1,22,0.16058084863272687,0.0,1,0.055374912005911
*c1ccc(Oc2ccc(C3(c4ccc(Oc5ccc(N6C(=O)c7ccc(Oc8ccc(C9(c%10ccc(Oc%11ccc%12c(c%11)C(=O)N(*)C%12=O)cc%10)CCCCCCCCCCC9)cc8)cc7C6=O)cc5)cc4)CCC(C(C)(C)C)CC3)cc2)cc1,PI1047,3,84,2.0610410865515307,0.03589433144699861,3,0.0999655508945142
*CC(*)c1ccc(C(=O)N(CC)CC)cc1,PI156,1,15,-0.6998572443395558,0.0,1,0.035186389497415
*/C=C/CCCCCCCCCC*,PI55,1,12,0.3143429717937092,0.0,1,0.0589826440551354
*CC(*)C(=O)N1CCCCC1,PI461,1,10,-0.2535927834124656,0.0,1,0.0456571254954534
*C(=O)c1ccc2c(c1)C(=O)N(c1c(C)cc(Cc3cc(C)c(N4C(=O)c5ccc(*)cc5C4=O)c(C)c3)cc1C)C2=O,PI1069,5,41,0.33368988534380795,0.010285019214747506,5,0.0594365821163001
*C1Cc2ccccc2C1*,PI386,1,9,-0.6055154408338658,0.0,1,0.0373999381990856
*CC(*)c1ccc(CCCC)cc1,PI121,2,12,-0.2820303029480693,0.0022709651464618862,2,0.044989893874818
*CC(*)c1ccc(S(=O)(=O)OCCC)cc1,PI185,2,15,-0.32427262985895844,0.0104171383700001,2,0.043998759039415955
*CC(*)(C)C(=O)Oc1ccccc1,PI449,1,12,-1.0243515675178556,0.0,1,0.0275727552326483
*CC(*)c1ccc(I)cc1,PI176,1,9,-0.7914659655824279,0.0,1,0.0330369673066824
*c1ccc(-c2nc3cc4nc(*)oc4cc3o2)cc1,PI547,1,18,1.577036070395341,0.0,1,0.0886093054624457
*CC(*)c1ccc(CCCCCCCCCCCCCC)cc1,PI129,1,22,4.345582070004873,0.0,1,0.1535679046753749
*CC(*)c1cc(C(C)C)ccc1C(C)C,PI194,1,14,0.04036540089590875,0.0,1,0.0525542880791855
*C(OC(F)(F)F)C(*)(F)F,PI313,1,9,-0.4327867398814834,0.0,1,0.0414526844634851
*CCCCCCCC(*)C,PI19,1,9,0.7977323506374789,0.0,1,0.0703244447434851
*CC(*)c1ccc(C(C)C)cc1,PI120,1,11,-0.36883092168480014,0.0,1,0.042953284548208
*CC(*)CC(C)CC,PI38,1,7,-0.3681303106350994,0.0,1,0.0429697230369989
*CC(*)c1ccc(C(=O)C(F)(F)F)cc1,PI223,1,14,0.29140590555876833,0.0,1,0.0584444699764363
*CC(*)c1ccc(CCCCCC)cc1,PI124,2,14,-0.8062701921574011,0.0022052339286445337,2,0.0326896146454383
*c1ccc(Oc2c(C)cc(Cc3cc(C)c(Oc4ccc(N5C(=O)c6ccc(-c7ccc8c(c7)C(=O)N(*)C8=O)cc6C5=O)cc4)c(C)c3)cc2C)cc1,PI998,3,53,1.7386844993328228,0.04616186285490648,3,0.0924020744864137
*c1ccc(Cc2ccc(N3C(=O)C4CCC5C(=O)N(*)C(=O)C5C4C3=O)c(C)c2)cc1C,PI1066,5,31,0.8293744748542304,0.025885875170073038,5,0.0710668662403761
*c1ccc(-c2ccc(N3C(=O)c4ccc(-c5cccc6c5C(=O)N(*)C6=O)cc4C3=O)c(C)c2)cc1C,PI1104,2,36,0.12970077231326665,0.001856820857935619,2,0.054650370495102296
*c1cccc(P(=O)(c2ccccc2)c2cccc(-n3c(=O)c4c(-c5ccc(C(F)(F)F)cc5)c5c(=O)n(*)c(=O)c5c(-c5ccc(C(F)(F)F)cc5)c4c3=O)c2)c1,PI1056,5,56,0.8721782229146783,0.008606063691891257,5,0.0720711737416645
*c1ccc(Oc2ccc(Oc3ccc(N4C(=O)c5ccc(-c6ccc7c(c6)C(=O)N(*)C7=O)cc5C4=O)cc3)cc2)cc1,PI1033,2,42,0.44502834219891313,0.003155810525916728,2,0.0620489245505081
*c1ccc2c(c1)C(=O)N(c1c(C(C)C)cc(Cc3cc(C(C)C)c(N4C(=O)c5ccc(C(*)(C(F)(F)F)C(F)(F)F)cc5C4=O)c(C(C)C)c3)cc1C(C)C)C2=O,PI973,5,56,0.6196622339980878,0.010173697673492974,5,0.0661463724484215
*CCC=C(*)C(C)C,PI69,1,7,-1.0835941914282483,0.0,1,0.0261827411734778
*CCC=C(*)CCC,PI77,1,7,-1.155839198213199,0.0,1,0.0244876512448507
*OC(C)COC(*)=O,PI1116,2,7,-0.9078917119045672,0.003817424986205186,2,0.03030526142407375
*c1ccc(Oc2c(C)cc(-c3cc(C)c(Oc4ccc(N5C(=O)c6ccc(Oc7ccccc7Oc7ccc8c(c7)C(=O)N(*)C8=O)cc6C5=O)cc4C(F)(F)F)c(C)c3)cc2C)c(C(F)(F)F)c1,PI1075,5,68,1.7046963843426286,0.022767193696292282,5,0.091604608834782
*CC(*)c1ccc(C(=O)O)c(C(=O)O)c1,PI239,2,14,-0.5392155239194365,0.019626638519422993,2,0.0389555380451067
*CC(C)O*,PI525,1,4,-1.1333049128434645,0.0,1,0.0250163748463689
*c1ccc(C(c2ccc(N3C(=O)c4cc5c(cc4C3=O)C(C(F)(F)F)(C(F)(F)F)c3cc4c(cc3O5)C(=O)N(*)C4=O)cc2)(C(F)(F)F)C(F)(F)F)cc1,PI995,5,53,0.34440930165446715,0.00744402599433049,5,0.0596880925726981
*CC(*)C(=O)OC(C)C,PI414,1,8,-0.8820017364657291,0.0,1,0.030912719829461
*C(=O)Nc1ccc(NC(=O)c2ccc(N3C(=O)c4ccc(*)cc4C3=O)cc2)cc1,PI960,5,29,2.5028965890517267,0.06903746430533003,5,0.1103328391754334
*C(C)C(*)OC,PI288,1,5,-0.9772278794020153,0.0,1,0.0286784218064324
*CC(*)c1ccc(COCCCC)cc1,PI150,2,14,-0.1662551250813294,0.047396280086154825,2,0.0477063354217209
*CC(*)C(=O)c1ccccc1O,PI302,1,11,-1.164511343194129,0.0,1,0.0242841760668287
*CC(*)c1ccc(C(=O)OCC(C)C)cc1,PI165,1,15,-1.2485917904201158,0.0,1,0.0223113903252275
*CCCCOC(=O)NCC(F)(F)C(F)(F)C(F)(F)C(F)(F)CNC(=O)O*,PI658,1,26,1.1984155872198172,0.0,1,0.079725705109093
*CC(*)c1cc(C)ccc1F,PI197,2,10,-1.0050514311635235,0.0071791720865941495,2,0.0280255957570148
*c1ccc(Oc2cccc(Oc3ccc(N4C(=O)c5ccc(-c6cccc7c6C(=O)N(*)C7=O)cc5C4=O)cc3)c2)cc1,PI1109,2,42,0.397138501147161,0.028658626283697256,2,0.06092528167381745
*c1ccc(Oc2ccc(C(C)(C)c3ccc(Oc4ccc(N5C(=O)c6ccc(C(c7ccc8c(c7)C(=O)N(*)C8=O)(C(F)(F)F)C(F)(F)F)cc6C5=O)cc4)cc3)cc2)cc1,PI982,1,60,3.340378156417438,0.0,1,0.1299827310285569
*CC(*)c1ccccc1COC(C)C,PI88,1,13,-1.3533092274066758,0.0,1,0.0198543973690785
*C=CCCCCCCCC*,PI53,2,10,1.2818715668876026,0.00487356845645919,2,0.08168383892226665
*CC(*)c1ccncc1,PI226,1,8,-0.9685880609720707,0.0,1,0.0288811385042017
*CC(*)OC(=O)C(F)(F)C(F)(F)C(F)(F)C(F)(F)C(F)(F)F,PI350,1,21,0.577270003722506,0.0,1,0.0651517204193051
*CC(*)N1CCCC1=O,PI408,1,8,-0.9013561135163906,0.0,1,0.0304586066516315
*CC(*)OC(=O)C(C)(C)C(C)(C)CC,PI365,2,13,-0.2366435517160474,0.010094858607250198,2,0.046054806570245
*c1ccc(-c2ccc(Oc3ccc(C4(C)CC(C)(C)c5ccc(Oc6ccc(-c7ccc(N8C(=O)c9ccc(Oc%10ccc%11c(c%10)C(=O)N(*)C%11=O)cc9C8=O)cc7)cc6C(F)(F)F)cc54)cc3)c(C(F)(F)F)c2)cc1,PI1101,2,75,1.4236206866555206,0.0024493144242937036,2,0.0850097089858626
*CC(*)c1ccc(Cl)c(F)c1,PI209,2,10,-0.7446715161698141,0.008246343342295303,2,0.03413490892846235
*C(F)(F)C(*)(F)OC(F)(F)C(F)(F)F,PI311,1,13,-0.6522983045276426,0.0,1,0.0363022684138822
*CC(*)C(=O)OC1CC2CCC1(C)C2(C)C,PI428,1,15,0.14478545345124033,0.0,1,0.0550043034824663
*CC(*)c1c(C)cc(C)cc1C,PI210,1,11,-0.8513334356956193,0.0,1,0.0316322924349182
*c1ccc(Oc2ccc(Oc3ccc(N4C(=O)c5ccc(-c6ccc7c(c6)C(=O)N(*)C7=O)cc5C4=O)cc3)c(-c3ccccc3)c2)cc1,PI1036,1,48,1.0247663851713862,0.0,1,0.0756513610595089
*CC(CCl)O*,PI526,1,5,-1.4374584443279734,0.0,1,0.0178799980790384
*CC(*)C(=O)C(C)(C)C,PI299,1,8,-0.44119830744940297,0.0,1,0.0412553232325451
*CC(*)(C)c1ccccc1,PI213,1,9,-0.6882335407041564,0.0,1,0.0354591173140842
*CC(*)c1nc(C)nc(C)n1,PI383,1,10,-0.24365333738532519,0.0,1,0.0458903354514977
*CC(*)c1ccccc1COC,PI85,2,11,-0.23326940471259944,0.00543025291850624,2,0.0461339744305274
*C(F)(F)C(*)(F)OC(F)(F)F,PI315,2,10,-0.8715443121193549,0.013537813286574824,2,0.031158083149056
*CC(*)c1ccc(COCCCCCC)cc1,PI153,1,16,-0.5731258267786793,0.0,1,0.038159898105249
*CC(*)c1cccs1,PI373,1,7,-0.598920504084699,0.0,1,0.0375546756869887
*CC(*)c1ccc(C(=O)CCCCC)cc1,PI170,1,15,0.8140857043167627,0.0,1,0.0707081446883622
*c1cccc(N2C(=O)c3ccc(-c4cccc5c4C(=O)N(*)C5=O)cc3C2=O)c1,PI1103,1,28,-0.010865884099937731,0.0,1,0.0513522446565088
*Oc1c(C)cc(C(C)(C)c2cc(C)c(ON3C(=O)c4ccc(Oc5ccc(C6(c7ccc(Oc8ccc9c(c8)C(=O)N(*)C9=O)cc7)CCC(C(C)(C)C)CC6)cc5)cc4C3=O)c(C)c2)cc1C,PI1012,4,67,1.7521949930898966,0.012487812563368797,4,0.0927190721990247
*CC(*)OC(=O)c1cccc(C)c1,PI361,1,12,-0.35757123180327866,0.0,1,0.0432174714832919
*/C=C/C(C*)OC,PI279,3,6,-1.1058044719824132,0.010138221954400875,3,0.0256616197208712
*CC(*)c1cc(C)ccc1C,PI192,1,10,-0.3116052773777541,0.0,1,0.0442959740660153
*CCC=C(*)C,PI522,1,5,-1.2564112532764582,0.0,1,0.0221279216908551
*CC(*)c1ccc(C(=O)CCN2CCCCC2)cc1,PI158,1,18,-0.6057683842079081,0.0,1,0.0373940033700236
*CC(*)C(=O)OCCCCCCCCCCCCCCCC,PI424,2,21,2.087379178313222,0.014624168475100655,2,0.1005835234862726
*c1ccc(Oc2ccc(Oc3ccc(N4C(=O)c5ccc(Oc6ccccc6Oc6ccc7c(c6)C(=O)N(*)C7=O)cc5C4=O)cc3C(F)(F)F)cc2)c(C(F)(F)F)c1,PI1072,5,58,0.20119298259281082,0.021372926914579562,5,0.056327797503738
*CC(*)c1ccccc1C,PI83,1,9,-0.26007361686948166,0.0,1,0.0455050652215192
*CC(*)CCC1CCCCC1,PI42,1,10,0.1478261704983539,0.0,1,0.0550756480510634
*C(F)(F)C(*)(F)c1c(F)c(F)c(F)c(F)c1F,PI216,2,16,-0.48869155647467466,0.018806044568009918,2,0.040140985623855346
*CCCCCCOC(=O)CCCCCNC(=O)CCCCC(=O)NCCCCCC(=O)O*,PI598,1,32,-0.46252896357223183,0.0,1,0.0407548404729207
*CC(*)c1ccccc1C(=O)N(C)C,PI95,1,13,-0.5228876152647567,0.0,1,0.0393386409714927
*CC(*)c1c(F)c(F)c(F)c(F)c1F,PI212,1,13,-0.5451734122795067,0.0,1,0.0388157476705954
*c1cccc(P(=O)(c2cccc(-n3c(=O)c4c(-c5ccc(C(F)(F)F)cc5)c5c(=O)n(*)c(=O)c5c(-c5ccc(C(F)(F)F)cc5)c4c3=O)c2)c2cc(C(F)(F)F)cc(C(F)(F)F)c2)c1,PI1054,5,64,1.4754996499361381,0.020529898542891348,5,0.0862269489319582
*c1ccc(Oc2ccc(Oc3ccc(N4C(=O)C5CCC6C(=O)N(*)C(=O)C6C5C4=O)cc3)cc2)cc1,PI1067,3,36,0.006707715096979577,0.030719229969339568,3,0.0517645753120667
*CC(*)c1ccc(COCCCCCCOc2ccc(-c3ccc(OC)cc3)cc2)cc1,PI234,1,31,1.487567404523812,0.0,1,0.0865100955489085
*c1ccc(Oc2ccc(S(=O)(=O)c3ccc(Oc4ccc(N5C(=O)c6ccc(C(c7ccc8c(c7)C(=O)N(*)C8=O)(C(F)(F)F)C(F)(F)F)cc6C5=O)cc4)cc3)cc2)cc1,PI983,1,60,0.6729727591188676,0.0,1,0.0673972012356766
*CC(*)(C)C(=O)OC(C)(C)C,PI444,1,10,0.46278781321365753,0.0,1,0.0624656163302521
*c1ccc(Oc2ccc(-c3ccc(Oc4ccc(N5C(=O)c6ccc(Oc7cccc(Oc8ccc9c(c8)C(=O)N(*)C9=O)c7)cc6C5=O)cc4)cc3)cc2)cc1,PI1038,3,56,0.829082173063564,0.019810735483663237,3,0.0710600079418787
*CCCC(*)(C)C,PI17,1,6,-1.0070180771540342,0.0,1,0.0279794521969261
*CC(*)OC(=O)C(C)(C)C(C)C(C)C,PI366,3,13,0.06561857596685082,0.010301316546426628,3,0.0531468051905207
*c1ccc(Oc2c(C)cc(C(c3cc(C)c(Oc4ccc(N5C(=O)c6ccc(-c7ccc8c(c7)C(=O)N(*)C8=O)cc6C5=O)cc4)c(C)c3)c3cccc4ccccc34)cc2C)cc1,PI1005,5,63,2.7871246721277467,0.033904925301544646,5,0.1170017036754989
*c1ccc(Oc2ccc(Oc3ccc(-n4c(=O)c5cc6c(=O)n(*)c(=O)c6cc5c4=O)cc3)cc2-c2ccccc2)cc1,PI1031,2,42,-0.0013032804920373676,0.013292919732376727,2,0.05157661273104515
*C(O)C(*)O,PI305,2,4,-0.9434284819115023,0.01318505599144878,2,0.029471459565434552
*CC(*)c1ccc(Br)cc1,PI136,1,9,-0.2495796153126525,0.0,1,0.0457512867549039
*CC(*)CNc1ccc([N+](=O)[O-])cc1[N+](=O)[O-],PI396,1,16,-1.0198275394944483,0.0,1,0.027678902836207
*CC(*)C(C)C,PI5,3,5,-1.2534828556879243,0.0054221053725227175,3,0.0221966308997021
*CC(*)CC(C)(C)C,PI39,1,7,-0.9978436483286244,0.0,1,0.0281947124978788
*CC(*)c1ccc(C(O)CCN(C)C)cc1,PI144,2,15,0.23156907263100981,0.016267847668476637,2,0.0570405139472161
*CC(*)CCCCCCCCC,PI64,3,11,1.5450834053908178,0.03077078050051758,3,0.0878595977241215
*CC(*)C1CCCCC1,PI24,1,8,-0.05333248156670845,0.0,1,0.0503558477444944
*c1ccc(Oc2ccc(N3C(=O)c4cccc(Oc5cccc6c5C(=O)N(*)C6=O)c4C3=O)cc2)cc1,PI1060,5,36,-0.24422796575009312,0.016251497053512528,5,0.0458768529037457
*CC(*)OC(=O)c1ccncc1,PI354,2,11,-0.8037043837928671,0.01242496886760184,2,0.0327498163965497
*CC(*)OC(=O)CC(C)(C)c1ccccc1,PI363,1,15,0.8074102118855718,0.0,1,0.0705515171165437
*CCC=C(*)CCCCCCC,PI68,2,11,1.1342246876915778,0.0009939569941142025,2,0.07821958929372985
*CC(*)C(N)=O,PI455,1,5,-1.1832501325847344,0.0,1,0.0238445064677209
*c1cccc(P(=O)(c2ccc(C(F)(F)F)cc2)c2cccc(-n3c(=O)c4cc5c(=O)n(*)c(=O)c5cc4c3=O)c2)c1,PI1010,5,40,0.22461049225507929,0.011015415382534666,5,0.0568772442620475
*CC(*)OCCCCCCCCCCCCCCCCCC,PI402,1,21,-0.20510303005251823,0.0,1,0.0467948441589276
*Oc1ccc(C2(c3ccc(OC(*)=O)cc3)CCCC2)cc1,PI800,1,21,0.39274310053662276,0.0,1,0.0608221520647445
*/C=C/CCC*,PI58,1,5,-0.5731416533415057,0.0,1,0.0381595267654368
*CC(*)N1CCNC1,PI400,3,7,-0.9352322248842485,0.005157484857442808,3,0.0296637689492608
*CC(*)c1ccccc1C(=O)OCC,PI99,2,13,-0.19062870120975078,0.005904996858985132,2,0.04713445640532195
*Oc1ccc(OC(=O)c2ccc(-c3ccc(C(*)=O)cc3)cc2)cc1C,PI582,2,25,2.4230571014548614,0.036628175426942425,2,0.10845955938275456
*CC(*)CCCCCCCCCCCC,PI32,2,14,1.4105313180617602,0.008906309618796819,2,0.0847025921640535
*CC(*)c1ccccc1C(=O)OCCC(C)C,PI105,2,16,-0.4996823378205842,0.012196440103498997,2,0.0398831081095982
*c1ccc2c(c1)C(=O)N(c1ccc(Oc3ccc4ccc(Oc5ccc(N6C(=O)c7ccc(C(*)(C(F)(F)F)C(F)(F)F)cc7C6=O)cc5)cc4c3)cc1)C2=O,PI1049,5,55,0.6139997169959195,0.01896662646056373,5,0.0660135123938903
*CC(OC)C1C(=O)OC(=O)C1*,PI387,2,11,-1.1074374842820072,0.01697701621117466,2,0.02562330423270735
*C(F)(F)C(*)(F)F,PI513,1,6,-0.706835465640204,0.0,1,0.0350226589757795
*CC(*)c1ccccc1C(=O)OCCCCC,PI104,1,16,0.13076920380773807,0.0,1,0.054675439182148
*CC(*)OC(=O)CC1CCCCC1,PI341,2,12,-0.753990632822193,0.006951857834055684,2,0.033916253806342
*CC(*)c1ccc(COC(C)CC)cc1,PI152,1,14,-0.47672260509106656,0.0,1,0.0404218140139332
*C=CC(C)C(*)C(=O)OC,PI268,2,9,-0.37514531412794494,0.0026592021270277996,2,0.04280512949207195
*CC(*)P(=O)(Oc1ccccc1)N(C)C,PI382,1,14,0.32909548373095543,0.0,1,0.059328783332016
*CC(*)(C)C(=O)OCc1ccccc1Cl,PI452,1,14,0.3197108354725658,0.0,1,0.0591085906369851
*c1ccc(Oc2ccc(-c3ccc(Oc4ccc(N5C(=O)c6ccc(Oc7ccc(C8(c9ccc(Oc%10ccc%11c(c%10)C(=O)N(*)C%11=O)cc9)CCCCCCCCCCC8)cc7)cc6C5=O)cc4)cc3C)c(C)c2)cc1,PI1042,1,76,3.102313025079877,0.0,1,0.1243969912737141
*CC(*)c1ccccc1C(=O)OCCCC,PI102,1,15,0.26762705925484287,0.0,1,0.0578865451498232
*CC(*)C(=O)Oc1cccc(C(=O)OC)c1,PI467,3,15,0.9079352414252441,0.018221428894066517,3,0.0729101433072071
*CC(*)c1ccccc1C(=O)OC(C)C,PI101,2,14,-0.1907363416595305,0.0029750880863193244,2,0.047131930829500804
*c1ccc(Oc2ccc(C3(c4ccc(Oc5ccc(N6C(=O)c7ccc(Oc8ccccc8Oc8ccc9c(c8)C(=O)N(*)C9=O)cc7C6=O)cc5C(F)(F)F)cc4)c4ccccc4-c4ccccc43)cc2)c(C(F)(F)F)c1,PI1078,5,77,1.0631950392623333,0.023359821290426346,5,0.0765530154079424
*CC(*)c1ccc(C#N)cc1,PI134,2,10,-1.1625138519166731,0.007835590920058564,2,0.02433104335216255
*C(C)C(*)C,PI49,1,4,-1.0047330037776803,0.0,1,0.0280330670422809
*CC(*)c1ccc(C(C)=O)cc1,PI218,1,11,-0.46773101104715664,0.0,1,0.0406327844489074
*CC(*)c1cc(Br)ccc1OCC,PI199,1,12,-0.9409098865946232,0.0,1,0.0295305535533227
*CC(*)c1ccc(CCCCCCCCC)cc1,PI126,1,17,0.20626789013356106,0.0,1,0.056446870434088
*c1ccc(C(C)(C)c2ccc(N3C(=O)c4ccc(Oc5ccc6c(c5)C(=O)N(*)C6=O)cc4C3=O)cc2)cc1,PI985,4,38,0.34924523158133786,0.016263287566382716,4,0.059801558353648
*c1ccc(Sc2ccc3c(c2)Sc2ccc(Sc4ccc(-n5c(=O)c6cc7c(=O)n(*)c(=O)c7cc6c5=O)cc4)cc2S3)cc1,PI1086,2,44,-0.3525046405378488,0.015269185161510665,2,0.043336349288259995
*CC(*)(C)C(=O)OC(C)C,PI440,1,9,-1.1687026351100092,0.0,1,0.0241858354751295
*c1cccc(Oc2ccc(N3C(=O)c4ccc(C(=O)c5ccc6c(c5)C(=O)N(*)C6=O)cc4C3=O)cc2)c1,PI992,5,37,0.4014058113879103,0.032773609770222804,5,0.0610254058890861
*CC(*)C(=O)Oc1cccc(C(=O)OCC)c1,PI468,1,16,-0.3561135447530121,0.0,1,0.0432516733021851
*CCCCCCN1C(=O)c2ccc(C(c3ccc4c(c3)C(=O)N(*)C4=O)(C(F)(F)F)C(F)(F)F)cc2C1=O,PI970,4,37,0.4659993072404628,0.019861356242195174,4,0.06254096785173355
*c1ccc(S(=O)(=O)c2ccc(N3C(=O)c4ccc(-c5ccc6c(c5)C(=O)N(*)C6=O)cc4C3=O)cc2)cc1,PI968,4,37,0.6555286285406179,0.017391662028265028,4,0.0669879083118782
*CC(*)(C)C,PI13,1,4,0.05563000456783648,0.0,1,0.0529124426022488
*CC(*)c1ccc(COCCO)cc1,PI148,1,13,-0.7198157174654082,0.0,1,0.034718102368768
*CC(*)C(=O)OC(F)(C(F)(F)F)C(F)(F)Cl,PI433,1,15,0.13523626370091996,0.0,1,0.0547802501382608
*c1ccc(Oc2ccc(C(c3ccc(Oc4ccc(N5C(=O)c6ccc(Oc7ccc8c(c7)C(=O)N(*)C8=O)cc6C5=O)cc4)cc3)(C(F)(F)F)C(F)(F)F)cc2)cc1,PI961,4,58,0.7722673220391276,0.0403216584841412,4,0.06972695689719345
*c1ccc(N2C(=O)c3ccc(Oc4ccc(C(C)(C)c5cccc(Oc6ccc7c(c6)C(=O)N(*)C7=O)c5)cc4)cc3C2=O)cc1,PI1079,4,45,1.0780145142028308,0.018349794952372715,4,0.07690072584271271
*C(F)(F)C(*)(F)c1ccccc1,PI215,1,11,-1.132256831385804,0.0,1,0.0250409660589983
*C(CC)C(*)CC,PI62,1,6,-0.93423563611219,0.0,1,0.0296871519852058
*Oc1ccc(OC(=O)Oc2ccc(-c3ccc(OC(*)=O)cc3)cc2)cc1,PI815,1,26,0.5473443542647711,0.0,1,0.0644495726964261
*CC(*)OC(=O)c1cccc(Br)c1,PI334,1,12,0.7257817112198716,0.0,1,0.0686362615781335
*Oc1ccc(S(=O)(=O)c2ccc(Oc3ccc(-c4ccc(*)cc4)cc3)cc2)cc1,PI545,1,29,-0.27729947254063136,0.0,1,0.0451008936979831
*CC(*)c1cc(Br)ccc1OCCC,PI201,2,13,0.6802826008333291,0.027041460668871992,2,0.0675687125915676
*CC(*)C(C)c1ccccc1,PI28,2,10,-0.30456741638200624,0.02039804197111058,2,0.0444611039182206
*CC(*)CC1CCCCC1,PI25,1,9,0.39107903087549634,0.0,1,0.0607831078754138
*CC(*)CCCCCCCCCC,PI31,1,12,-0.7994892038484459,0.0,1,0.0328487174748264
*CC(*)C(=O)C1CCCCC1,PI300,1,10,-0.03408967778384058,0.0,1,0.0508073430705033
*CC(*)CCN(C(C)C)C(C)C,PI264,2,11,-0.4141212409440864,0.0246064271032431,2,0.04189063444327765
*CC(*)c1cc(C)c(C)cc1C,PI211,1,11,-0.20761272399927463,0.0,1,0.0467359590245439
*CC(*)c1ccc(Cl)c(Cl)c1,PI208,1,10,-0.7449115029120886,0.0,1,0.0341292781018082
*CC(*)OC(C)=O,PI259,2,6,-0.9596929036035732,0.0027514337045293105,2,0.02908984623834
*CC(*)c1ccc(C(=O)CC)cc1,PI167,1,12,-0.9632515714241562,0.0,1,0.0290063489525005
*CC1CC(*)C(OC(=O)CCCCCCCCCCOc2ccc(-c3ccc(C#N)cc3)cc2)C1,PI398,1,34,0.9795891182635597,0.0,1,0.0745913635102484
*CC(*)c1ccccc1C(=O)OCCCCCC,PI106,1,17,0.1561075213475695,0.0,1,0.0552699539975175
*CC(*)c1ccc(C(C)C)cc1C(C)C,PI188,2,14,-0.37919622726164676,0.010082686375998136,2,0.0427100826181043
*c1ccc(Oc2ccc(Oc3ccc(N4C(=O)c5ccc(Oc6ccc(C7(c8ccc(Oc9ccc%10c(c9)C(=O)N(*)C%10=O)cc8)CCC(c8ccccc8)CC7)cc6)cc5C4=O)cc3)c(C(C)(C)C)c2)cc1,PI1025,2,72,1.1937791330465222,0.0007081043943519385,2,0.07961691964247816
*c1ccc(N2C(=O)c3ccc(-c4ccc5c(c4)C(=O)N(*)C5=O)cc3C2=O)nc1,PI715,1,28,-0.6822760205156506,0.0,1,0.0355988990501589
*CC(*)c1ccc(C(=O)OCCN(C)C)cc1,PI109,1,16,-0.2585836376049715,0.0,1,0.0455400247150196
*CC(*)c1ccccc1C(=O)NC,PI94,2,12,-0.6713500574337523,0.0031411313534033696,2,0.0358552557287015
*CC(*)CCC,PI4,2,5,-1.1698033108176502,0.013074378075301412,2,0.02416001023972935
*CC(*)C(=O)OCC=C,PI427,2,8,-0.43478733354150895,0.0060637540289399,2,0.04140574438671995
*CC(*)C(=O)OCCCCCCCC,PI421,1,13,-0.6774374873829797,0.0,1,0.0357124259103187
*C1CCC(CC2CCC(N3C(=O)C4C5C=CC(C6C(=O)N(*)C(=O)C56)C4C3=O)C(C)C2)CC1C,PI1082,4,33,0.14301535538510732,0.010443688229231416,4,0.05496277154084
*c1ccc(Oc2ccc(NC(=O)CN3C(=O)c4ccc(C(c5ccc6c(c5)C(=O)N(CC(=O)Nc5ccc(Oc7ccc(-c8nnc(*)o8)cc7)cc5)C6=O)(C(F)(F)F)C(F)(F)F)cc4C3=O)cc2)cc1,PI1021,2,70,0.8304931808157026,0.016900001966640092,2,0.07109311452095321
*CC(*)c1ccccc1C(=O)OCCC,PI100,2,14,-0.4975163575624627,0.005429367125344065,2,0.0399339286643263
*c1c(C)cc(C(c2cc(C)c(N3C(=O)c4ccc(-c5ccc6c(c5)C(=O)N(*)C6=O)cc4C3=O)c(C)c2)c2cccc3ccccc23)cc1C,PI1001,5,49,0.5864924643565731,0.013048582241574928,5,0.0653681076941309
*CCCCO*,PI527,1,5,0.30096085099624353,0.0,1,0.0586686583667545
*CC(*)c1cccc(Cl)c1,PI116,2,9,-1.534781075334226,0.0020669873791338425,2,0.01559651000162355
*CC(CC(*)(C#N)C(=O)OC)c1ccccc1,PI238,2,16,-0.9621967795463144,0.006628021915314737,2,0.029031097612214098
*c1ccc(-c2ccc(N3C(=O)c4cc5c(cc4C3=O)C(C(F)(F)F)(C(F)(F)F)c3cc4c(cc3O5)C(=O)N(*)C4=O)cc2OC(F)(F)F)c(OC(F)(F)F)c1,PI1112,3,54,1.3721701471909373,0.008587433184973505,3,0.0838025211793966
*CC(*)OC(C)(C)C,PI272,1,7,-1.148179783737287,0.0,1,0.0246673646522554
*CC(*)OCC(CC)CCCC,PI306,1,11,1.0299537312132858,0.0,1,0.0757730721427136
*C(=O)Oc1ccc(OC(=O)c2ccc3c(c2)C(=O)N(c2ccc(-c4ccc(N5C(=O)c6ccc(*)cc6C5=O)cc4C(F)(F)F)c(C(F)(F)F)c2)C3=O)cc1,PI1089,2,54,1.9695268649963829,0.002545610125907527,2,0.09781834595693235
*c1ccc2c(c1)C(=O)N(c1c(C)cc(Cc3cc(C)c(N4C(=O)c5ccc(C(*)(C(F)(F)F)C(F)(F)F)cc5C4=O)c(C)c3)cc1C)C2=O,PI971,5,48,0.8648899083902258,0.016132520674130527,5,0.0719001674798222
*CC(*)C1CCC(C)CC1,PI66,1,9,-0.5380127769604379,0.0,1,0.0389837581858142
*CC(*)OC(=O)c1cccnc1,PI368,1,11,-1.1858721606363865,0.0,1,0.0237829856299395
*CC(*)OC(=O)C1CCCCC1,PI340,1,11,-0.29295626232265715,0.0,1,0.0447335372832603
*CC(*)c1cccc(CC)c1,PI114,1,10,-0.4846055399367773,0.0,1,0.0402368561315876
*CC(*)c1ccc(COCCOCCCC)cc1,PI154,1,17,-0.7181488823819655,0.0,1,0.0347572114434067
*CC(*)c1cc(Br)ccc1OCCCC,PI198,2,14,0.7724034369050055,0.028920506457873797,2,0.069730150570342
*CC(*)OCCOC,PI375,2,7,-0.6063413251586068,0.012802458010261867,2,0.0373805604141925
*CC(*)OC(=O)C(F)(F)F,PI278,2,9,-0.7268207013735194,0.018114566132434774,2,0.034553743914097504
*CCCCCCCCCCN1C(=O)C2C3C=CC(C4C(=O)N(*)C(=O)C34)C2C1=O,PI1080,3,28,0.024980229353512604,0.0069675941046829755,3,0.0521933046632749
*CCC1CC(OC(=O)CCCCCCCCCCOc2ccc(-c3ccc(C#N)cc3)cc2)CC1*,PI399,1,35,0.6126421381414929,0.0,1,0.0659816594209879
*CC(*)C(=O)c1ccc(C(C)C)cc1,PI326,2,13,-0.46304545179397305,0.00023663711496772207,2,0.0407427220716375
*Cc1cccc(COC(=O)Nc2ccc(Cc3ccc(NC(=O)O*)cc3)cc2)c1,PI660,4,29,-0.28057124295817965,0.02084802113896268,4,0.04502412790709495
*CC(*)(C)C(=O)OC(C)CC,PI442,1,10,-0.5452604585535112,0.0,1,0.0388137052974411
*C(C)C(*)O,PI297,2,4,-1.0194764589752268,0.021182717713142278,2,0.0276871402643526
*CC(*)OC(=O)c1ccc(Br)cc1,PI335,1,12,0.37039366138811364,0.0,1,0.0602977655237636
*c1ccc(Oc2ccccc2Oc2ccc(N3C(=O)c4ccc(-c5ccc6c(c5)C(=O)N(*)C6=O)cc4C3=O)cc2)cc1,PI1034,1,42,0.3153268765223575,0.0,1,0.0590057294844333
*CC(*)c1ccc(Cl)c(C)c1,PI207,2,10,-0.6768397375283403,0.002300392257590958,2,0.0357264509592948
*C(C)C(*)OCC,PI286,1,6,-0.48201576436610977,0.0,1,0.0402976202270262
*C(F)C(*)(F)OC(F)(F)F,PI314,1,9,-1.277593752319738,0.0,1,0.0216309151517278
*CC1(*)CCC(C)CC1,PI44,2,8,-0.5727121087765243,0.013356519481143931,2,0.0381696052012817
*CC(*)OC1CCCCC1,PI308,2,9,-0.6241217177773467,0.012304743952930682,2,0.03696337774930915
*c1ccc(Oc2ccc(N3C(=O)c4ccc(Oc5ccc(C6(c7ccc(Oc8ccc9c(c8)C(=O)N(*)C9=O)cc7)CCC(c7ccccc7)CC6)cc5)cc4C3=O)cc2)cc1,PI1028,2,61,1.617383583363322,0.045422546877067545,2,0.0895559821383959
*c1cccc(P(=O)(c2cccc(-n3c(=O)c4c(-c5ccccc5)c5c(=O)n(*)c(=O)c5c(-c5ccccc5)c4c3=O)c2)c2cc(C(F)(F)F)cc(C(F)(F)F)c2)c1,PI1057,5,56,1.3096475459011128,0.033057822304209304,5,0.0823355487687853
*Oc1cccc2c(OC(=O)Oc3ccc(OC(*)=O)cc3)cccc12,PI817,1,24,1.9276439945638222,0.0,1,0.0968356450754229
*CC(*)OC(=O)CCl,PI372,1,7,-0.7841476485346549,0.0,1,0.0332086775199447
*CC*,PI1,1,2,-0.7472626895528685,0.0,1,0.0340741120360485
*CC(*)C1CC=CCC1,PI67,3,8,-0.5321285299827169,0.007820448809151287,3,0.0391218207071339
*c1cc(C(c2ccc(O)c(N3C(=O)c4ccc(-c5ccc6c(c5)C(=O)N(*)C6=O)cc4C3=O)c2)(C(F)(F)F)C(F)(F)F)ccc1O,PI1097,2,45,1.6685567955222391,0.036672242757532725,2,0.09075666299381174
*CC(*)C(=O)NC(C)C,PI456,1,8,-1.1715443320064372,0.0,1,0.0241191605310232
*CC(*)c1cc(C)cc(C)c1,PI205,1,10,-0.0621740742758106,0.0,1,0.0501483968019146
*CC(*)c1ccc(OCCCC)cc1,PI181,2,13,-0.7896842137169234,0.0001479066132176702,2,0.03307877268226385
*CC(*)c1ccccc1C(=O)OCCN(C)C,PI108,2,16,-0.8038080661508497,0.005556779510831116,2,0.03274738368972865
*CC(*)C(=O)c1ccc(C)c(C)c1,PI328,1,12,-1.177889075467026,0.0,1,0.0239702933467238
*CC(*)C(=O)Oc1ccc(C(=O)OCC)cc1,PI470,1,16,-0.40428591431324107,0.0,1,0.0421214014382387
*/C=C\CC*,PI47,1,4,-1.2998915184792574,0.0,1,0.021107741017903
*c1cccc(Oc2cccc(Oc3cccc(N4C(=O)c5ccc(-c6cccc7c6C(=O)N(*)C7=O)cc5C4=O)c3)c2)c1,PI1110,1,42,-0.6357326136070582,0.0,1,0.0366909504431305
*C(=O)c1ccc2c(c1)C(=O)N(c1ccc(C3(c4ccc(N5C(=O)c6ccc(*)cc6C5=O)cc4)c4ccccc4-c4ccccc43)cc1)C2=O,PI969,4,49,0.5288089178161898,0.025273478394494554,4,0.06401467438241219
*CC(*)OC(=O)c1ccc(OC)cc1,PI359,2,13,0.10692422178737757,0.0005441620171388789,2,0.05411596260833685
*CC(*)C(=O)Oc1ccc(-c2ccccc2)cc1,PI472,1,17,-0.41831213417908114,0.0,1,0.0417923032058575
*CC(*)CNc1ccc([N+](=O)[O-])cc1C,PI394,1,14,-0.7623353072088637,0.0,1,0.0337204620950529
*C=CC1CCC(*)C1,PI75,1,7,-1.2784019043381847,0.0,1,0.0216119534212466
*Oc1ccc(-c2ccc(OC(=O)CCCCCCCCCCCCC(*)=O)cc2)cc1,PI586,1,30,2.013117263764766,0.0,1,0.0988411107018658
*c1ccc(S(=O)(=O)c2ccc(N3C(=O)c4ccc(C(=O)c5ccc6c(c5)C(=O)N(*)C6=O)cc4C3=O)cc2)cc1,PI976,5,39,-0.3554300321463955,0.016828029565779164,5,0.0432677106089434
*c1ccc(Oc2ccc(C(c3ccc(Oc4ccc(N5C(=O)c6ccc(Oc7ccc(C8(c9ccc(Oc%10ccc%11c(c%10)C(=O)N(*)C%11=O)cc9)CCC(C(C)(C)C)CC8)cc7)cc6C5=O)cc4)cc3)(C(F)(F)F)C(F)(F)F)cc2)cc1,PI1013,4,81,2.0809762315149407,0.02538501482900846,4,0.1004332906727633
*c1ccc(Oc2ccc(C3(c4ccc(Oc5ccc(N6C(=O)c7ccc(Oc8ccc(C9(c%10ccc(Oc%11ccc%12c(c%11)C(=O)N(*)C%12=O)cc%10)CCC(C(C)(C)C)CC9)cc8)cc7C6=O)cc5)cc4)CC4CC3C3CCCC43)cc2)cc1,PI1017,4,82,1.9250853142110649,0.04084856293647517,4,0.09677561056937814
*Oc1ccc2ccc(OC(=O)Oc3ccc(OC(*)=O)cc3)cc2c1,PI816,1,24,0.9438763285141131,0.0,1,0.0737534316873937
*C(=O)Nc1cccc(C#Cc2cccc(N3C(=O)c4ccc(*)cc4C3=O)c2)c1,PI1018,4,28,1.0684958539143696,0.01423212928885897,4,0.07667738881352505
*CC(*)c1ccc(COC)cc1,PI147,2,11,-0.8841383126424752,0.004863110060309614,2,0.030862589184865348
*CC(*)C(=O)Oc1ccc(C(=O)OCCCC)cc1,PI471,2,18,-0.07034004647307365,0.014974609968974154,2,0.0499567979932906
*CC(*)c1cc(Br)ccc1OC,PI200,1,11,-0.4612610549325492,0.0,1,0.0407845895069535
*c1ccc2c(c1)C(=O)N(c1cc(N3C(=O)c4ccc(C(*)(C(F)(F)F)C(F)(F)F)cc4C3=O)ccc1C)C2=O,PI974,5,38,0.2744012389096676,0.024090804701727503,5,0.0580454882272567
*CC(*)OC(=O)c1cccc([N+](=O)[O-])c1,PI369,2,14,-0.3291531535958957,0.005311249541997179,2,0.04388424695060775
*CC(*)c1ccc(N(C)C)cc1,PI177,1,11,0.011714674087812653,0.0,1,0.0518820539605728
*CC(*)CCCCC,PI8,1,7,-0.3611565719873685,0.0,1,0.043133348381818
*c1ccc(Oc2ccc(C3(c4ccc(Oc5ccc(N6C(=O)c7ccc(Oc8ccc(C9(c%10ccc(Oc%11ccc%12c(c%11)C(=O)N(*)C%12=O)cc%10)CCCCCCCCCCC9)cc8)cc7C6=O)cc5)cc4)C4CC5CC(C4)CC3C5)cc2)cc1,PI1048,5,84,1.2135055983539307,0.028915057357966203,5,0.08007976315455
*Nc1ccc(*)cc1,PI1131,2,7,-1.0578868225176414,0.004176714810856825,2,0.026785915068409848
*CC(*)c1cccc2ccccc12,PI217,2,12,0.4033401213763597,0.00887266907910791,2,0.061070790747170804
*CC(*)c1ccccc1C(=O)OC,PI98,1,12,-0.7981859567455242,0.0,1,0.0328792956578315
*c1ccc(-c2ccc(-n3c(=O)c4cc5c(=O)n(*)c(=O)c5cc4c3=O)cc2OC(F)(F)F)c(OC(F)(F)F)c1,PI977,5,38,1.2901446262111513,0.023378608980035374,5,0.0818779503240418
*CC(*)C(=O)Oc1cccc(N(C)C)c1,PI475,2,14,-0.2269702438715167,0.03839043155260062,2,0.0462817721064596
*c1cccc(P(=O)(c2cccc(-n3c(=O)c4c(-c5cc(C(F)(F)F)cc(C(F)(F)F)c5)c5c(=O)n(*)c(=O)c5c(-c5cc(C(F)(F)F)cc(C(F)(F)F)c5)c4c3=O)c2)c2cc(C(F)(F)F)cc(C(F)(F)F)c2)c1,PI1051,4,72,0.35295782177697416,0.009013119808650239,4,0.0598886671315387
*CC(*)c1ccccc1COCCCC,PI89,2,14,-0.1625054614818779,0.009568798129999712,2,0.04779431405562275
*Oc1ccc(-c2ccc(OC(=O)CCCCCCCCCCCC(*)=O)cc2)cc1,PI585,1,29,0.9303601430671126,0.0,1,0.0734363004302417
*CC(*)OCC(C)(C)C,PI276,1,8,-1.1220723048536287,0.0,1,0.0252799263570285
*CC(*)OC(=O)C1CCCC1,PI378,1,10,-0.8843124179083727,0.0,1,0.030858504140156
*CC(*)c1ccc(OC(C)=O)cc1,PI232,1,12,-1.0800048688645671,0.0,1,0.0262669577138181
*c1ccc(Oc2ccc(S(=O)(=O)c3ccc(Oc4ccc(N5C(=O)c6ccc(Oc7ccc8c(c7)C(=O)N(*)C8=O)cc6C5=O)cc4)cc3)cc2)cc1,PI964,5,52,1.9513268562362136,0.037000090890643315,5,0.097391317807539
*Cc1cc(*)c(O)cc1C,PI1138,1,9,-0.2966956818724497,0.0,1,0.044645799006252
*CC(*)c1ccc(OCCC)cc1,PI180,2,12,-0.8609906566307555,0.020171982935670525,2,0.03140570434704655
*C1CC(*)(C#N)C1,PI290,1,6,4.038276422027904,0.0,1,0.1463575695660356
*c1ccc(S(*)(=O)=O)cc1,PI1137,1,9,-1.1175316176472092,0.0,1,0.0253864648362283
*CC(*)CCc1ccccc1C,PI281,1,11,-0.6869408267518147,0.0,1,0.0354894483569995
*CC(*)Cc1ccc(C)c(C)c1,PI292,2,11,-0.3798557177746543,0.002852077006139546,2,0.0426946089435021
*CC(*)C=O,PI242,1,4,-1.499427964607123,0.0,1,0.016426002649019
*c1ccc(-c2ccc(-n3c(=O)c4cc5c(=O)n(*)c(=O)c5cc4c3=O)cc2C(F)(F)F)c(C(F)(F)F)c1,PI967,3,36,0.7196560538827623,0.08388952759264016,3,0.0684925348277262
*CC(*)c1ccccc1OC,PI110,1,10,1.0667172511109835,0.0,1,0.0766356573246206
*c1ccc(Oc2c(C)cc(Cc3cc(C)c(Oc4ccc(-n5c(=O)c6cc7c(=O)n(*)c(=O)c7cc6c5=O)cc4)c(C)c3)cc2C)cc1,PI997,1,47,1.4992995038657992,0.0,1,0.0867853666620451
*c1ccc(Oc2ccc(C3(c4ccc(Oc5ccc(N6C(=O)c7ccc(Oc8ccc(C9(c%10ccc(Oc%11ccc%12c(c%11)C(=O)N(*)C%12=O)cc%10)CCC(c%10ccccc%10)CC9)cc8)cc7C6=O)cc5)cc4)CC4CC3C3CCCC43)cc2)cc1,PI1039,2,84,0.586623798314899,0.00295732658163912,2,0.06537118919249255
*CC(*)c1cc(Br)ccc1OCCCCC,PI203,2,15,0.8628821997164088,0.026285231902031435,2,0.0718530604629631
*CC(*)OC,PI253,1,4,-1.2986339562560831,0.0,1,0.0211372472932013
*CC(OC)C(C(=O)O)C(*)C(=O)O,PI388,1,12,-1.048043245930945,0.0,1,0.0270168756326942
*CC(*)Cc1cc(C)cc(C)c1,PI293,2,11,-1.2633195862529247,0.0050814980332776075,2,0.021965830964130302
*C(=O)Oc1ccc(OC(=O)c2ccc3c(c2)C(=O)N(c2ccc(C(=O)Nc4ccc(N5C(=O)c6ccc(*)cc6C5=O)cc4)cc2)C3=O)cc1,PI1095,2,49,1.774246422432052,0.021750278622360272,2,0.09323646651391465
*CC(*)Cc1ccccc1,PI26,1,9,0.046564229382980764,0.0,1,0.0526997316496872
*c1cccc(Oc2ccc(-n3c(=O)c4cc5c(=O)n(*)c(=O)c5cc4c3=O)cc2)c1,PI953,1,29,2.92718434683476,0.0,1,0.1202879341648855
*C(F)(F)C(*)(OC(F)(F)F)OC(F)(F)F,PI312,1,14,-1.3250473816939414,0.0,1,0.0205175071418365
*c1ccc(Oc2ccc(Oc3ccc(N4C(=O)c5ccc(Oc6cccc7c6C(=O)N(*)C7=O)cc5C4=O)cc3)cc2)cc1,PI1063,5,43,0.4091818510673649,0.023838932037556042,5,0.0612078556822529
*c1ccc(Oc2ccc(C(c3ccc(Oc4ccc(N5C(=O)c6ccc(Oc7ccccc7Oc7ccc8c(c7)C(=O)N(*)C8=O)cc6C5=O)cc4C(F)(F)F)cc3)(C(F)(F)F)C(F)(F)F)cc2)c(C(F)(F)F)c1,PI1077,5,73,0.1143845546851858,0.023260324833549704,5,0.0542910049499747
*CC(*)OC(=O)CCCCCCCCCCC,PI243,2,16,0.8010782510125101,0.00407085641637425,2,0.07040294985103929
*CC(*)OC=O,PI270,1,5,-1.029408170992252,0.0,1,0.0274541117719587
*CC(C)C(*)(C)C,PI16,2,6,-1.1329646552753854,0.00786777960482334,2,0.025024358334812702
*CC(*)C(=O)OCC(F)(F)C(F)(F)C(F)(F)F,PI436,1,16,0.7204203720920714,0.0,1,0.068510468082307
*CC(*)CCc1ccc(C)cc1,PI282,1,11,0.16965006831206578,0.0,1,0.055587703776901
*CC(*)c1ccc(C(=O)OC(C)C)cc1,PI163,2,14,-0.7494281226650109,0.0014359140542455535,2,0.034023304319046904
*c1ccc(Oc2cccc(Oc3ccc(N4C(=O)c5ccc(C(=O)c6ccc7c(c6)C(=O)N(*)C7=O)cc5C4=O)cc3)c2)cc1,PI965,4,44,0.6564177369464761,0.02739833053001577,4,0.0670087695280549
*c1ccc(-c2ccc(N3C(=O)c4ccc(-c5cccc6c5C(=O)N(*)C6=O)cc4C3=O)cc2C(F)(F)F)c(C(F)(F)F)c1,PI1106,1,42,-0.9054248819704073,0.0,1,0.0303631408369649
*CC(*)(C(=O)OC)c1ccccc1,PI220,2,12,-0.199558823455813,0.03650172442861427,2,0.04692492828767961
*CC(*)C(=O)Oc1ccccc1C(=O)OCC,PI466,1,16,-0.4559600779858121,0.0,1,0.0409089667204687
*CC(*)c1ccc(COCCC)cc1,PI149,1,13,-1.1694280432092365,0.0,1,0.0241688151713346
*CC(*)C(=O)Oc1ccccc1,PI463,1,11,-1.406306047250688,0.0,1,0.0186109290718956
*c1ccc(-c2ccc(-n3c(=O)c4cc5c(=O)n(*)c(=O)c5cc4c3=O)c(C)c2)cc1C,PI687,1,30,0.9672948155494209,0.0,1,0.074302901377879
*Oc1ccc(S(=O)(=O)c2ccc(OC(=O)c3ccc(C(*)=O)cc3)cc2)cc1,PI583,1,27,1.5725517199698402,0.0,1,0.0885040888172964
*CC(*)C(=O)c1ccc(CC)cc1,PI325,1,12,0.38395270510352925,0.0,1,0.060615902367632
*CC(*)c1ccc(CCCCCCCCCC)cc1,PI127,2,18,1.5857933272140923,0.05792711337766868,2,0.088814777625803
*c1cc(C(c2ccc(O)c(N3C(=O)c4ccc(Oc5ccc6c(c5)C(=O)N(*)C6=O)cc4C3=O)c2)(C(F)(F)F)C(F)(F)F)ccc1O,PI1083,5,46,0.022084155973337866,0.018853287359923667,5,0.0521253538797154
*CC(*)C(=O)OC(F)(C(F)(F)Cl)C(F)(F)Cl,PI434,1,15,-0.2814397968785782,0.0,1,0.0450037489623283
*c1cccc(N2C(=O)c3ccc(Oc4ccc5c(c4)C4(CC(C)(C)c6ccc(Oc7ccc8c(c7)C(=O)N(*)C8=O)cc64)CC5(C)C)cc3C2=O)c1,PI986,3,51,1.2772327571572486,0.028750672242139667,3,0.0815749981870426
*CC(*)c1c(Cl)cccc1Cl,PI186,2,10,-0.6109039816709798,0.0048066698232084645,2,0.037273506467544945
*CC(*)C(=O)Oc1ccccc1C(=O)OC,PI465,2,15,-0.13238406065355776,0.016183312419940917,2,0.0485010547073637
*CC(*)C(=O)c1ccc(C)cc1,PI330,1,11,0.21721936394991107,0.0,1,0.0567038256728767
*CC(*)c1ccc(C(=O)CCCCCCC)cc1,PI171,2,17,0.8335535545710491,0.04732960205420641,2,0.071164920296347
*c1ccc(Oc2c(C)cc(C(c3cc(C)c(Oc4ccc(-n5c(=O)c6cc7c(=O)n(*)c(=O)c7cc6c5=O)cc4)c(C)c3)c3cccc4ccccc34)cc2C)cc1,PI1004,5,57,0.45872931329676286,0.009151736507249639,5,0.0623703914470302
*CC(*)C1CCC1,PI21,1,6,-0.8875381998553611,0.0,1,0.0307828173801483
*CC(*)c1ccc(F)cc1C,PI189,1,10,-1.428828877671951,0.0,1,0.0180824742386792
*C(=O)c1ccc2c(c1)C(=O)N(c1ccc(C(=O)Nc3ccc(N4C(=O)c5ccc(*)cc5C4=O)cc3)cc1)C2=O,PI991,5,39,0.7636941145877671,0.015242739025262351,5,0.0695258030977331
*c1ccc2c(c1)C(=O)N(c1ccc(Oc3c(C)cc(C(c4cc(C)c(Oc5ccc(N6C(=O)c7ccc(C(*)(C(F)(F)F)C(F)(F)F)cc7C6=O)cc5)c(C)c4)c4cccc5ccccc45)cc3C)cc1)C2=O,PI1006,5,72,1.1056541414726462,0.023518684099321292,5,0.0775492364582011
*CC(*)NC(=O)OC(C)(C)C,PI348,2,10,-0.93530918073201,0.007560878843654787,2,0.0296619633285225
*CC(*)Cc1cc(C)ccc1C,PI291,1,11,-0.7350079380645927,0.0,1,0.0343616461750851
*CC(*)OC(=O)c1ccccc1OC(C)=O,PI331,2,15,-0.0819022535058832,0.01856499310193915,2,0.04968551307594875
*CC(*)OC(=O)c1ccc(OC(C)=O)cc1,PI332,1,15,-0.5258961838137491,0.0,1,0.0392680507054808
*CC(*)c1ccc(C(=O)CCCC)cc1,PI169,3,14,-0.8976492253613492,0.0018670811022942478,3,0.0305455816421227
*CC(*)c1ccc(C(=O)CCC)cc1,PI168,2,13,-0.3008105612142921,0.001581987915313013,2,0.044549251288419606
*CC(*)c1ccc(CCC)cc1,PI233,2,11,-0.6518681058091811,0.002059663131858124,2,0.0363123621981785
*CC(*)c1ccc(COCCCCO)cc1,PI151,3,15,-0.4789972579505486,0.021920124669359425,3,0.0403684436659352
*c1ccc2c(c1)C(=O)N(c1ccc3c(c1)-c1cc(N4C(=O)c5ccc(C(*)(C(F)(F)F)C(F)(F)F)cc5C4=O)ccc1C3)C2=O,PI959,5,44,0.8637021321050328,0.011146442491445023,5,0.0718722985971396
*c1ccc(C(=O)Oc2ccc(N3C(=O)c4ccc(-c5ccc6c(c5)C(=O)N(*)C6=O)cc4C3=O)cc2)cc1,PI1091,3,37,1.8798923835267192,0.05977151063922185,3,0.0957152454997726
*CC(*)c1ccc(C(=O)OCCCCCC)cc1,PI166,1,17,0.22219297566490132,0.0,1,0.0568205218917874
*c1ccc(Oc2ccc(N3C(=O)C4CCC5C(=O)N(*)C(=O)C5C4C3=O)cc2)cc1,PI1064,5,29,-0.2318212930174696,0.01968774189727183,5,0.046167951582156
*c1ccc(Oc2ccc(Oc3ccc(N4C(=O)c5cccc(Oc6cccc7c6C(=O)N(*)C7=O)c5C4=O)cc3)cc2)cc1,PI1062,4,43,0.23288504248915773,0.017851012973155462,4,0.057071390645166496
*CC1CC(*)C(OC(=O)CCCCCCCCCCOc2ccc(-c3ccc(C#N)cc3)cc2)C1OC(=O)CCCCCCCCCCOc1ccc(-c2ccc(C#N)cc2)cc1,PI397,1,62,1.57971960496326,0.0,1,0.0886722694321598
*CC(*)C(=O)OCc1ccccc1,PI473,1,12,-0.10493705370295422,0.0,1,0.0491450458580797
*CC(*)c1ccc(OCC)cc1,PI179,2,11,-0.14739552815298768,0.0003467415423839882,2,0.0481488395370068
*c1ccc(Oc2ccc(Oc3ccc(N4C(=O)c5ccc(Oc6ccc(C7(c8ccc(Oc9ccc%10c(c9)C(=O)N(*)C%10=O)cc8)CCC(C(C)(C)C)CC7)cc6)cc5C4=O)cc3)c(C(C)(C)C)c2)cc1,PI1014,5,70,1.8493077973256828,0.032813584234064413,5,0.0949976370954309
*CC(*)OC(=O)C(C)(C(C)C)C(C)C,PI356,2,13,-0.8131717787362177,0.005106072747880597,2,0.0325276822099397
*CC(*)C(=O)Oc1ccc(C(=O)OC)cc1,PI469,2,15,-0.1423366438547543,0.0012921263100849187,2,0.0482675365128345
*CC(*)C(=O)OCCCC,PI415,1,9,-0.2760768255988246,0.0,1,0.0451295807534566
*CC(*)OCC,PI254,1,5,-0.4462024697809938,0.0,1,0.0411379102022613
*CC(*)CCCCCCCCCCCCCC,PI56,1,16,2.1996835653010844,0.0,1,0.1032185296105079
*CC(*)C(=O)OCC(F)(F)C(F)C(F)(F)F,PI435,1,15,0.028401137260010634,0.0,1,0.0522735696780783
*C(=O)Oc1ccc(C(C)(C)c2ccc(OC(=O)c3ccc4c(c3)C(=O)N(c3ccc(-c5ccc(N6C(=O)c7ccc(*)cc7C6=O)cc5)cc3)C4=O)cc2)cc1,PI958,2,55,3.030697680547072,0.040363438346459085,2,0.12271667515700214
*CC(*)OC(=O)c1ccccc1C,PI360,1,12,-0.8096811068432447,0.0,1,0.032609584102309
*C=CCCCCCCCCCC*,PI78,2,12,-0.33874218996376076,0.0013588807816577917,2,0.0436592586822726
*CC(*)c1ccc(C(=O)N2CCOCC2)cc1,PI159,2,16,-0.05908151160051581,0.009387455337487274,2,0.0502209578283139
*CC(*)C(=O)OCC,PI412,1,7,-1.1706385648763769,0.0,1,0.0241404126120759
*c1ccc2c(c1)C(=O)N(c1ccc(Oc3ccc(-c4ccc(Oc5ccc(N6C(=O)c7ccc(C(*)(C(F)(F)F)C(F)(F)F)cc7C6=O)cc5)cc4)cc3)cc1)C2=O,PI981,2,57,1.5413314003973986,0.023995981374021366,2,0.0877715641539201
*CC(*)(C)C(=O)OC1CCCCC1,PI448,1,12,-0.4688049743039281,0.0,1,0.0406075859697144
