smiles_list,monomer_ID,replicate_count,heavy_atom_count,thermal_diffusivity,thermal_diffusivity_std,thermal_diffusivity_count,thermal_diffusivity_raw
*CC(*)OC(C)=O,PI259,2,6,0.4676660673091163,7.205698401550115e-10,2,7.345486506556834e-08
*c1ccc(Oc2ccc(Oc3ccc(-n4c(=O)c5cc6c(=O)n(*)c(=O)c6cc5c4=O)cc3)cc2-c2ccccc2)cc1,PI1031,2,42,2.099335247345141,1.6210642926413036e-09,2,9.5864497118932e-08
*C(=O)Nc1cccc(NC(=O)c2ccc(N3C(=O)c4ccc(*)cc4C3=O)cc2)c1,PI990,3,29,1.674300874719803,1.500903479905452e-08,3,9.002700014521591e-08
*CC(*)CCCCCCCCC,PI64,3,11,0.7423816148563727,5.3189571664957374e-09,3,7.722785680629388e-08
*CC(*)c1ccc(CCC)cc1,PI233,2,11,0.08119437923653172,8.270690873418971e-10,2,6.814699479706346e-08
*CC(*)(C)C(=O)OCC(C)C,PI443,1,10,-0.7105122989430769,0.0,1,5.727355576342055e-08
*CC(*)(C)C(=O)OC1CCCCC1,PI448,1,12,-0.7515108087225528,0.0,1,5.671047500530143e-08
*CC(*)c1ccc(COCCCCCCOc2ccc(-c3ccc(OC)cc3)cc2)cc1,PI234,1,31,0.368218740471544,0.0,1,7.208903795405092e-08
*CC(*)C(=O)Oc1ccc(C(=O)OCCCC)cc1,PI471,2,18,0.4815422906792841,5.0049461565770654e-09,2,7.364544356261936e-08
*CC(*)OC(=O)CCCCC,PI385,1,10,-0.19985962580567435,0.0,1,6.42869495641315e-08
*CC/C=C(\*)C(C)(C)C,PI81,1,8,-0.4442590748296507,0.0,1,6.093032446286483e-08
*CC(*)c1ccc(C(C)(C)C)cc1,PI122,1,12,0.5399334555035523,0.0,1,7.444739811007871e-08
*CC(*)OC=O,PI270,1,5,-0.2915068699892928,0.0,1,6.302825016232364e-08
*CCC1CC(OC(=O)CCCCCCCCCCOc2ccc(-c3ccc(C#N)cc3)cc2)CC1*,PI399,1,35,0.005235517128991971,0.0,1,6.710376239931444e-08
*CC(*)c1cc(Br)ccc1OCC,PI199,1,12,-1.7357980925640988,0.0,1,4.319209999670639e-08
*c1ccc2c(c1)C(=O)N(c1c(C)cc(C(c3cc(C)c(N4C(=O)c5ccc(C(*)(C(F)(F)F)C(F)(F)F)cc5C4=O)c(C)c3)c3cccc4ccccc34)cc1C)C2=O,PI1003,1,58,-0.7088723613271735,0.0,1,5.729607895562919e-08
*CC(OC)C(C(=O)O)C(*)C(=O)O,PI388,1,12,0.8549927749303053,0.0,1,7.877447832322634e-08
*CC(*)OC(=O)CCCCCCCCC,PI384,1,14,0.9309160730823979,0.0,1,7.981722227934412e-08
*CC(*)(C)C(=O)OCc1ccccc1,PI450,1,13,-0.8285509719067096,0.0,1,5.5652391828017954e-08
*CC(*)C(=O)Oc1ccc(OC)cc1,PI464,1,13,-0.15385344972394116,0.0,1,6.491880649370293e-08
*/C=C/C(C*)OC,PI279,3,6,0.05577857379872899,5.014949928533129e-09,3,6.779792964637619e-08
*CC(*)OC,PI253,1,4,-0.04663806812263988,0.0,1,6.639132143824156e-08
*CC(*)c1ccc(COCC(CC)CCCC)cc1,PI235,2,18,-0.09995700978002148,1.2695371285764815e-09,2,6.565902969758963e-08
*C(=O)c1ccc2c(c1)C(=O)N(c1ccc(C(=O)Nc3ccc(N4C(=O)c5ccc(*)cc5C4=O)cc3)cc1)C2=O,PI991,5,39,2.6508044921625578,4.9861759164817985e-09,5,1.034384729078427e-07
*CC(*)OC(=O)c1cccc([N+](=O)[O-])c1,PI369,2,14,-0.461480944200776,1.6504928679573984e-09,2,6.06937962740628e-08
*Cc1cccc(COC(=O)Nc2ccc(Cc3ccc(NC(=O)O*)cc3)cc2)c1,PI660,4,29,0.41010082276169796,2.4470387065268466e-09,4,7.266425385273593e-08
*CC(*)OC(=O)C(C)(C)C(C)(C)CC,PI365,2,13,-0.5921713439822593,4.1131327342861467e-11,2,5.889887129304099e-08
*CC(*)CCCCCCCCCCCC,PI32,2,14,1.647861864263304,5.096835408671071e-09,2,8.966388211649143e-08
*Oc1ccc(C2(c3ccc(OC(*)=O)cc3)CCCC2)cc1,PI800,1,21,-0.5573745156306885,0.0,1,5.937677706556134e-08
*C(F)(F)C(*)(F)c1ccccc1,PI215,1,11,-0.038054881936016374,0.0,1,6.650920442986827e-08
*CC(*)c1ccccc1,PI82,1,8,-0.8308274591281173,0.0,1,5.562112615135376e-08
*C(F)C(*)(F)OC(F)(F)F,PI314,1,9,-1.867796674929389,0.0,1,4.137920820554903e-08
*CC(*)CCCN(CC(C)C)CC(C)C,PI266,1,14,-0.742254304179207,0.0,1,5.6837605469892354e-08
*c1ccc2c(c1)C(=O)N(c1ccc(C(c3ccc(C)c(N4C(=O)c5ccc(C(*)(C(F)(F)F)C(F)(F)F)cc5C4=O)c3)(C(F)(F)F)C(F)(F)F)cc1C)C2=O,PI980,2,54,-1.6433786153864423,3.9224953307359274e-09,2,4.4461405382538214e-08
*CC(*)c1ccc(C(C)C)cc1C(C)C,PI188,2,14,0.03671478363993284,3.120592647128605e-09,2,6.753610419289075e-08
*c1ccc(Oc2ccc(N3C(=O)c4ccc(Oc5ccc(C6(c7ccc(Oc8ccc9c(c8)C(=O)N(*)C9=O)cc7)CCC(c7ccccc7)CC6)cc5)cc4C3=O)cc2)cc1,PI1028,2,61,0.4444061584997675,0.0,1,7.313540937909101e-08
*CC(*)c1ccc(C(C)(O)CCC)cc1,PI141,2,14,0.8872134750679206,6.783813459283707e-09,2,7.921700309688774e-08
*CC(*)c1ccc(CCCCCC)cc1,PI124,2,14,0.274588903856851,2.5396679665307814e-09,2,7.080310927841981e-08
*CC(*)c1nc(C)nc(C)n1,PI383,1,10,0.5437313711258953,0.0,1,7.449955935250933e-08
*CCCC=C(*)c1ccc(Cl)cc1,PI391,2,12,-0.9853219325537059,4.741867004043738e-09,2,5.3499271828120685e-08
*CC(*)CNc1ccc([N+](=O)[O-])cc1C,PI394,1,14,0.31464234493524457,0.0,1,7.13532102964571e-08
*CC(*)c1ccccc1C(=O)OCCCCCC,PI106,1,17,-0.04060637989590954,0.0,1,6.647416170725899e-08
*CC(*)O[N+](=O)[O-],PI267,1,6,-0.5088353182941406,0.0,1,6.004342295541851e-08
*CC(OC)C1C(=O)OC(=O)C1*,PI387,2,11,-0.25436706880051474,3.276743107225502e-09,2,6.353833473667174e-08
*CC(*)OC(C)C,PI274,1,6,-0.26509234450324487,0.0,1,6.339103191014918e-08
*CC(*)OC(=O)C(F)(F)C(F)(F)C(F)(F)F,PI346,1,15,-1.8630214995543888,0.0,1,4.144479130563656e-08
*CCCCOC(=O)NCC(F)(F)C(F)(F)C(F)(F)C(F)(F)CNC(=O)O*,PI658,1,26,-0.7490240633676186,0.0,1,5.674462840422342e-08
*CC(*)C(=O)c1ccccc1,PI321,1,10,-1.081686846116979,0.0,1,5.217577912369915e-08
*C=CC(C)C(*)C(=O)OC,PI268,2,9,0.3011737821477236,1.2771030447184456e-09,2,7.116823068168659e-08
*CCC=C(*)CCCCCCC,PI68,2,11,0.519521350430977,9.862456222681304e-10,2,7.416705466196571e-08
*CC(*)OC(=O)c1ccc(CC)cc1,PI344,2,13,-0.10576448613146211,6.068841172364994e-10,2,6.557926879397832e-08
*CC(*)C(=O)Oc1ccccc1C(=O)OC,PI465,2,15,-0.21936800213501934,2.2398190057196275e-09,2,6.401901808583421e-08
*CC(*)SC,PI317,2,4,-0.06395595083063374,7.1838098603627e-09,2,6.615347458535139e-08
*/C=C\CCCCC*,PI74,1,7,0.10447064573277598,0.0,1,6.846667514289517e-08
*CC(*)c1ccc(CCCCCCCCCC)cc1,PI127,2,18,1.331651401039566,0.0,1,8.532099189158003e-08
*CC(*)c1cccc2ccccc12,PI217,2,12,-0.7326418349943309,6.404219723468376e-09,2,5.696962481559858e-08
*CC(*)OC(=O)c1ccncc1,PI354,2,11,-0.5764470201225528,9.767386456005866e-10,2,5.9114831927889885e-08
*CC(*)CCC1CCCCC1,PI42,1,10,0.211169759336012,0.0,1,6.993209957177099e-08
*CC(*)Cc1cc(C)ccc1C,PI291,1,11,-0.3890801176878916,0.0,1,6.168816198395342e-08
*CC(*)c1ccc(OC(C)=O)cc1,PI232,1,12,0.5457618846465006,0.0,1,7.452744678302091e-08
*c1ccc(Oc2ccc(N3C(=O)C4CCC5C(=O)N(*)C(=O)C5C4C3=O)cc2)cc1,PI1064,5,29,1.0387913522142664,2.755147505221895e-09,5,8.129880037285552e-08
*CC(*)c1cccc(Cl)c1,PI116,2,9,-1.7783518372330875,7.385427134652402e-09,2,4.26076593685493e-08
*Oc1cccc2c(OC(=O)Oc3ccc(OC(*)=O)cc3)cccc12,PI817,1,24,0.6278143531567816,0.0,1,7.565436984492799e-08
*c1ccc(Oc2ccc3ccc(Oc4ccc(-n5c(=O)c6cc7c(=O)n(*)c(=O)c7cc6c5=O)cc4)cc3c2)cc1,PI1050,5,40,1.6259326842546364,7.97268105768872e-09,4,8.936270289386533e-08
*CC(*)c1ccccc1C(=O)OC,PI98,1,12,-0.9121349177628847,0.0,1,5.4504435186363546e-08
*CC(*)c1ccc(O)cc1,PI231,1,9,0.7149984975026444,0.0,1,7.685177224707117e-08
*CCCCCCCCCCCCSC(=O)S*,PI1125,1,16,0.16478946059516905,0.0,1,6.929510437567099e-08
*CC(*)(C)C(=O)OC(C)CC,PI442,1,10,-0.20039459163443818,0.0,1,6.427960224916692e-08
*c1ccc(Sc2ccc3c(c2)Sc2ccc(Sc4ccc(-n5c(=O)c6cc7c(=O)n(*)c(=O)c7cc6c5=O)cc4)cc2S3)cc1,PI1086,2,44,0.2627064900163959,1.7051750728718709e-09,2,7.063991411280142e-08
*c1ccc2c(c1)C(=O)N(c1ccc(Oc3c(C)cc(C(c4cc(C)c(Oc5ccc(N6C(=O)c7ccc(C(*)(C(F)(F)F)C(F)(F)F)cc7C6=O)cc5)c(C)c4)c4cccc5ccccc45)cc3C)cc1)C2=O,PI1006,5,72,-0.4718113318143903,3.187356424114748e-09,4,6.055191691014382e-08
*CC(*)CC1CCCC1,PI23,1,8,0.10093689205208843,0.0,1,6.841814194712219e-08
*CC(*)c1cc(C(C)C)ccc1C(C)C,PI194,1,14,-0.7282254137410834,0.0,1,5.7030280723357864e-08
*CC(*)C(=O)Oc1cccc(N(C)C)c1,PI475,2,14,0.45503988529970424,5.732734558908547e-10,2,7.328145485684975e-08
*CC(*)c1ccc(COCCCCO)cc1,PI151,3,15,0.4254344840712049,5.393985251350806e-09,3,7.287484905927734e-08
*CC(*)OCC,PI254,1,5,0.0898769026584064,0.0,1,6.826624210378443e-08
*c1ccc(Oc2c(C)cc(C(c3cc(C)c(Oc4ccc(N5C(=O)c6ccc(-c7ccc8c(c7)C(=O)N(*)C8=O)cc6C5=O)cc4)c(C)c3)c3cccc4ccccc34)cc2C)cc1,PI1005,5,63,1.3405099111688983,3.556580963387381e-09,2,8.544265623075383e-08
*C=CC1CCC(*)C1,PI75,1,7,1.146032227633816,0.0,1,8.277166545398652e-08
*CC(*)c1ccccc1C(=O)OCC,PI99,2,13,-0.33247674720271553,5.568216115113731e-10,2,6.246556264891236e-08
*c1cc(C(c2ccc(O)c(N3C(=O)c4ccc(Oc5ccc6c(c5)C(=O)N(*)C6=O)cc4C3=O)c2)(C(F)(F)F)C(F)(F)F)ccc1O,PI1083,5,46,-0.27583454418630104,1.5387995445292516e-09,5,6.324349664669845e-08
*c1ccc(Oc2ccc(C3(c4ccc(Oc5ccc(N6C(=O)c7ccc(Oc8ccccc8Oc8ccc9c(c8)C(=O)N(*)C9=O)cc7C6=O)cc5C(F)(F)F)cc4)c4ccccc4-c4ccccc43)cc2)c(C(F)(F)F)c1,PI1078,5,77,-0.515598169416375,2.4943155498076234e-09,4,5.995054076634781e-08
*C(O)C(*)O,PI305,2,4,2.7643575768127673,1.4174921021701102e-08,2,1.0499803098289285e-07
*CC(*)C(=O)C(C)(C)C,PI299,1,8,-0.2576755224899904,0.0,1,6.349289585068071e-08
*c1ccc(Oc2c(C)cc(Cc3cc(C)c(Oc4ccc(-n5c(=O)c6cc7c(=O)n(*)c(=O)c7cc6c5=O)cc4)c(C)c3)cc2C)cc1,PI997,1,47,0.7981064027754577,0.0,1,7.799319086346523e-08
*CC(*)c1ccc(C(C)(O)CCCCC)cc1,PI143,2,16,0.28784647209584574,3.653150434498682e-09,2,7.098519105687914e-08
*CCCCCCOC(=O)CCCCCNC(=O)CCCCC(=O)NCCCCCC(=O)O*,PI598,1,32,0.2656816515218567,0.0,1,7.068077550520404e-08
*CC(*)N1CCCC1=O,PI408,1,8,0.13254421958520302,0.0,1,6.88522425533441e-08
*CC(*)CCCCCCCCCCC,PI63,1,13,0.9846276668553543,0.0,1,8.0554906773345e-08
*C(C)C(*)OCCCC,PI284,1,8,-0.04452248957253302,0.0,1,6.642037716685858e-08
*CC(*)c1ccc(Oc2ccccc2)cc1,PI183,1,15,-0.18759935289930346,0.0,1,6.445533431274796e-08
*CC(*)c1ccccc1COCCC,PI87,2,13,-0.2737232281432531,1.9911260503641132e-10,2,6.327249383329238e-08
*C(=O)c1ccc2c(c1)C(=O)N(c1ccc(C3(c4ccc(N5C(=O)c6ccc(*)cc6C5=O)cc4)c4ccccc4-c4ccccc43)cc1)C2=O,PI969,4,49,0.6694956110704108,3.452033408306938e-09,4,7.622682758623629e-08
*Oc1ccc(C(C)(C)c2ccc(OC(*)=O)c(CC)c2)cc1CC,PI1118,2,23,0.16161453716498797,9.14437047184319e-09,2,6.925149941779197e-08
*c1ccc(Oc2cccc(Oc3ccc(N4C(=O)c5ccc(C(=O)c6ccc7c(c6)C(=O)N(*)C7=O)cc5C4=O)cc3)c2)cc1,PI965,4,44,0.5435709884423757,8.207944573444502e-09,3,7.449735662847104e-08
*CC(*)CC(C)CC,PI38,1,7,0.24738260739992646,0.0,1,7.04294532085534e-08
*c1ccc(Oc2ccc(C3(c4ccc(Oc5ccc(N6C(=O)c7ccc(Oc8ccc(C9(c%10ccc(Oc%11ccc%12c(c%11)C(=O)N(*)C%12=O)cc%10)CCC(c%10ccccc%10)CC9)cc8)cc7C6=O)cc5)cc4)CC4CC3C3CCCC43)cc2)cc1,PI1039,2,84,0.11286901982332656,4.442764034845001e-09,2,6.85820198926266e-08
*c1ccc(S(=O)(=O)c2ccc(N3C(=O)c4ccc(-c5ccc6c(c5)C(=O)N(*)C6=O)cc4C3=O)cc2)cc1,PI968,4,37,2.1726687218833205,4.265575553009542e-09,4,9.687167198115439e-08
*CC(*)C(=O)Oc1ccc(C#N)cc1,PI476,2,13,-0.04960454699802519,4.091313989351946e-10,2,6.635057929461046e-08
*CC(*)c1ccc(Cl)c(C)c1,PI207,2,10,-1.392957247631958,1.1205824263950147e-09,2,4.7900736576839597e-08
*c1ccc2c(c1)C(=O)N(c1c(C)cc(Cc3cc(C)c(N4C(=O)c5ccc(C(*)(C(F)(F)F)C(F)(F)F)cc5C4=O)c(C)c3)cc1C)C2=O,PI971,5,48,-0.5734481836518917,2.9429289728399717e-09,5,5.9156018476436594e-08
*CC(*)c1ccccc1C(=O)OCCCCC,PI104,1,16,-0.40834120823355524,0.0,1,6.142362677218622e-08
*CC(*)OCC(C)(C)CC,PI316,1,9,-0.0747232269606398,0.0,1,6.600559491755925e-08
*c1ccc2c(c1)C(=O)N(c1cc(C(c3ccc(O)c(N4C(=O)c5ccc(C(*)(C(F)(F)F)C(F)(F)F)cc5C4=O)c3)(C(F)(F)F)C(F)(F)F)ccc1O)C2=O,PI996,2,54,-1.3158928227985243,0.0,1,4.8959152967889664e-08
*CC(*)CCCCCCCCCCCCCCCC,PI33,2,18,1.7979057244215086,6.596502461823888e-09,2,9.172461093281771e-08
*CC(*)c1ccc(CCCCCCCCC)cc1,PI126,1,17,0.5389466112945971,0.0,1,7.443384461781002e-08
*c1ccc(Oc2c(C)cc(Cc3cc(C)c(Oc4ccc(N5C(=O)c6ccc(-c7ccc8c(c7)C(=O)N(*)C8=O)cc6C5=O)cc4)c(C)c3)cc2C)cc1,PI998,3,53,1.3549066310735454,8.772925201188967e-09,2,8.564038331893193e-08
*CC(*)c1ccccc1C(=O)OCC(C)C,PI103,1,15,-0.4858164579816935,0.0,1,6.035956803936153e-08
*CC(*)CCCCCCCCCCCCCCCCCCCC,PI54,3,22,2.1295125195634204,5.048425533411384e-09,3,9.627895709345385e-08
*c1c(C)cc(C(c2cc(C)c(N3C(=O)c4ccc(-c5ccc6c(c5)C(=O)N(*)C6=O)cc4C3=O)c(C)c2)c2cccc3ccccc23)cc1C,PI1001,5,49,0.8631048846103946,5.7185138792377116e-09,5,7.888589146709863e-08
*CC(*)c1ccc(C(=O)C(F)(F)F)cc1,PI223,1,14,-1.690100259133528,0.0,1,4.381972209397024e-08
*c1ccc(Oc2ccc(C3(c4ccc(Oc5ccc(N6C(=O)c7ccc(Oc8ccc(C9(c%10ccc(Oc%11ccc%12c(c%11)C(=O)N(*)C%12=O)cc%10)CCCCCCCCCCC9)cc8)cc7C6=O)cc5)cc4)CCC(C(C)(C)C)CC3)cc2)cc1,PI1047,3,84,0.8138106796577111,4.682288341019929e-10,2,7.820887616959308e-08
*c1ccc(C(=O)Oc2ccc(N3C(=O)c4ccc(-c5ccc6c(c5)C(=O)N(*)C6=O)cc4C3=O)cc2)cc1,PI1091,3,37,3.2138582665682267,1.3498996434607308e-10,2,1.111715526675585e-07
*CC(*)C(=O)Oc1ccccc1C(=O)OCC,PI466,1,16,-0.2700168602618852,0.0,1,6.332339774291579e-08
*CC(*)c1ccc(COC)cc1,PI147,2,11,-0.46276530166642516,2.0966018608906378e-09,2,6.067615668229853e-08
*CC(*)C(=O)c1ccc(Br)cc1,PI406,1,11,-1.4843220950991083,0.0,1,4.664591566130001e-08
*C1Cc2ccccc2C1*,PI386,1,9,-1.5155046957879073,0.0,1,4.6217648328403817e-08
*c1cccc(P(=O)(c2cccc(-n3c(=O)c4c(-c5ccc(C(F)(F)F)cc5)c5c(=O)n(*)c(=O)c5c(-c5ccc(C(F)(F)F)cc5)c4c3=O)c2)c2cc(C(F)(F)F)cc(C(F)(F)F)c2)c1,PI1054,5,64,-1.2382306805988355,3.1461237261971705e-09,4,5.002577851457837e-08
*CC(*)c1ccc(Br)cc1,PI136,1,9,-1.7206959259294432,0.0,1,4.339951581458912e-08
*CC(*)C=O,PI242,1,4,0.2614244292636657,0.0,1,7.06223060644971e-08
*CC(*)c1ccc(Cl)cc1Cl,PI191,1,10,-2.220727907548646,0.0,1,3.653198846278044e-08
*CCCCO*,PI527,1,5,0.42044984142836556,0.0,1,7.280638909882073e-08
*CC(*)c1ccc(C(=O)OC)cc1,PI160,2,12,-0.12846941454524516,3.0643872729483662e-09,2,6.526743530605303e-08
*C(F)(F)C(*)(F)OC(F)(F)F,PI315,2,10,-1.9082821087659927,1.0914009820243872e-09,2,4.082317412284419e-08
*CC(*)C1CCC(C)CC1,PI66,1,9,-0.7907850112782402,0.0,1,5.6171076186453364e-08
*CC(*)C(=O)OC(F)(C(F)(F)Cl)C(F)(F)Cl,PI434,1,15,-2.096641441865435,0.0,1,3.82362138491432e-08
*CCCCCCCCCCN1C(=O)C2C3C=CC(C4C(=O)N(*)C(=O)C34)C2C1=O,PI1080,3,28,0.07807304646145818,4.087103672733606e-09,3,6.81041258626855e-08
*CC(*)OC(=O)c1ccc(C(C)(C)C)cc1,PI298,1,15,0.2880711726390894,0.0,1,7.098827713373705e-08
*CC(*)CCCC(C)(C)C,PI41,1,9,0.3870662856590048,0.0,1,7.234789346099309e-08
*CC(*)C(=O)OC1CC2CCC1(C)C2(C)C,PI428,1,15,-0.9174171424746523,0.0,1,5.4431888181332e-08
*CC(*)C(=O)OCCc1ccccc1,PI474,1,13,-0.6741920111702439,0.0,1,5.7772384996098404e-08
*CC(*)OCC(F)(F)F,PI376,2,8,-1.8904541564913384,8.869893123204678e-09,2,4.106802636104796e-08
*C(=O)Oc1ccc(OC(=O)c2ccc3c(c2)C(=O)N(c2ccc(C(=O)Oc4ccc(N5C(=O)c6ccc(*)cc6C5=O)cc4)cc2)C3=O)cc1,PI1092,2,49,2.674783905512106,0.0,1,1.0376781039646709e-07
*CC(*)C(=O)OCCCC,PI415,1,9,-0.7954580331351052,0.0,1,5.610689608078552e-08
*CC(*)OC(=O)CC1CCCCC1,PI341,2,12,-0.7441786227969079,1.179108636165411e-09,2,5.681117653889106e-08
*CC(*)OC(=O)c1cccnc1,PI368,1,11,-0.8591317417868896,0.0,1,5.52323901455027e-08
*c1ccc(Oc2ccc(S(=O)(=O)c3ccc(Oc4ccc(-n5c(=O)c6cc7c(=O)n(*)c(=O)c7cc6c5=O)cc4)cc3)cc2)cc1,PI966,5,45,0.756307028803356,1.3759541889635414e-08,4,7.741911089539531e-08
*c1ccc2c(c1)C(=O)N(c1ccc3c(c1)-c1cc(N4C(=O)c5ccc(C(*)(C(F)(F)F)C(F)(F)F)cc5C4=O)ccc1C3)C2=O,PI959,5,44,-0.3424153699515915,3.336078284348973e-09,5,6.232906385268298e-08
*c1ccc(Oc2c(C)cc(-c3cc(C)c(Oc4ccc(N5C(=O)c6ccc(Oc7ccccc7Oc7ccc8c(c7)C(=O)N(*)C8=O)cc6C5=O)cc4C(F)(F)F)c(C)c3)cc2C)c(C(F)(F)F)c1,PI1075,5,68,0.2659739637149216,2.4530208259042504e-09,4,7.068479017237521e-08
*CC(*)C(C)C,PI5,3,5,-0.11002752992957053,1.6957065525738114e-09,3,6.552071939921628e-08
*CC(*)C(=O)OCCCCCCCC,PI421,1,13,0.953179828217131,0.0,1,8.012299661571085e-08
*CC(*)c1ccc(COCCO)cc1,PI148,1,13,-0.18027530499940225,0.0,1,6.455592407725793e-08
*CC(*)c1cc(Br)ccc1OC(C)C,PI202,1,13,-1.5077547136521128,0.0,1,4.63240879487682e-08
*C(F)(F)C(*)(F)OC(F)C(F)F,PI405,1,11,-1.2956141528354992,0.0,1,4.9237663794694e-08
*c1ccc(Oc2ccc(Oc3ccc(-n4c(=O)c5cc6c(=O)n(*)c(=O)c6cc5c4=O)cc3)cc2C(C)(C)C)cc1,PI1030,2,40,2.181612060726287,2.867563871924272e-09,2,9.699450137282986e-08
*CC(*)(C)C(=O)OCCC,PI439,1,9,-0.623217432322618,0.0,1,5.847247884479465e-08
*CC(*)c1ccc(C(=O)CCCCCCC)cc1,PI171,2,17,0.44425834147294563,0.0,1,7.313337923399614e-08
*CC(*)C(=O)OC,PI411,1,6,0.04849339910888902,0.0,1,6.769787377338349e-08
*CC(*)c1c(Cl)cccc1Cl,PI186,2,10,-2.137056217263306,2.334780924442085e-09,2,3.768115020188744e-08
*c1ccc(Oc2ccc(S(=O)(=O)c3ccc(Oc4ccc(N5C(=O)c6ccc(Oc7ccc8c(c7)C(=O)N(*)C8=O)cc6C5=O)cc4)cc3)cc2)cc1,PI964,5,52,0.3594284050012632,9.713087307779593e-09,3,7.196830993765836e-08
*C=CC(C)CCCCC*,PI80,1,9,-0.02880353759961754,0.0,1,6.663626402326764e-08
*c1cccc(Oc2cccc(Oc3cccc(-n4c(=O)c5cc6c(=O)n(*)c(=O)c6cc5c4=O)c3)c2)c1,PI962,5,36,0.25241451743325677,2.2911305511041334e-09,2,7.049856234768053e-08
*CC(*)C(=O)c1ccc(OC)cc1,PI327,1,12,-0.6356651317877806,0.0,1,5.8301519946791204e-08
*CC(*)C(N)=O,PI455,1,5,2.966863329416625,0.0,1,1.0777928067496692e-07
*CC(*)c1ccc(S(=O)(=O)OCCC)cc1,PI185,2,15,-0.3083707744636063,2.2060674351947045e-09,2,6.279663832649544e-08
*Oc1ccc2ccc(OC(=O)Oc3ccc(OC(*)=O)cc3)cc2c1,PI816,1,24,1.2164182304079756,0.0,1,8.373835921959477e-08
*C#C/C(COS(=O)(=O)c1ccc(C)cc1)=C(/*)COS(=O)(=O)c1ccc(C)cc1,PI269,1,28,0.668756207997754,0.0,1,7.62166724941379e-08
*CC(*)C(=O)Oc1ccc(C(=O)OC)cc1,PI469,2,15,0.36918590572720267,4.904080798910634e-09,2,7.210232117210719e-08
*CC(*)c1ccc(C(=O)CCN2CCCCC2)cc1,PI158,1,18,0.6621257205529509,0.0,1,7.612560821113832e-08
*CC(*)c1ccccc1C(=O)NC,PI94,2,12,-0.36670468220788,4.195960800754941e-09,2,6.199547015786265e-08
*CC(*)C,PI2,1,3,0.586609433771899,0.0,1,7.508845422091446e-08
*CC(*)c1ccc(C(C)CC)cc1,PI123,1,12,0.3723928878296217,0.0,1,7.214636642944014e-08
*c1ccc(Oc2ccccc2Oc2ccc(N3C(=O)c4ccc(-c5ccc6c(c5)C(=O)N(*)C6=O)cc4C3=O)cc2)cc1,PI1034,1,42,0.8808688670073934,0.0,1,7.912986513172983e-08
*CC(*)c1ccc(COC(C)CC)cc1,PI152,1,14,0.28260639114144226,0.0,1,7.091322286163785e-08
*CC(*)c1ccc(COCCC)cc1,PI149,1,13,0.44569389934965636,0.0,1,7.315309543885066e-08
*C(F)(F)C(*)(F)F,PI513,1,6,0.17785705885180303,0.0,1,6.947457707291583e-08
*CC(*)OC(=O)c1ccc(OC(=O)CCC)cc1,PI336,1,17,0.5642671740514451,0.0,1,7.478160168873327e-08
*CC(*)c1ccccc1COCCCCC,PI90,2,15,-0.1998698916778407,1.5782272920538299e-09,2,6.42868085708341e-08
*c1ccc(Oc2cccc(Oc3ccc(N4C(=O)c5ccc(-c6cccc7c6C(=O)N(*)C7=O)cc5C4=O)cc3)c2)cc1,PI1109,2,42,0.21535220375695124,7.670121488085429e-09,2,6.998954200048367e-08
*CC(*)C1CC=CCC1,PI67,3,8,-0.8839339868674781,7.501792802813216e-10,3,5.4891751740883774e-08
*CCC=C(*)C(C)C,PI69,1,7,-0.0942091731301047,0.0,1,6.573797149903043e-08
*C(=O)Oc1ccc(C(C)(C)c2ccc(OC(=O)c3ccc4c(c3)C(=O)N(c3ccc(-c5ccc(N6C(=O)c7ccc(*)cc7C6=O)cc5)cc3)C4=O)cc2)cc1,PI958,2,55,1.8594446409311538,0.0,1,9.25697972566247e-08
*C1CCC(N2C(=O)c3ccc(-c4ccc5c(c4)C(=O)N(*)C5=O)cc3C2=O)CC1,PI978,5,28,1.9993634453304947,1.4396420283769421e-08,4,9.449146677290898e-08
*CC(*)SCCCC,PI307,2,7,-0.2629376374289992,5.296418292668023e-09,2,6.3420625036812e-08
*c1ccc(Oc2ccc(Oc3ccc(N4C(=O)c5ccc(Oc6ccc(C7(c8ccc(Oc9ccc%10c(c9)C(=O)N(*)C%10=O)cc8)CCC(c8ccccc8)CC7)cc6)cc5C4=O)cc3)c(C(C)(C)C)c2)cc1,PI1025,2,72,0.8011613563654836,6.334085672670804e-09,2,7.803514813441832e-08
*CC(*)CCCCCCCCCC,PI31,1,12,1.5515164636161622,0.0,1,8.834065740589863e-08
*c1ccc(Cc2ccc(N3C(=O)C4CCC5C(=O)N(*)C(=O)C5C4C3=O)c(C)c2)cc1C,PI1066,5,31,0.7764740756116292,2.69577880767647e-09,5,7.769608867012192e-08
*CC(C)O*,PI525,1,4,-0.3464215320063182,0.0,1,6.227404251705256e-08
*c1cccc(Oc2cccc(Oc3cccc(N4C(=O)c5ccc(-c6cccc7c6C(=O)N(*)C7=O)cc5C4=O)c3)c2)c1,PI1110,1,42,-0.6730733397860731,0.0,1,5.778774902602225e-08
*C(=O)c1ccc2c(c1)C(=O)N(c1c(C)cc(Cc3cc(C)c(N4C(=O)c5ccc(*)cc5C4=O)c(C)c3)cc1C)C2=O,PI1069,5,41,0.46195686148763915,2.4962809907199657e-09,5,7.33764538267329e-08
*CC(*)c1ccc(OCCC(C)C)cc1,PI182,1,14,0.9411964113053771,0.0,1,7.995841425611236e-08
*CC(*)OC(=O)CCCC(=O)c1ccccc1,PI333,1,16,-0.7683940605376495,0.0,1,5.64785974496855e-08
*Oc1ccc(Oc2ccc(Oc3ccc(S(=O)(=O)c4ccc(*)cc4)cc3)cc2)cc1,PI546,1,30,-0.13058126543573803,0.0,1,6.523843077377004e-08
*CC(*)C=C,PI521,2,4,1.1821283520311099,8.70127512508533e-09,2,8.326741598736237e-08
*CC(*)OC(C)(C)C,PI272,1,7,-0.5401002084974744,0.0,1,5.961402544382854e-08
*CC(*)OC(=O)c1ccc(Br)cc1,PI335,1,12,-1.0420091518583303,0.0,1,5.2720719568699495e-08
*CC(*)c1ccc(C(=O)OCC)cc1,PI161,1,13,0.19023342064512908,0.0,1,6.964455620676306e-08
*CC(*)OC(=O)C(F)(F)C(F)(F)C(F)(F)C(F)(F)C(F)(F)F,PI350,1,21,-2.2070739473885674,0.0,1,3.6719514357736614e-08
*CC(*)c1ccc(C(C)(O)CCCC)cc1,PI142,1,15,0.25199448763362314,0.0,1,7.04927935843942e-08
*CC(*)CNc1ccc([N+](=O)[O-])cc1,PI392,2,13,0.3341387722195728,2.376348549163353e-09,2,7.162097766446444e-08
*CC(*)c1ccc(COCCOCC)cc1,PI133,2,15,-0.2815990520565592,2.7386687883936738e-09,2,6.316432587977966e-08
*CC(*)c1cc(Br)ccc1OC,PI200,1,11,-1.9227681381353159,0.0,1,4.062422044274e-08
*CC(*)CCC,PI4,2,5,0.22820810564435962,5.045473210276826e-09,2,7.016610722248817e-08
*CC(*)c1ccc(C(C)=O)cc1,PI218,1,11,0.20309435115098934,0.0,1,6.982119049269953e-08
*CC(*)Cc1ccc(C)c(C)c1,PI292,2,11,-0.1612127082385282,1.7278051351805992e-09,2,6.481773314040601e-08
*c1ccc2c(c1)C(=O)N(c1cccc(Oc3ccc(S(=O)(=O)c4ccc(Oc5cccc(N6C(=O)c7ccc(C(*)(C(F)(F)F)C(F)(F)F)cc7C6=O)c5)cc4)cc3)c1)C2=O,PI984,5,60,-1.0426425626884537,3.5436645773032174e-09,4,5.271202019273815e-08
*C(C)C(*)OCCC,PI289,1,7,-0.2384735884369209,0.0,1,6.375661859675399e-08
*c1ccc(Oc2ccc(Oc3ccc(N4C(=O)c5ccc(-c6ccc7c(c6)C(=O)N(*)C7=O)cc5C4=O)cc3)cc2)cc1,PI1033,2,42,1.99985079537711,1.2077827972229522e-08,2,9.449816012433062e-08
*c1ccc(S(=O)(=O)c2ccc(N3C(=O)c4ccc(C(c5ccc6c(c5)C(=O)N(*)C6=O)(C(F)(F)F)C(F)(F)F)cc4C3=O)cc2)cc1,PI975,5,46,-0.4980390856728844,4.464903136358515e-09,5,6.019170031676423e-08
*c1ccc2c(c1)C(=O)N(c1ccc(Oc3ccc(-c4ccc(Oc5ccc(N6C(=O)c7ccc(C(*)(C(F)(F)F)C(F)(F)F)cc7C6=O)cc5)cc4)cc3)cc1)C2=O,PI981,2,57,-0.09710994762129287,0.0,1,6.56981317509904e-08
*CC(*)c1cc(C)ccc1F,PI197,2,10,-0.5589834337023971,2.4598081226754866e-09,2,5.935467990123897e-08
*c1ccc(Oc2ccc(C(c3ccc(Oc4ccc(N5C(=O)c6ccc(Oc7ccccc7Oc7ccc8c(c7)C(=O)N(*)C8=O)cc6C5=O)cc4C(F)(F)F)cc3)(C(F)(F)F)C(F)(F)F)cc2)c(C(F)(F)F)c1,PI1077,5,73,-0.7087036213922134,1.62489000799064e-09,4,5.729839645963149e-08
*CC(CC(*)(C#N)C(=O)OC)c1ccccc1,PI238,2,16,-0.29649941765431526,2.594693180918727e-09,2,6.295968163289934e-08
*C(F)(F)C(*)(OC(F)(F)F)OC(F)(F)F,PI312,1,14,-2.547004622408816,0.0,1,3.2050846564007056e-08
*c1ccc(Oc2c(C)cc(C(c3cc(C)c(Oc4ccc(-n5c(=O)c6cc7c(=O)n(*)c(=O)c7cc6c5=O)cc4)c(C)c3)c3cccc4ccccc34)cc2C)cc1,PI1004,5,57,0.9617463671388663,7.906595608246679e-09,5,8.024065097086798e-08
*CCCCCCCC(*)C,PI19,1,9,0.18997305433351622,0.0,1,6.96409802899573e-08
*CC(*)c1ccc(C(=O)N(C)C)cc1,PI155,3,13,0.5254794187106406,4.237118811135411e-09,3,7.424888382165673e-08
*CC(*)c1ccc(Cl)cc1C,PI190,2,10,-1.113515277457177,5.451667279442378e-09,2,5.173864183882757e-08
*C(C)C(*)C,PI49,1,4,0.40329038875099077,0.0,1,7.257071815188982e-08
*Oc1ccc(C2(c3ccc(OC(*)=O)cc3)CCCCC2)cc1,PI801,1,22,-0.27471420138322894,0.0,1,6.325888363218403e-08
*Oc1c(C)cc(C(C)(C)c2cc(C)c(ON3C(=O)c4ccc(Oc5ccc(C6(c7ccc(Oc8ccc9c(c8)C(=O)N(*)C9=O)cc7)CCC(C(C)(C)C)CC6)cc5)cc4C3=O)c(C)c2)cc1C,PI1012,4,67,0.1675708624534475,5.843645922838891e-09,3,6.933330463893464e-08
*c1ccc(Oc2ccc(S(=O)(=O)c3ccc(Oc4ccc(N5C(=O)c6ccc(C(=O)c7ccc8c(c7)C(=O)N(*)C8=O)cc6C5=O)cc4)cc3)cc2)cc1,PI963,3,53,0.8367988827013708,3.8401429814965455e-09,3,7.85246002012041e-08
*CC(*)c1ccc(C(C)C)cc1,PI120,1,11,0.2931085490150994,0.0,1,7.105746134857783e-08
*C(=O)c1ccc2c(c1)C(=O)N(c1ccc(Oc3c(C)cc(Cc4cc(C)c(Oc5ccc(N6C(=O)c7ccc(*)cc7C6=O)cc5)c(C)c4)cc3C)cc1)C2=O,PI999,3,55,0.6960200663621499,3.402844466466292e-09,3,7.659111912938515e-08
*CC(*)OC(=O)C(F)(F)F,PI278,2,9,-1.2003029549861832,4.620379357842882e-11,2,5.054668458181297e-08
*CC(*)c1cccc(CC)c1,PI114,1,10,0.4634168754957234,0.0,1,7.339650591640539e-08
*CC(*)OC(=O)CCl,PI372,1,7,-0.45797280434489446,0.0,1,6.07419776850522e-08
*C(=O)NCCNC(=O)c1ccc(N2C(=O)c3ccc(*)cc3C2=O)cc1,PI764,3,25,0.6165147106248331,6.577078378297088e-09,3,7.549917856315731e-08
*C=CC(C*)OC,PI303,3,6,-0.6225096924232014,3.5968489214564374e-09,3,5.8482199069292034e-08
*CC(*)OCC(CC)CCCC,PI306,1,11,-0.1309918223962197,0.0,1,6.523279211212593e-08
*C(OC(F)(F)F)C(*)(F)F,PI313,1,9,-2.220168178976583,0.0,1,3.6539675873625216e-08
*CC(*)CC(C)C,PI7,1,6,-0.1891843972931774,0.0,1,6.443356503372402e-08
*C([2H])([2H])C(*)([2H])c1c([2H])c([2H])c([2H])c([2H])c1[2H],PI240,2,8,-1.3558019003611632,1.258005708460616e-09,2,4.841103466381767e-08
*CC(*)c1c(C)cc(C)cc1C,PI210,1,11,-0.08978521178274465,0.0,1,6.579873096377098e-08
*CC(*)P(=O)(Oc1ccccc1)N(C)C,PI382,1,14,-0.7445114559954777,0.0,1,5.6806605349089624e-08
*c1cccc(P(=O)(c2ccc(C(F)(F)F)cc2)c2cccc(-n3c(=O)c4c(-c5cc(C(F)(F)F)cc(C(F)(F)F)c5)c5c(=O)n(*)c(=O)c5c(-c5cc(C(F)(F)F)cc(C(F)(F)F)c5)c4c3=O)c2)c1,PI1052,5,68,-1.5060822235493263,5.9794632450630624e-09,4,4.634705822256813e-08
*CC(*)C(=O)c1ccc(C)c(C)c1,PI328,1,12,-0.2468900553798967,0.0,1,6.364102535659901e-08
*c1ccc2c(c1)C(=O)N(c1ccc(Oc3ccc(N4C(=O)c5ccc(C(C)(C)CCCCCCCCC(*)(C)C)cc5C4=O)cc3)cc1)C2=O,PI989,4,49,0.7028101322077535,8.492279697378847e-10,3,7.668437509026242e-08
*CC(*)CCCCCCCCCCCCC,PI61,1,15,2.3751242150723746,0.0,1,9.965223140156877e-08
*CC(*)OCCCCCCCCCCCCCCCCCC,PI402,1,21,1.5979947905400893,0.0,1,8.897899893833976e-08
*CC(*)C(=O)OCC(F)(F)C(F)C(F)(F)F,PI435,1,15,-1.065825431066446,0.0,1,5.2393622593121234e-08
*CC(*)C(=O)OC(CC)CC,PI457,2,10,-0.08445066543818523,1.8225360479510384e-09,2,6.587199656332748e-08
*C=CCCCCCC*,PI57,1,8,-0.054339132733699023,0.0,1,6.62855536597822e-08
*c1ccc(Oc2ccc(C(C)(C)c3ccc(Oc4ccc(N5C(=O)C6CCC7C(=O)N(*)C(=O)C7C6C5=O)cc4)cc3)cc2)cc1,PI1068,5,45,0.7678516724174935,1.1744444062990483e-09,4,7.757766706520317e-08
*c1cccc(P(=O)(c2ccccc2)c2cccc(-n3c(=O)c4c(-c5cc(C(F)(F)F)cc(C(F)(F)F)c5)c5c(=O)n(*)c(=O)c5c(-c5cc(C(F)(F)F)cc(C(F)(F)F)c5)c4c3=O)c2)c1,PI1053,5,64,-1.3053137707324418,3.6413815830303457e-09,5,4.91044475332188e-08
*CC(*)C(=O)C1CCCCC1,PI300,1,10,-0.5333682527051078,0.0,1,5.970648331099443e-08
*CC(*)c1c(F)c(F)c(F)c(F)c1F,PI212,1,13,-1.9505957821796815,0.0,1,4.024203067561304e-08
*Cc1cc(*)c(O)cc1C,PI1138,1,9,-0.199760232951206,0.0,1,6.42883146431099e-08
*CC(*)C(=O)c1ccc(CC)cc1,PI325,1,12,0.3612723730855431,0.0,1,7.199363532027418e-08
*CC(*)c1cc(Br)ccc1OCCC,PI201,2,13,-1.5807950537266862,2.0580517307034993e-09,2,4.532093904692548e-08
*CC1CC(*)C(OC(=O)CCCCCCCCCCOc2ccc(-c3ccc(C#N)cc3)cc2)C1OC(=O)CCCCCCCCCCOc1ccc(-c2ccc(C#N)cc2)cc1,PI397,1,62,0.6329199005690634,0.0,1,7.572449033279411e-08
*c1ccc(-c2ccc(Oc3ccc(C4(C)CC(C)(C)c5ccc(Oc6ccc(-c7ccc(N8C(=O)c9ccc(Oc%10ccc%11c(c%10)C(=O)N(*)C%11=O)cc9C8=O)cc7)cc6C(F)(F)F)cc54)cc3)c(C(F)(F)F)c2)cc1,PI1101,2,75,0.4159636331880137,6.200126297577589e-09,2,7.274477472428261e-08
*c1ccc(Oc2ccc(C(c3ccc(Oc4ccc(N5C(=O)c6ccc(Oc7ccc(C8(c9ccc(Oc%10ccc%11c(c%10)C(=O)N(*)C%11=O)cc9)CCC(C(C)(C)C)CC8)cc7)cc6C5=O)cc4)cc3)(C(F)(F)F)C(F)(F)F)cc2)cc1,PI1013,4,81,0.0303332903404173,6.206761891885601e-09,2,6.74484596393606e-08
*CC(*)c1ccc(C(=O)CCC)cc1,PI168,2,13,-0.1587061735426458,4.89602723212382e-09,2,6.485215832962389e-08
*CC(*)c1ccc(C(=O)OC(C)C)cc1,PI163,2,14,0.44018814623857155,8.627815411202747e-09,2,7.307747845539244e-08
*CC(*)c1ccc2ccccc2c1,PI225,2,12,-1.041889388711549,2.0067093709829693e-10,2,5.27223644168622e-08
*CC(*)OCCOC,PI375,2,7,0.10653410463357404,0.0,1,6.8495015051064e-08
*c1ccc(Oc2ccc(Oc3ccc(N4C(=O)c5ccc(-c6ccc7c(c6)C(=O)N(*)C7=O)cc5C4=O)cc3)c(-c3ccccc3)c2)cc1,PI1036,1,48,2.623271739291338,0.0,1,1.030603332280538e-07
*CC(*)C(=O)c1ccc(C)cc1,PI330,1,11,-0.4510673148547543,0.0,1,6.083681889460363e-08
*CC(*)OC(=O)c1ccccc1OC,PI357,3,13,-0.6807666055853487,3.008045011436816e-09,3,5.7682088357818244e-08
*C(=O)Nc1cccc(C#Cc2cccc(N3C(=O)c4ccc(*)cc4C3=O)c2)c1,PI1018,4,28,1.1189426638253155,3.961018603230938e-09,4,8.239961261088434e-08
*CC(*)C(=O)OCC(F)(F)C(F)(F)C(F)(F)F,PI436,1,16,-2.0410681403636386,0.0,1,3.8999467365164384e-08
*CC(*)CCCCCCCC,PI12,1,10,0.7909175404986004,0.0,1,7.789445776212472e-08
*CC(*)C(=O)OCC,PI412,1,7,0.6064563020663274,0.0,1,7.536103460750967e-08
*CC(*)c1ccc(C(=O)OCCCCCC)cc1,PI166,1,17,-0.2532909482921044,0.0,1,6.355311436536953e-08
*CC(*)Cc1ccccc1,PI26,1,9,-0.6845594280267867,0.0,1,5.76299970660317e-08
*C(C)C(*)OC(C)(C)C,PI285,2,8,-0.36387600271374515,5.056772713135747e-09,2,6.203431974050847e-08
*CC(*)c1ccccc1C(=O)OC(C)C,PI101,2,14,-0.3966414171225745,4.063513429198487e-09,2,6.1584313765056e-08
*CC(*)(C(=O)OC)c1ccccc1,PI220,2,12,-0.9971307039739722,1.0486285202518113e-09,2,5.333708808047853e-08
*CC(*)C(C)=O,PI246,1,5,1.2320608459268871,0.0,1,8.395319765769244e-08
*c1ccc(Oc2ccc(Oc3ccc(N4C(=O)C5CCC6C(=O)N(*)C(=O)C6C5C4=O)cc3)cc2)cc1,PI1067,3,36,1.288890116025036,7.797712695894784e-10,2,8.473370086774426e-08
*CC(*)OC(=O)c1cccc(C)c1,PI361,1,12,-0.37129513825047505,0.0,1,6.193242402563784e-08
*CC(*)c1ccc(C(C)(O)CC)cc1,PI140,2,13,-0.19922279989630884,4.5619416432139246e-09,2,6.429569584339297e-08
*Oc1ccc(-c2ccc(OC(=O)CCCCCCCCCCCCC(*)=O)cc2)cc1,PI586,1,30,0.7923913380311973,0.0,1,7.791469915715182e-08
*CC(*)OC(=O)c1ccc(OC(C)=O)cc1,PI332,1,15,1.0718933689025834,0.0,1,8.175342930333094e-08
*C(=O)c1ccc2c(c1)C(=O)N(c1c(CC)cc(Cc3cc(CC)c(N4C(=O)c5ccc(*)cc5C4=O)c(CC)c3)cc1CC)C2=O,PI1070,5,45,0.21771288927887247,5.237016874709452e-09,5,7.002196407144464e-08
*C1CCC1*,PI72,2,4,0.31096285001394075,4.023302358721918e-09,2,7.130267546480279e-08
*CC(*)C(=O)OCCCCCCCCCCCCCCCC,PI424,2,21,1.4278722723548982,0.0,1,8.664250629438504e-08
*CC(*)C(C)c1ccccc1,PI28,2,10,-0.8427889515065865,1.7096778050202042e-09,2,5.5456844907158974e-08
*CC(*)C(C)CC,PI35,1,6,-0.4786659693048866,0.0,1,6.04577741109167e-08
*CC(*)c1ccccc1C(=O)OCCC(C)C,PI105,2,16,-0.5014529577526388,4.9862247710324895e-09,2,6.014481359602415e-08
*CC(*)C(=O)Oc1cccc(C(=O)OC)c1,PI467,3,15,-0.02906774955757708,3.125684843651403e-09,3,6.663263528967727e-08
*Oc1ccc(OC(=O)Oc2ccc(-c3ccc(OC(*)=O)cc3)cc2)cc1,PI815,1,26,2.0634053403442154,0.0,1,9.53710294445689e-08
*c1cccc(P(=O)(c2ccccc2)c2cccc(-n3c(=O)c4c(-c5ccccc5)c5c(=O)n(*)c(=O)c5c(-c5ccccc5)c4c3=O)c2)c1,PI1059,4,48,-0.4957519647407578,3.0774307168058934e-09,4,6.022311203868532e-08
*CC(*)P(=O)(OCC)N(C)C,PI381,3,10,-0.7913194223867722,4.65138703186457e-09,3,5.61637364901142e-08
*/C=C/CCCCCCCCCC*,PI55,1,12,1.737551597506533,0.0,1,9.0895696718089e-08
*CC(*)C(=O)c1ccc(Br)c(OC)c1,PI322,2,13,-1.4386754581877526,3.960910866154251e-09,2,4.7272834616547046e-08
*CC(*)c1cc(C)cc(C)c1,PI205,1,10,0.2191176166746736,0.0,1,7.004125684504136e-08
*CC(*)c1cc(C)c(C)cc1C,PI211,1,11,0.3715809075964631,0.0,1,7.213521454982978e-08
*c1ccc(Oc2ccc(Oc3ccc(N4C(=O)c5ccc(-c6cccc7c6C(=O)N(*)C7=O)cc5C4=O)cc3)cc2)cc1,PI1108,2,42,1.0139882738080919,2.6012802107299255e-09,2,8.095815052319615e-08
*CC(*)c1ccc(Cl)c(Cl)c1,PI208,1,10,-2.1743531033592243,0.0,1,3.716890819574297e-08
*CCC(C)C(*)C,PI51,2,6,0.20856184075713488,5.622230531688022e-09,2,6.989628195843808e-08
*CC(*)c1cc(C)ccc1C,PI192,1,10,-0.2803910677067718,0.0,1,6.318091654971213e-08
*CCC=C(*)C,PI522,1,5,-0.2833532399443021,0.0,1,6.314023355420425e-08
*CC(*)c1ccc(CCCC)cc1,PI121,2,12,0.317754408138365,1.8129782261539196e-09,2,7.139595192090036e-08
*CC(*)OC(=O)CCCCCCCCCCC,PI243,2,16,0.381619741279779,1.6811080949526895e-09,2,7.227308966069206e-08
*CC(*)CNc1ccc([N+](=O)[O-])cc1[N+](=O)[O-],PI396,1,16,-0.9812989439514378,0.0,1,5.355452426252023e-08
*CC(*)OCC(C)(C)C,PI276,1,8,-0.27501266953764075,0.0,1,6.325478441795491e-08
*c1ccc(S(*)(=O)=O)cc1,PI1137,1,9,-0.0055559733430721805,0.0,1,6.695555016748139e-08
*C(=O)c1ccc2c(c1)C(=O)N(c1c(C)cc(C(c3cc(C)c(N4C(=O)c5ccc(*)cc5C4=O)c(C)c3)c3cccc4ccccc34)cc1C)C2=O,PI1002,5,51,0.5393853711880303,3.357634640710048e-09,5,7.443987062350524e-08
*/C=C\CC*,PI47,1,4,0.5339959222919921,0.0,1,7.436585098263174e-08
*CC(*)OC(=O)CC(C)(C)c1ccccc1,PI363,1,15,-0.8666943806862524,0.0,1,5.5128523530161323e-08
*CC(*)c1ccc(C#N)cc1,PI134,2,10,-0.6304633393995708,9.106137586188494e-10,2,5.837296228011713e-08
*C=CCCCCCCCC*,PI53,2,10,1.4002590311399394,1.2075061038295076e-09,2,8.626326117349948e-08
*CC(*)(C)C(=O)OC,PI437,1,7,-0.2937746813936945,0.0,1,6.299710364085907e-08
*c1ccc(C(C)(C)c2ccc(C(C)(C)c3ccc(N4C(=O)c5ccc(Oc6ccc7c(c6)C(=O)N(*)C7=O)cc5C4=O)cc3)cc2)cc1,PI1084,4,47,0.962748393047998,6.634911780873573e-09,4,8.025441297128224e-08
*CC(*)c1ccc(F)cc1C,PI189,1,10,-1.1632281195723704,0.0,1,5.105587690475935e-08
*C(=O)Oc1ccc(OC(=O)c2ccc3c(c2)C(=O)N(c2ccc(C(=O)Nc4ccc(N5C(=O)c6ccc(*)cc6C5=O)cc4)cc2)C3=O)cc1,PI1095,2,49,2.6902610539249583,0.0,1,1.0398037628017132e-07
*c1cccc(P(=O)(c2cccc(-n3c(=O)c4c(-c5cc(C(F)(F)F)cc(C(F)(F)F)c5)c5c(=O)n(*)c(=O)c5c(-c5cc(C(F)(F)F)cc(C(F)(F)F)c5)c4c3=O)c2)c2cc(C(F)(F)F)cc(C(F)(F)F)c2)c1,PI1051,4,72,-1.7344519277049382,1.4350996316360887e-09,4,4.321058846210493e-08
*C1CCC(CC2CCC(N3C(=O)C4C5C=CC(C6C(=O)N(*)C(=O)C56)C4C3=O)C(C)C2)CC1C,PI1082,4,33,-0.11505298919345593,5.451499140129732e-09,4,6.545169885609347e-08
*CCC=C(*)CCC,PI77,1,7,-0.15255603380980898,0.0,1,6.493662543249985e-08
*c1ccc(S(=O)(=O)c2ccc(N3C(=O)c4ccc(C(=O)c5ccc6c(c5)C(=O)N(*)C6=O)cc4C3=O)cc2)cc1,PI976,5,39,1.0765226041039453,9.050828776951566e-09,5,8.181700803535596e-08
*CC(*)c1ccc(COCCOCCCC)cc1,PI154,1,17,-0.24719246882047938,0.0,1,6.363687195711438e-08
*CC(*)CNc1ccc([N+](=O)[O-])c(C(F)(F)F)c1,PI395,1,17,0.03129869336276752,0.0,1,6.746171865459407e-08
*CC(*)c1ccc(C(=O)CC)cc1,PI167,1,12,0.4600105792665962,0.0,1,7.334972324373285e-08
*CC(*)C(=O)OCC(C)(C)C,PI459,1,10,0.0651558895621583,0.0,1,6.792671935355324e-08
*CC(*)c1ccc(C(=O)CCCCC)cc1,PI170,1,15,-0.1392888679552754,0.0,1,6.511883902630229e-08
*CC(*)OC(=O)C(C)(C)CC(C)(C)C,PI367,1,13,-0.19852613664390847,0.0,1,6.430526393926829e-08
*CC(*)c1ccccc1C(=O)OCCN(C)C,PI108,2,16,-0.8229670656721152,5.8367035075206155e-09,2,5.5729082180246694e-08
*CC(*)c1ccc(COCCCC)cc1,PI150,2,14,0.008843913856614987,2.4677580126039912e-09,2,6.715332075584772e-08
*CC(*)C(=O)OCC(F)(F)C(F)(F)F,PI430,1,13,-1.797316424065864,0.0,1,4.234719639102514e-08
*Nc1ccc(*)cc1,PI1131,2,7,2.4939202047763316,3.105074775560352e-09,2,1.0128379645853827e-07
*CC(*)Cc1ccccc1C,PI295,1,10,-0.37503075986799667,0.0,1,6.188111834004696e-08
*CC(*)c1ccncc1,PI226,1,8,-0.8808905974261867,0.0,1,5.49335501877803e-08
*CC(*)C(=O)Oc1cccc(C(=O)OCC)c1,PI468,1,16,0.12690716216543085,0.0,1,6.877482221337176e-08
*CC(*)c1ccccc1COCCC(C)C,PI91,2,15,0.02712578330200755,3.122171686385585e-09,2,6.740440717246425e-08
*CC(*)c1ccccc1OC,PI110,1,10,-0.08277671594488635,0.0,1,6.589498688065388e-08
*CC(*)c1ccccc1COC(C)C,PI88,1,13,-0.22355667378886096,0.0,1,6.396149013120748e-08
*CCCC=C(*)c1ccc(OC)cc1,PI389,2,13,-0.4362926080293301,1.7739183975334154e-09,2,6.103973732176101e-08
*CC(*)O,PI241,1,3,1.2163555041728704,0.0,1,8.373749772642814e-08
*CC(*)(C)C,PI13,1,4,-0.1796409131557504,0.0,1,6.456463692663195e-08
*c1ccc(Oc2ccc(C(c3ccc(Oc4ccc(N5C(=O)c6ccc(Oc7ccc8c(c7)C(=O)N(*)C8=O)cc6C5=O)cc4)cc3)(C(F)(F)F)C(F)(F)F)cc2)cc1,PI961,4,58,0.14060806516318436,3.4348613771836306e-09,3,6.896299282953288e-08
*CC(*)c1cccc(C)c1,PI113,1,9,0.7697278186628964,0.0,1,7.760343438835433e-08
*Oc1ccc(OC(=O)c2ccc(-c3ccc(C(*)=O)cc3)cc2)cc1C,PI582,2,25,3.1316947417639036,0.0,1,1.1004310433893857e-07
*CC(*)c1ccc(-c2ccccc2)cc1,PI132,1,14,-0.20292050174971143,0.0,1,6.424491095452477e-08
*CC(*)c1ccc(OC)cc1,PI178,1,10,-0.6059425135933151,0.0,1,5.8709735622830313e-08
*Oc1ccc(S(=O)(=O)c2ccc(OC(=O)c3ccc(C(*)=O)cc3)cc2)cc1,PI583,1,27,0.14642709242931543,0.0,1,6.904291237544206e-08
*CC(*)C(=O)c1ccc(C(C)(C)C)cc1,PI323,1,14,-0.11689403026793152,0.0,1,6.54264136735461e-08
*c1ccc(Oc2cc(C(C)(C)C)ccc2Oc2ccc(N3C(=O)c4ccc(-c5ccc6c(c5)C(=O)N(*)C6=O)cc4C3=O)cc2)cc1,PI1037,3,46,1.7570493554149471,7.720834936381963e-09,3,9.116348236112202e-08
*CC1CC(*)C(OC(=O)CCCCCCCCCCOc2ccc(-c3ccc(C#N)cc3)cc2)C1,PI398,1,34,1.0436376422689986,0.0,1,8.13653601744864e-08
*CC(*)OC(=O)c1ccccc1Cl,PI337,1,12,-0.9607177776572239,0.0,1,5.3837189627243394e-08
*CC(*)CCc1ccc(C)cc1,PI282,1,11,0.5547068672152324,0.0,1,7.46502987499157e-08
*CC(*)OC(=O)c1cccc(Cl)c1,PI338,1,12,-1.2458737602111871,0.0,1,4.9920807112309444e-08
*CC(*)c1ccc(C(=O)N2CCOCC2)cc1,PI159,2,16,-0.18896704988823185,2.4637035889281544e-09,2,6.443655012128477e-08
*c1ccc2c(c1)C(=O)N(c1c(C(C)C)cc(Cc3cc(C(C)C)c(N4C(=O)c5ccc(C(*)(C(F)(F)F)C(F)(F)F)cc5C4=O)c(C(C)C)c3)cc1C(C)C)C2=O,PI973,5,56,-0.851572536420968,1.9426984166710996e-09,5,5.5336209604090726e-08
*CC(*)C(=O)OC(C(F)(F)F)C(F)(F)F,PI431,1,14,-1.457875568420558,0.0,1,4.7009136919142667e-08
*c1ccc2c(c1)C(=O)N(c1cc(N3C(=O)c4ccc(C(*)(C(F)(F)F)C(F)(F)F)cc4C3=O)ccc1C)C2=O,PI974,5,38,-0.7909132682659833,3.1904065570039588e-09,5,5.6169314682382096e-08
*CC(*)OC(=O)C(C)(C)C(C)C(C)C,PI366,3,13,-0.7216712977324611,3.5907846900412005e-09,3,5.7120296107594664e-08
*c1ccc(Sc2ccc(Oc3ccc(Sc4ccc(N5C(=O)c6ccc(Oc7ccc(C(C)(C)c8ccc(Oc9ccc%10c(c9)C(=O)N(*)C%10=O)cc8)cc7)cc6C5=O)cc4)cc3)cc2)cc1,PI1114,1,66,0.49242718612619696,0.0,1,7.379493863483692e-08
*CC(*)OC(=O)C(F)(F)C(F)(F)F,PI352,1,12,-1.6501542936829716,0.0,1,4.436834702279532e-08
*CC(*)OC(=O)c1ccc(OCC)cc1,PI343,2,14,0.07131108228173597,1.899760950796954e-09,2,6.801125585503955e-08
*CC1(*)CCC(C)CC1,PI44,2,8,-0.4317323092506607,2.09484153505235e-10,2,6.110236926880871e-08
*CC(*)c1ccc(C(C)=NO)cc1,PI138,2,12,0.5034645930655772,5.828991490592729e-09,2,7.394652832676779e-08
*C(F)(F)C(*)(F)OC(F)(F)C(F)(F)F,PI311,1,13,-1.763430972811737,0.0,1,4.28125851498852e-08
*CC(*)C(=O)OCCC#N,PI460,1,9,0.6205445853452062,0.0,1,7.555452557271639e-08
*CC(*)Cc1cccc(C)c1,PI294,1,10,-0.7350808380960939,0.0,1,5.693612711719484e-08
*CC(*)c1ccc(C)nc1,PI228,1,9,-0.13174368229783334,0.0,1,6.52224659357435e-08
*c1ccc(S(=O)(=O)c2ccc(N3C(=O)c4ccc(Oc5ccc6c(c5)C(=O)N(*)C6=O)cc4C3=O)cc2)cc1,PI987,4,38,1.1836167567231954,1.8530293727394632e-09,4,8.328785799969198e-08
*CC(*)(C)CC,PI14,2,5,0.008988083943875642,1.7910586800542042e-09,2,6.715530081323199e-08
*C(C)C(*)O,PI297,2,4,0.5002691872676568,5.880734176502112e-09,2,7.390264206044081e-08
*c1ccc2c(c1)C(=O)N(c1ccc(Oc3ccc4ccc(Oc5ccc(N6C(=O)c7ccc(C(*)(C(F)(F)F)C(F)(F)F)cc7C6=O)cc5)cc4c3)cc1)C2=O,PI1049,5,55,-0.48543774792160677,2.4991644183091474e-09,5,6.036476931006351e-08
*CC(*)CCN(C(C)C)C(C)C,PI264,2,11,0.21922568163461809,4.087263107881632e-09,2,7.004274102824458e-08
