smiles_list,monomer_ID,replicate_count,heavy_atom_count,Rg,Rg_std,Rg_count,Rg_raw
*CC(*)CCCCCCC,PI11,1,9,-0.7469301820712089,0.0,1,14.781743785000012
*C=CCC(C)(CC*)C(=O)OC,PI280,1,11,0.016203480745481683,0.0,1,18.348815185000003
*CC(*)c1ccc(CCCCCCCCC)cc1,PI126,1,17,-0.8752926990497532,0.0,1,14.181746320000013
*C(F)(F)C(*)(F)OC(F)(F)F,PI315,2,10,0.3636409050070153,0.82180345028637,2,19.972821777500005
*CCC1CC(OC(=O)CCCCCCCCCCOc2ccc(-c3ccc(C#N)cc3)cc2)CC1*,PI399,1,35,-0.9278525475265674,0.0,1,13.936068869999996
*CC(*)c1ccncc1,PI226,1,8,-0.4678827511272321,0.0,1,16.086078999999994
*C(=O)c1ccc2c(c1)C(=O)N(c1c(C(C)C)cc(Cc3cc(C(C)C)c(N4C(=O)c5ccc(*)cc5C4=O)c(C(C)C)c3)cc1C(C)C)C2=O,PI1071,5,49,0.8175923111208817,0.9723135714633377,5,22.094700495
*CC(*)O,PI241,1,3,0.9209149530561245,0.0,1,22.577655525
*C(=O)c1ccc2c(c1)C(=O)N(c1ccc(C(=O)Nc3ccc(N4C(=O)c5ccc(*)cc5C4=O)cc3)cc1)C2=O,PI991,5,39,2.6655231466314344,2.080229542105163,5,30.732376375
*CC(*)C(=O)OCCCCCCCC,PI421,1,13,-0.8531384009768782,0.0,1,14.285300870000004
*c1cccc(P(=O)(c2cccc(-n3c(=O)c4c(-c5cc(C(F)(F)F)cc(C(F)(F)F)c5)c5c(=O)n(*)c(=O)c5c(-c5cc(C(F)(F)F)cc(C(F)(F)F)c5)c4c3=O)c2)c2cc(C(F)(F)F)cc(C(F)(F)F)c2)c1,PI1051,4,72,0.4281457015175898,0.9005187993873833,4,20.274332804999993
*C(=O)c1ccc2c(c1)C(=O)N(c1ccc(Oc3c(C)cc(Cc4cc(C)c(Oc5ccc(N6C(=O)c7ccc(*)cc7C6=O)cc5)c(C)c4)cc3C)cc1)C2=O,PI999,3,55,1.2099066669959653,2.130948338516974,3,23.928472725
*C=CC(C)C(*)C(=O)OC,PI268,2,9,0.54880106508274,0.38365455857287206,2,20.83830517
*CC(*)c1ccc(CCCC)cc1,PI121,2,12,-0.7285247127047108,0.39695070103697006,2,14.867775402500001
*CC(*)OC(=O)c1ccncc1,PI354,2,11,-0.575686936831019,1.1352506245987029,2,15.582176149999999
*CC(*)c1ccccc1C(=O)N(C)C,PI95,1,13,-0.6609623797906857,0.0,1,15.183578095
*c1ccc(Oc2ccc(N3C(=O)c4cccc(Oc5cccc6c5C(=O)N(*)C6=O)c4C3=O)cc2)cc1,PI1060,5,36,0.5893500034935273,0.4720669972361483,5,21.027840720000007
*CC(*)C1CCCCC1,PI24,1,8,-0.6074716766378917,0.0,1,15.433606584999993
*CC(*)c1cc(C(C)(C)C)ccc1C,PI193,2,13,-0.6403772826786772,1.629644787264455,2,15.279797820000004
*CC(*)c1ccc(C(=O)CC)cc1,PI167,1,12,-1.0966418109106613,0.0,1,13.14710701
*CC(*)OC=O,PI270,1,5,0.07164653468519576,0.0,1,18.607969435
*CC(*)c1ccccc1COCCCCC,PI90,2,15,-0.8696477340189023,0.1565755349060809,2,14.208132252499999
*CC(*)c1ccc(CC)cc1,PI119,1,10,-0.6124179417476014,0.0,1,15.410486545
*C1CCC1*,PI72,2,4,2.3709539197741782,2.730247716986154,2,29.355488530000002
*Oc1ccc(C(C)(C)c2ccc(OC(*)=O)c(CC)c2)cc1CC,PI1118,2,23,0.09403008597292906,0.9780769303887328,2,18.712595570000005
*CC(*)CCCCCCCC,PI12,1,10,-0.91814774400262,0.0,1,13.98143147
*CC(*)N1CCCC1=O,PI408,1,8,-0.17192248695665927,0.0,1,17.469468890000012
*Cc1cc(*)c(O)cc1C,PI1138,1,9,0.10497456323002859,0.0,1,18.763752704999995
*CC(*)OC(=O)c1ccc(OC(C)=O)cc1,PI332,1,15,-0.3261274486827074,0.0,1,16.748677585000003
*CC(*)C(N)=O,PI455,1,5,-0.5120540009389055,0.0,1,15.879611889999996
*c1ccc(Oc2c(C)cc(-c3cc(C)c(Oc4ccc(N5C(=O)c6ccc(Oc7ccccc7Oc7ccc8c(c7)C(=O)N(*)C8=O)cc6C5=O)cc4C(F)(F)F)c(C)c3)cc2C)c(C(F)(F)F)c1,PI1075,5,68,1.3078886804125256,1.0138248127830112,5,24.386464365000005
*c1ccc(Oc2ccc(Oc3ccc(N4C(=O)c5ccc(Oc6ccc(C7(c8ccc(Oc9ccc%10c(c9)C(=O)N(*)C%10=O)cc8)CCCCCCCCCCC7)cc6)cc5C4=O)cc3)c(C(C)(C)C)c2)cc1,PI1044,1,72,0.47162786526642303,0.0,1,20.47757896000002
*CCC=C(*)CCCCCCC,PI68,2,11,-0.7713595276394268,0.22243185426120615,2,14.667555112500004
*CC(*)c1c(Cl)cccc1Cl,PI186,2,10,-0.0005741230678127717,0.25828210089222375,2,18.270392605000005
*CC(*)c1ccc(C(=O)N(CC)CC)cc1,PI156,1,15,-0.8990731410063058,0.0,1,14.070590779999998
*C(=O)Oc1ccc(OC(=O)c2ccc3c(c2)C(=O)N(C2CCC(N4C(=O)c5ccc(*)cc5C4=O)CC2)C3=O)cc1,PI1088,1,40,3.62507579668144,0.0,1,35.21755764999999
*CC(*)c1ccc(C(=O)CCN2CCCCC2)cc1,PI158,1,18,-0.8462523165239135,0.0,1,14.317488095000003
*c1cccc(P(=O)(c2ccccc2)c2cccc(-n3c(=O)c4cc5c(=O)n(*)c(=O)c5cc4c3=O)c2)c1,PI1011,5,36,0.5617563913819682,0.5494619773734757,5,20.898861500000013
*CC(*)c1ccc(C(C)=NO)cc1,PI138,2,12,-0.2623546794222403,0.9059461767924986,2,17.046766939999998
*C(=O)Oc1ccc(OC(=O)c2ccc3c(c2)C(=O)N(c2ccc(-c4ccc(N5C(=O)c6ccc(*)cc6C5=O)cc4C(F)(F)F)c(C(F)(F)F)c2)C3=O)cc1,PI1089,2,54,3.3531625519160047,0.28990568744937756,2,33.9465693475
*CC(*)C(=O)c1ccc(C)cc1,PI330,1,11,-0.6758085709714193,0.0,1,15.114183405000002
*CC(*)CCN(C(C)C)C(C)C,PI264,2,11,-0.9710355622353595,0.15974946501071252,2,13.734221009999995
*CC(*)C(=O)C(C)C,PI247,1,7,-0.5122547682515162,0.0,1,15.878673454999992
*c1ccc2c(c1)C(=O)N(c1c(C(C)C)cc(Cc3cc(C(C)C)c(N4C(=O)c5ccc(C(*)(C(F)(F)F)C(F)(F)F)cc5C4=O)c(C(C)C)c3)cc1C(C)C)C2=O,PI973,5,56,0.6430519590814914,0.9995432955858408,5,21.278856654999995
*c1cc(C(c2ccc(O)c(-n3c(=O)c4cc5c(=O)n(*)c(=O)c5cc4c3=O)c2)(C(F)(F)F)C(F)(F)F)ccc1O,PI979,4,39,0.6263278249005511,2.1057688117113003,4,21.200684004999985
*CC(*)c1ccc(Br)cc1,PI136,1,9,0.036237592261700965,0.0,1,18.442459470000024
*CC(*)C(=O)Oc1cccc(N(C)C)c1,PI475,2,14,-0.9478374387625336,0.23379992512953354,2,13.842654652500002
*CC(*)C(=O)c1ccccc1O,PI302,1,11,-0.41014406293169325,0.0,1,16.355963600000003
*CC(*)c1ccccc1,PI82,1,8,-0.5970352881815437,0.0,1,15.482388789999998
*c1ccc(Oc2ccc(C3(c4ccc(Oc5ccc(N6C(=O)c7ccc(Oc8ccc(C9(c%10ccc(Oc%11ccc%12c(c%11)C(=O)N(*)C%12=O)cc%10)CCCCCCCCCCC9)cc8)cc7C6=O)cc5)cc4)C4CC5CC(C4)CC3C5)cc2)cc1,PI1048,5,84,0.7620153156772351,1.465334060487089,5,21.83492017
*CC(*)OC(=O)C(C)(C)CC(C)(C)C,PI367,1,13,-0.9170047126774353,0.0,1,13.986774275000007
*c1ccc(Oc2ccc(C(C)(C)c3ccc(Oc4ccc(N5C(=O)c6ccc(C(c7ccc8c(c7)C(=O)N(*)C8=O)(C(F)(F)F)C(F)(F)F)cc6C5=O)cc4)cc3)cc2)cc1,PI982,1,60,1.179356692104926,0.0,1,23.785674750000016
*CC(*)C(=O)NC(C)C,PI456,1,8,-0.09124314965659303,0.0,1,17.846583634999995
*CC(*)c1ccc(CCCCCCCCCC)cc1,PI127,2,18,-0.9203854897277692,0.07978524814218577,2,13.970971705
*CC(*)c1cc(Br)ccc1OC,PI200,1,11,-1.081822747123129,0.0,1,13.216374899999996
*CC(*)CCCCCCCCCCCCCCCC,PI33,2,18,-1.036759653238887,0.41004775758684475,2,13.427010704999999
*CC(*)(C)CC,PI14,2,5,-0.07039098464214756,1.3209108367376645,2,17.9440517
*/C=C/CCC*,PI58,1,5,0.6265776622016629,0.0,1,21.201851805
*CC(*)CC1CCCCC1,PI25,1,9,-0.8446068358150493,0.0,1,14.325179469999997
*CC(*)c1ccccc1C(=O)OCCCCCC,PI106,1,17,-1.2743491737886323,0.0,1,12.316459795000002
*CC(*)OC(=O)c1ccc(OC(=O)CCC)cc1,PI336,1,17,-0.6879161074000331,0.0,1,15.057589850000005
*c1ccc2c(c1)C(=O)N(c1ccc(Oc3ccc(N4C(=O)c5ccc(C(C)(C)CCCCCCCCC(*)(C)C)cc5C4=O)cc3)cc1)C2=O,PI989,4,49,1.0778793862785887,0.5512559751723125,4,23.311345267500002
*c1ccc(Oc2ccc3ccc(Oc4ccc(-n5c(=O)c6cc7c(=O)n(*)c(=O)c7cc6c5=O)cc4)cc3c2)cc1,PI1050,5,40,1.8227595455456262,1.9057627967935475,5,26.79309537500001
*c1ccc2c(c1)C(=O)N(c1ccc3c(c1)-c1cc(N4C(=O)c5ccc(C(*)(C(F)(F)F)C(F)(F)F)cc5C4=O)ccc1C3)C2=O,PI959,5,44,0.33118631808565746,1.2923784991939187,5,19.821121185000003
*CC(*)OC(=O)CC1CCCCC1,PI341,2,12,-1.192362463543079,1.6474010269641075,2,12.699685517500004
*CC(*)(C)C(=O)OCCCCCCCCCCCC,PI447,2,18,-1.0377569983750576,0.09321849154011452,2,13.422348872499999
*c1ccc2c(c1)C(=O)N(c1ccc(Oc3c(C)cc(Cc4cc(C)c(Oc5ccc(N6C(=O)c7ccc(C(*)(C(F)(F)F)C(F)(F)F)cc7C6=O)cc5)c(C)c4)cc3C)cc1)C2=O,PI1000,5,62,1.535862231093521,2.078697080899834,5,25.452067905
*c1ccc(Oc2ccc(Oc3ccc(N4C(=O)c5ccc(Oc6ccc(C7(c8ccc(Oc9ccc%10c(c9)C(=O)N(*)C%10=O)cc8)CCC(c8ccccc8)CC7)cc6)cc5C4=O)cc3)c(C(C)(C)C)c2)cc1,PI1025,2,72,0.8619981283780662,0.5867422234359042,2,22.30226403
*CC(*)c1cccc2ccccc12,PI217,2,12,-0.7904564989685204,0.7325713262582031,2,14.578291247499997
*CC(*)C(=O)Oc1ccc(OC)cc1,PI464,1,13,-0.8960534610084331,0.0,1,14.084705494999998
*c1ccc(Oc2ccc(S(=O)(=O)c3ccc(Oc4ccc(N5C(=O)c6ccc(C(=O)c7ccc8c(c7)C(=O)N(*)C8=O)cc6C5=O)cc4)cc3)cc2)cc1,PI963,3,53,1.3947720439802103,1.2762237283828295,3,24.79257823
*c1ccc(S(=O)(=O)c2ccc(N3C(=O)c4ccc(C(c5ccc6c(c5)C(=O)N(*)C6=O)(C(F)(F)F)C(F)(F)F)cc4C3=O)cc2)cc1,PI975,5,46,1.2560763039360874,0.8097277147604516,5,24.144280779999995
*CC(*)c1cc(C)ccc1F,PI197,2,10,-0.17959917928123859,0.8642005546525419,2,17.433586172499993
*CC(*)OC(C)C,PI274,1,6,-0.1376171063569948,0.0,1,17.629820539999983
*C(CC)C(*)CC,PI62,1,6,0.0996725998041948,0.0,1,18.738970045
*CC(*)C=O,PI242,1,4,0.26838250807533054,0.0,1,19.52756098
*CC(*)CCC,PI4,2,5,-0.6841262511856703,0.248021649157029,2,15.075304555000002
*CC(*)N1CCNC1,PI400,3,7,-0.6043872225009039,0.22134642204699045,3,15.44802407
*CC(*)c1ccc(C(C)=O)cc1,PI218,1,11,-0.43922620944857454,0.0,1,16.22002661
*C(F)C(*)(F)OC(F)(F)F,PI314,1,9,0.7561837947289751,0.0,1,21.80766223
*CC(*)OC(=O)c1ccc(Br)cc1,PI335,1,12,-0.13989028135620402,0.0,1,17.619195169999994
*CC(*)CCc1ccccc1C,PI281,1,11,-0.7894349488381284,0.0,1,14.583066220000015
*/C=C\CCCC*,PI60,2,6,-0.015328793526641314,0.4404893974815739,2,18.201425705000005
*C(F)(F)C(*)(F)c1ccccc1,PI215,1,11,0.9560108885776418,0.0,1,22.741702419999992
*Oc1ccc(OC(=O)Oc2ccc(-c3ccc(OC(*)=O)cc3)cc2)cc1,PI815,1,26,3.2265794694517163,0.0,1,33.35488939
*CC(*)c1c(C)cc(C)cc1C,PI210,1,11,-0.9919626538372163,0.0,1,13.636402719999998
*CC(*)C(=O)Oc1ccc(C#N)cc1,PI476,2,13,-0.2975011108319076,0.32788194961298356,2,16.882484015000003
*CC(*)CCCCCCCCCCCCCC,PI56,1,16,-1.118997759861873,0.0,1,13.042609894999998
*CC(*)C(=O)Oc1ccc(-c2ccccc2)cc1,PI472,1,17,-0.5843290461201464,0.0,1,15.541780839999992
*C1Cc2ccccc2C1*,PI386,1,9,-0.41449913378697417,0.0,1,16.335606945000002
*CC(*)c1ccccc1C(=O)OCCCCC,PI104,1,16,-0.7360801650500722,0.0,1,14.832459390000006
*CC(*)c1ccc(C(C)(C)C)cc1,PI122,1,12,-0.947051400615836,0.0,1,13.846328784999995
*CC1(*)CCC(C)CC1,PI44,2,8,-0.6093554574830634,0.9533523867057239,2,15.424801337499996
*c1ccc(Oc2ccccc2Oc2ccc(N3C(=O)c4ccc(Oc5ccccc5Oc5ccc6c(c5)C(=O)N(*)C6=O)cc4C3=O)cc2C(F)(F)F)c(C(F)(F)F)c1,PI1073,5,58,0.34969907918043863,1.9159362775093238,5,19.907654310000005
*c1ccc(Oc2ccc(N3C(=O)c4ccc(Oc5ccc(C6(c7ccc(Oc8ccc9c(c8)C(=O)N(*)C9=O)cc7)CCC(c7ccccc7)CC6)cc5)cc4C3=O)cc2)cc1,PI1028,2,61,0.5526778434124067,4.043626204803235,2,20.85642616999999
*CC(*)c1ccc(C(=O)OCC)cc1,PI161,1,13,-0.45106313301493123,0.0,1,16.164697965
*c1ccc(Oc2c(C)cc(Cc3cc(C)c(Oc4ccc(-n5c(=O)c6cc7c(=O)n(*)c(=O)c7cc6c5=O)cc4)c(C)c3)cc2C)cc1,PI997,1,47,0.6649917924336392,0.0,1,21.381408745
*/C=C\CC*,PI47,1,4,0.3195625820275902,0.0,1,19.766789029999995
*CC(*)CCC1CCCCC1,PI42,1,10,-0.8545336411106933,0.0,1,14.278779179999992
*CC(*)O[N+](=O)[O-],PI267,1,6,0.27209513144598363,0.0,1,19.54491468000001
*CC(*)c1ccc(COC(C)CC)cc1,PI152,1,14,-0.8543733038829957,0.0,1,14.279528635000004
*CC(*)c1ccc(C(=O)CCCCC)cc1,PI170,1,15,-0.6669353482727705,0.0,1,15.155658995
*C(=O)Oc1ccc(C(C)(C)c2ccc(OC(=O)c3ccc4c(c3)C(=O)N(c3ccc(-c5ccc(N6C(=O)c7ccc(*)cc7C6=O)cc5)cc3)C4=O)cc2)cc1,PI958,2,55,2.3774432848211857,0.2520917239697271,2,29.385821392500002
*CCC=C(*)C,PI522,1,5,-0.3927855221421021,0.0,1,16.43710161999999
*CC(*)c1ccccc1COC,PI85,2,11,-0.600282386872217,1.0946666551565523,2,15.467211064999994
*CC(*)c1ccc(S(=O)(=O)OCCC)cc1,PI185,2,15,-1.0542033490123381,1.6443217431021295,2,13.345474649999993
*CC1CC(*)C(OC(=O)CCCCCCCCCCOc2ccc(-c3ccc(C#N)cc3)cc2)C1OC(=O)CCCCCCCCCCOc1ccc(-c2ccc(C#N)cc2)cc1,PI397,1,62,-0.7184431619971426,0.0,1,14.914899010000008
*c1ccc(Oc2ccc(C3(c4ccc(Oc5ccc(N6C(=O)c7ccc(Oc8ccc(C9(c%10ccc(Oc%11ccc%12c(c%11)C(=O)N(*)C%12=O)cc%10)CCCCCCCCCCC9)cc8)cc7C6=O)cc5)cc4)CCC(C(C)(C)C)CC3)cc2)cc1,PI1047,3,84,0.43112863331096796,1.7109706504176074,3,20.288275750000004
*C(F)(F)C(*)(F)OC(F)(F)C(F)(F)F,PI311,1,13,0.36764954268482525,0.0,1,19.99155912000001
*CC(*)OC(=O)C1CCCCC1,PI340,1,11,-0.6804029212661822,0.0,1,15.092708299999993
*CC(*)Cc1ccc(C)c(C)c1,PI292,2,11,-0.7111686589493914,0.8065320368488208,2,14.9489017975
*CC(*)c1ccc(C(C)C)cc1C(C)C,PI188,2,14,-1.2347707184044723,0.7463709534992654,2,12.501459072499998
*/C=C/C(C*)OC,PI279,3,6,0.08867207495662902,0.6502069590032681,3,18.68755093
*CC(*)c1ccccc1COC(C)C,PI88,1,13,-0.842458852237893,0.0,1,14.335219664999997
*CC(*)c1cc(C)cc(C)c1,PI205,1,10,-0.5111166446739674,0.0,1,15.883993319999991
*c1ccc(Oc2ccc(C3(c4ccc(Oc5ccc(N6C(=O)c7ccc(Oc8ccccc8Oc8ccc9c(c8)C(=O)N(*)C9=O)cc7C6=O)cc5C(F)(F)F)cc4)c4ccccc4-c4ccccc43)cc2)c(C(F)(F)F)c1,PI1078,5,77,0.7459771622428024,0.7024489989348444,5,21.75995396000001
*CC(*)c1ccccc1C(=O)OCCCC,PI102,1,15,-1.0310166364806406,0.0,1,13.453854954999992
*CC(*)c1ccc(C(C)CC)cc1,PI123,1,12,-1.3373945502402802,0.0,1,12.021770449999996
*c1ccc2c(c1)C(=O)N(c1ccc(Oc3c(C)cc(C(c4cc(C)c(Oc5ccc(N6C(=O)c7ccc(C(*)(C(F)(F)F)C(F)(F)F)cc7C6=O)cc5)c(C)c4)c4cccc5ccccc45)cc3C)cc1)C2=O,PI1006,5,72,0.7956154300504312,0.6105352987002991,5,21.99197523499999
*c1cc(C(c2ccc(O)c(N3C(=O)c4ccc(Oc5ccc6c(c5)C(=O)N(*)C6=O)cc4C3=O)c2)(C(F)(F)F)C(F)(F)F)ccc1O,PI1083,5,46,0.45200422672312107,1.005238782604382,5,20.385853325000003
*CCO*,PI524,1,3,0.8507422155967722,0.0,1,22.249651170000018
*c1ccc(Oc2c(C)cc(C(c3cc(C)c(Oc4ccc(N5C(=O)c6ccc(-c7ccc8c(c7)C(=O)N(*)C8=O)cc6C5=O)cc4)c(C)c3)c3cccc4ccccc34)cc2C)cc1,PI1005,5,63,1.485068889366357,0.8337249403287118,5,25.214647535
*CC(*)(C(=O)OC)c1ccccc1,PI220,2,12,-0.8751242177207936,0.3062952205557497,2,14.1825338425
*c1ccc2c(c1)C(=O)N(c1c(C)cc(Cc3cc(C)c(N4C(=O)c5ccc(C(*)(C(F)(F)F)C(F)(F)F)cc5C4=O)c(C)c3)cc1C)C2=O,PI971,5,48,0.6526820916744526,1.0707081362631274,5,21.323870225
*c1ccc(Oc2ccc(Oc3ccc(N4C(=O)c5ccc(-c6cccc7c6C(=O)N(*)C7=O)cc5C4=O)cc3)cc2)cc1,PI1108,2,42,1.152404514479516,1.864273883483289,2,23.659693750000002
*C=CCCCCCCCCCC*,PI78,2,12,1.0294562122827908,1.1897210327814136,2,23.085003635000003
*CC(*)c1cc(Br)ccc1OCCC,PI201,2,13,-0.510260043214179,0.03927187977663748,2,15.887997282499997
*CC(*)C1CCC(C)CC1,PI66,1,9,-0.7557307598358264,0.0,1,14.740607755000005
*C(F)(F)C(*)(F)F,PI513,1,6,1.83156489841605,0.0,1,26.834253725000018
*CCCC(*)(C)C,PI17,1,6,0.015521746676857026,0.0,1,18.345628595
*c1cccc(Oc2cccc(Oc3cccc(N4C(=O)c5ccc(-c6cccc7c6C(=O)N(*)C7=O)cc5C4=O)c3)c2)c1,PI1110,1,42,0.7723741300580707,0.0,1,21.883339775
*CC(*)C(=O)c1ccc(C(C)C)cc1,PI326,2,13,-0.7328851095572586,0.41515580858579704,2,14.847393852500012
*c1ccc(Oc2ccc(Oc3ccc(N4C(=O)c5ccc(Oc6ccccc6Oc6ccc7c(c6)C(=O)N(*)C7=O)cc5C4=O)cc3C(F)(F)F)cc2)c(C(F)(F)F)c1,PI1072,5,58,1.3162862398888897,1.8654198093531151,5,24.425716589999983
*CC(*)OC1CCCCC1,PI308,2,9,-0.925157181076815,1.1238467104876269,2,13.948667665000002
*C(C)C(*)OCCC,PI289,1,7,-0.25358077015288644,0.0,1,17.08777831500001
*CC(*)C(=O)c1ccc(C(C)(C)C)cc1,PI323,1,14,-1.0281725539388298,0.0,1,13.467148884999997
*CC(*)OCC(CC)CCCC,PI306,1,11,-0.7101374077807956,0.0,1,14.953722115
*CC(*)CCCCCCCCCCCCCCCCCCCC,PI54,3,22,-0.8816102357010285,0.25481620331119026,3,14.152216625000005
*CC(*)C(=O)c1ccc(C)c(C)c1,PI328,1,12,-0.6080983836023732,0.0,1,15.430677204999991
*CC(*)c1ccc(OC)cc1,PI178,1,10,-0.3137992593642107,0.0,1,16.806302525000007
*CC(*)C(=O)OCCCCCCC,PI420,1,12,-0.5370590393175997,0.0,1,15.762732290000006
*CC(*)C(=O)N1CCCCC1,PI461,1,10,-0.8358355611974884,0.0,1,14.366178530000004
*CCCC=C(*)c1ccc(OC)cc1,PI389,2,13,-0.44952891045287846,0.13331008131731753,2,16.1718692925
*CC(*)C(=O)OC,PI411,1,6,-0.09128022304750588,0.0,1,17.846410345
*CCCCCCCCCCCCSC(=O)S*,PI1125,1,16,1.5319671524703629,0.0,1,25.433861365
*CC(*)c1ccc(C(=O)CCC)cc1,PI168,2,13,-0.7761475093303929,0.20027969080194996,2,14.6451749275
*CC(*)CC1CCCC1,PI23,1,8,-0.605287738567822,0.0,1,15.443814839999993
*CC(*)C(C)CC,PI35,1,6,-0.5990860816683397,0.0,1,15.472802885000007
*CC(*)CCCCCCCCCC,PI31,1,12,-0.9161986044315683,0.0,1,13.99054222
*CC(*)c1ccc(COCCOCCCC)cc1,PI154,1,17,-0.8945046376832304,0.0,1,14.091945069999994
*CC(*)C(C)=O,PI246,1,5,-0.34723998853573756,0.0,1,16.649992465000004
*CC(*)c1ccccc1C,PI83,1,9,0.09310612867199484,0.0,1,18.70827676999999
*CC(*)c1ccc(COCCCCCC)cc1,PI153,1,16,-1.0011864627931533,0.0,1,13.593288404999992
*CCCCCCN1C(=O)c2ccc(C(c3ccc4c(c3)C(=O)N(*)C4=O)(C(F)(F)F)C(F)(F)F)cc2C1=O,PI970,4,37,0.6986486315124392,1.4952687294323395,4,21.538728955
*C#C/C(COS(=O)(=O)c1ccc(C)cc1)=C(/*)COS(=O)(=O)c1ccc(C)cc1,PI269,1,28,0.4643829001631537,0.0,1,20.44371424000001
*CC(*)(C)C(=O)OC,PI437,1,7,-0.322168316892953,0.0,1,16.767183525
*CC(*)OC(=O)c1ccc(OC)cc1,PI359,2,13,-0.8214349652620835,1.2710056372135214,2,14.433490400000002
*Oc1ccc(S(=O)(=O)c2ccc(Oc3ccc(-c4ccc(*)cc4)cc3)cc2)cc1,PI545,1,29,0.8946595162106691,0.0,1,22.45493126000001
*CC(*)c1cccc(C)c1,PI113,1,9,-0.4649075852989411,0.0,1,16.09998564500001
*c1ccc(Oc2ccc(Oc3ccc(N4C(=O)C5CCC6C(=O)N(*)C(=O)C6C5C4=O)cc3)cc2)cc1,PI1067,3,36,1.9017389901056814,3.0770193947917517,3,27.162264410000017
*c1ccc(Oc2ccc(Oc3ccc(N4C(=O)c5ccc(Oc6ccc(C7(c8ccc(Oc9ccc%10c(c9)C(=O)N(*)C%10=O)cc8)CCC(C(C)(C)C)CC7)cc6)cc5C4=O)cc3)c(C(C)(C)C)c2)cc1,PI1014,5,70,0.7775919547076059,1.6571587743718819,5,21.907729150000016
*c1ccc(Oc2c(C)cc(C(c3cc(C)c(Oc4ccc(-n5c(=O)c6cc7c(=O)n(*)c(=O)c7cc6c5=O)cc4)c(C)c3)c3cccc4ccccc34)cc2C)cc1,PI1004,5,57,1.5668893667758657,2.459852889078857,5,25.59709624499998
*c1ccc(S(*)(=O)=O)cc1,PI1137,1,9,1.1760173185593688,0.0,1,23.770065709999987
*c1ccc(S(=O)(=O)c2ccc(N3C(=O)c4ccc(Oc5ccc6c(c5)C(=O)N(*)C6=O)cc4C3=O)cc2)cc1,PI987,4,38,1.3295767777599754,1.1311756564376187,4,24.487839779999995
*CC(*)c1ccc(COCC(CC)CCCC)cc1,PI235,2,18,-0.9821399263797538,0.5511172150634368,2,13.682316525000008
*C(F)(F)C(*)(F)c1c(F)c(F)c(F)c(F)c1F,PI216,2,16,0.4132553539792989,1.6379976098609066,2,20.204731717499996
*CC(*)OC(=O)CCCC(=O)c1ccccc1,PI333,1,16,-1.0864645489621463,0.0,1,13.19467799500001
*CC(*)CNc1ccc([N+](=O)[O-])c(C(F)(F)F)c1,PI395,1,17,-0.6215818800332908,0.0,1,15.367652079999994
*CC(*)CCCCCCCCCCCCC,PI61,1,15,-1.1237709316648679,0.0,1,13.020298935000008
*CC(*)c1ccc(COCCO)cc1,PI148,1,13,-0.4986196750475469,0.0,1,15.942407180000007
*c1cccc(P(=O)(c2ccccc2)c2cccc(-n3c(=O)c4c(-c5ccccc5)c5c(=O)n(*)c(=O)c5c(-c5ccccc5)c4c3=O)c2)c1,PI1059,4,48,0.14003601829443144,1.6313164694911948,4,18.92763842999999
*CC/C=C(\*)C(C)(C)C,PI81,1,8,-0.3041930408091997,0.0,1,16.85120431500001
*CC(*)c1ccc(COCCC)cc1,PI149,1,13,-1.5224372650697329,0.0,1,11.156836025
*C=CCCCCCCCC*,PI53,2,10,0.5928301651076847,1.4459247170340264,2,21.0441078375
*c1ccc(Oc2ccc(S(=O)(=O)c3ccc(Oc4ccc(-n5c(=O)c6cc7c(=O)n(*)c(=O)c7cc6c5=O)cc4)cc3)cc2)cc1,PI966,5,45,1.5524482102531059,0.6507397493482151,5,25.529594785
*CC(*)C(=O)c1ccc(Br)c(OC)c1,PI322,2,13,-0.5191842923682883,0.6094110309292997,2,15.846283182500002
*CC(*)c1cc(C)c(C)cc1C,PI211,1,11,-0.624463695966075,0.0,1,15.354181775000006
*C(F)(F)C(*)(F)OC(F)(F)C(F)(F)C(F)(F)C(F)(F)F,PI310,1,19,0.12283791314421343,0.0,1,18.847250325
*CCCCCCOC(=O)CCCCCNC(=O)CCCCC(=O)NCCCCCC(=O)O*,PI598,1,32,0.5319706537765307,0.0,1,20.759635754999977
*CC(*)Cc1cccc(C)c1,PI294,1,10,-0.6168835107334152,0.0,1,15.389613394999998
*c1cccc(P(=O)(c2ccccc2)c2cccc(-n3c(=O)c4c(-c5ccc(C(F)(F)F)cc5)c5c(=O)n(*)c(=O)c5c(-c5ccc(C(F)(F)F)cc5)c4c3=O)c2)c1,PI1056,5,56,0.11451347782396966,1.6603294739275134,5,18.808339900000018
*C(=O)c1ccc2c(c1)C(=O)N(c1c(C)cc(C(c3cc(C)c(N4C(=O)c5ccc(*)cc5C4=O)c(C)c3)c3cccc4ccccc34)cc1C)C2=O,PI1002,5,51,0.7598130377350661,0.5019992357752944,5,21.82462619
*CC(*)CNc1ccc([N+](=O)[O-])cc1C,PI394,1,14,-0.5899747840035859,0.0,1,15.515391294999995
*CC(*)SC,PI317,2,4,-0.08629386694529433,0.20152740546607806,2,17.869717780000002
*CC(CCl)O*,PI526,1,5,-0.168101657805778,0.0,1,17.487328370000004
*CC(*)C(=O)OCCC#N,PI460,1,9,-0.25494244120730564,0.0,1,17.081413535000003
*CC(*)c1ccc(COC)cc1,PI147,2,11,-0.7060168423288788,0.5818198056446955,2,14.972982635000008
*CC(*)C(=O)OC(F)(C(F)(F)F)C(F)(F)F,PI432,1,15,-0.5886451769716874,0.0,1,15.521606200000017
*CC(*)c1ccc(C(=O)OCC(C)C)cc1,PI165,1,15,-0.7178872237266473,0.0,1,14.917497599999995
*CC(*)(C)C(=O)Oc1ccccc1,PI449,1,12,-0.6980761408866029,0.0,1,15.010099395
*CCCC=C(*)c1ccccc1,PI390,1,11,-0.42526702840153446,0.0,1,16.285275199999994
*CC(*)c1ccc2ccccc2c1,PI225,2,12,-0.8338561611048974,0.16694327241766266,2,14.375430724999998
*CC(*)OC(=O)C(C)(C)C(C)C(C)C,PI366,3,13,-0.9372159641458094,0.43438389636385516,3,13.892301995000006
*CC(*)c1ccc(C(=O)CCCC)cc1,PI169,3,14,-0.9310576982391461,0.9967785569466784,3,13.921087220000008
*CC(*)c1ccc(COCCCC)cc1,PI150,2,14,-0.7744040640740457,0.4441627641768354,2,14.653324212499992
*CC(*)c1ccc(C(=O)N2CCCCC2)cc1,PI157,2,16,-0.981095022730109,0.9458729152302519,2,13.687200657500004
*CC(*)P(=O)(OCC)N(C)C,PI381,3,10,-0.8206109728329745,1.9089251591233851,3,14.43734194000001
*CC(*)c1ccc(-c2ccccc2)cc1,PI132,1,14,-1.2851910408251959,0.0,1,12.265782285000004
*CC(*)c1ccc(C(=O)N2CCOCC2)cc1,PI159,2,16,-0.5728905010522873,0.06184735978151731,2,15.5952473675
*c1cccc(N2C(=O)c3ccc(-c4cccc5c4C(=O)N(*)C5=O)cc3C2=O)c1,PI1103,1,28,0.7283206362382395,0.0,1,21.67742308499999
*CC(*)CCCC(C)(C)C,PI41,1,9,-0.9187854046148273,0.0,1,13.97845089000001
*c1ccc(Sc2ccc3c(c2)Sc2ccc(Sc4ccc(-n5c(=O)c6cc7c(=O)n(*)c(=O)c7cc6c5=O)cc4)cc2S3)cc1,PI1086,2,44,1.793908454674886,2.257697999050635,2,26.658238394999984
*c1ccc(Oc2c(C)cc(C(C)(C)c3cc(C)c(Oc4ccc(N5C(=O)c6ccc(Oc7ccc(C8(c9ccc(Oc%10ccc%11c(c%10)C(=O)N(*)C%11=O)cc9)CCC(c9ccccc9)CC8)cc7)cc6C5=O)cc4)c(C)c3)cc2C)cc1,PI1023,5,81,0.8412848040576475,2.9913876618809327,5,22.205444939999985
*CC(*)C(=O)OCCc1ccccc1,PI474,1,13,-0.7316214356759347,0.0,1,14.85330057000001
*CC(*)OC(=O)CCl,PI372,1,7,-0.3843713995523119,0.0,1,16.476431264999995
*c1ccc(-c2ccc(N3C(=O)c4ccc(-c5cccc6c5C(=O)N(*)C6=O)cc4C3=O)c(C)c2)cc1C,PI1104,2,36,1.1898201405638653,0.6058083678411172,2,23.834583440000003
*CCC=C(*)C(C)C,PI69,1,7,-0.2958152107350501,0.0,1,16.890364319999996
*C=CCCCCCC*,PI57,1,8,0.5135172498997695,0.0,1,20.67338008000002
*C(=O)c1ccc2c(c1)C(=O)N(c1c(C)cc(Cc3cc(C)c(N4C(=O)c5ccc(*)cc5C4=O)c(C)c3)cc1C)C2=O,PI1069,5,41,1.533096240358225,0.7023038817473495,5,25.439138994999983
*CC(C)C(*)(C)C,PI16,2,6,-0.2940895715744108,0.1142500427791603,2,16.898430375000004
*CC(*)C(=O)Oc1ccc(C(=O)OCC)cc1,PI470,1,16,-1.0267090663754548,0.0,1,13.473989580000008
*c1ccc(-c2ccc(N3C(=O)c4ccc(-c5cccc6c5C(=O)N(*)C6=O)cc4C3=O)cc2C(F)(F)F)c(C(F)(F)F)c1,PI1106,1,42,1.1303653944403789,0.0,1,23.556677570000016
*CC(*)OC(=O)c1ccccc1Cl,PI337,1,12,-0.9590658214115337,0.0,1,13.790170474999991
*CC(*)CC(C)(C)C,PI39,1,7,-0.7481684769711708,0.0,1,14.775955695000002
*c1ccc(Oc2ccc(C3(c4ccc(Oc5ccc(N6C(=O)c7ccc(Oc8ccc(C9(c%10ccc(Oc%11ccc%12c(c%11)C(=O)N(*)C%12=O)cc%10)CCC(c%10ccccc%10)CC9)cc8)cc7C6=O)cc5)cc4)CC4CC3C3CCCC43)cc2)cc1,PI1039,2,84,0.764312875913792,0.20553939852779718,2,21.845659522499993
*c1ccc(Oc2ccc(Oc3ccc(N4C(=O)c5ccc(-c6ccc7c(c6)C(=O)N(*)C7=O)cc5C4=O)cc3)c(-c3ccccc3)c2)cc1,PI1036,1,48,2.2280029624986115,0.0,1,28.687301164999987
*c1ccc(Oc2cc(C(C)(C)C)ccc2Oc2ccc(N3C(=O)c4ccc(-c5ccc6c(c5)C(=O)N(*)C6=O)cc4C3=O)cc2)cc1,PI1037,3,46,1.1184097799712245,1.6230358297080028,3,23.500794134999992
*CC(*)C(=O)OCC,PI412,1,7,-0.15535135512426856,0.0,1,17.546926370000012
*CC(OC)C1C(=O)OC(=O)C1*,PI387,2,11,0.6354431098428401,2.0448943228541006,2,21.2432910525
*C=CC(C)CCCCC*,PI80,1,9,0.6725330718927152,0.0,1,21.41665851
*Oc1ccc(-c2ccc(OC(=O)CCCCCCCCCCCC(*)=O)cc2)cc1,PI585,1,29,1.3307351409829025,0.0,1,24.49325425
*c1ccc(C(C)(C)c2ccc(N3C(=O)c4ccc(Oc5ccc6c(c5)C(=O)N(*)C6=O)cc4C3=O)cc2)cc1,PI985,4,38,1.5011642387057889,2.099812169991769,4,25.28988109249999
*c1ccc2c(c1)C(=O)N(c1ccc(Oc3ccc4ccc(Oc5ccc(N6C(=O)c7ccc(C(*)(C(F)(F)F)C(F)(F)F)cc7C6=O)cc5)cc4c3)cc1)C2=O,PI1049,5,55,1.1995380435380119,1.4847381425840491,5,23.88000726999999
*c1ccc(C(C)(C)c2ccc(C(C)(C)c3ccc(N4C(=O)c5ccc(Oc6ccc7c(c6)C(=O)N(*)C7=O)cc5C4=O)cc3)cc2)cc1,PI1084,4,47,0.6000926763714662,1.9976690330934743,4,21.078054572499994
*CC(*)C1CCC1,PI21,1,6,-0.585952806729681,0.0,1,15.534190990000008
*CC(*)OCCCCCCCCCCCCCCCCCC,PI402,1,21,-1.023453725706685,0.0,1,13.489205829999998
*c1cccc(P(=O)(c2ccc(C(F)(F)F)cc2)c2cccc(-n3c(=O)c4c(-c5cc(C(F)(F)F)cc(C(F)(F)F)c5)c5c(=O)n(*)c(=O)c5c(-c5cc(C(F)(F)F)cc(C(F)(F)F)c5)c4c3=O)c2)c1,PI1052,5,68,0.33146279927911115,0.47997126376181903,5,19.822413525000005
*CC(CC(*)(C#N)C(=O)OC)c1ccccc1,PI238,2,16,0.27073161998620165,1.150096016807204,2,19.538541297500004
*CC(*)c1cc(C(C)C)ccc1C(C)C,PI194,1,14,-1.1593057244407947,0.0,1,12.854200715000005
*CC(*)CCCCCCCCCCC,PI63,1,13,-1.1087282027343301,0.0,1,13.09061229
*c1cccc(Oc2cccc(Oc3cccc(-n4c(=O)c5cc6c(=O)n(*)c(=O)c6cc5c4=O)c3)c2)c1,PI962,5,36,0.7161042832351715,2.0864216120638788,5,21.620320895
*CC(*)CCCCCCCCCCCC,PI32,2,14,-1.0371803225174812,0.23960335907924335,2,13.425044395
*CC(*)c1ccc(C(=O)OCCN(C)C)cc1,PI109,1,16,-0.6635771545633404,0.0,1,15.171356004999996
*CC(C)O*,PI525,1,4,-0.4354416450013325,0.0,1,16.237716579999997
*c1ccc2c(c1)C(=O)N(c1ccc(Sc3ccc(Oc4ccc(Sc5ccc(N6C(=O)c7ccc(C(*)(C(F)(F)F)C(F)(F)F)cc7C6=O)cc5)cc4)cc3)cc1)C2=O,PI1115,1,58,1.1255756349210388,0.0,1,23.534289075
*c1ccc(C(c2ccc(N3C(=O)c4cc5c(cc4C3=O)C(C(F)(F)F)(C(F)(F)F)c3cc4c(cc3O5)C(=O)N(*)C4=O)cc2)(C(F)(F)F)C(F)(F)F)cc1,PI995,5,53,2.2433344901278414,1.2129365478443055,5,28.758964435000006
*CC(*)OC(=O)C(C)(C)C(C)(C)CC,PI365,2,13,-0.9437384532802735,0.7414415989905259,2,13.861814302500001
*CC(*)c1nc(C)nc(C)n1,PI383,1,10,-0.8469426765901267,0.0,1,14.314261184999989
*c1cccc(Oc2ccc(-n3c(=O)c4cc5c(=O)n(*)c(=O)c5cc4c3=O)cc2)c1,PI953,1,29,1.7070666154871994,0.0,1,26.252318625
*c1ccc(Oc2ccc(-c3ccc(Oc4ccc(N5C(=O)c6ccc(Oc7cccc(Oc8ccc9c(c8)C(=O)N(*)C9=O)c7)cc6C5=O)cc4)cc3)cc2)cc1,PI1038,3,56,1.8365873042137737,1.0847961414099379,3,26.857729665000004
*CC(*)C(=O)Oc1ccc(C(=O)OCCCC)cc1,PI471,2,18,-0.9151402296136932,0.43441267736755484,2,13.995489320000003
*CC(*)c1ccccc1COCCCC,PI89,2,14,-0.8803624387256036,0.6554039677321906,2,14.158049130000002
*CC1CC(*)C(OC(=O)CCCCCCCCCCOc2ccc(-c3ccc(C#N)cc3)cc2)C1,PI398,1,34,-0.29938281914852044,0.0,1,16.873688454999993
*CC(*)(C)C(=O)OC(C)C,PI440,1,9,-0.30969973796617856,0.0,1,16.825464680000003
*CC(*)c1ccccc1COCCC(C)C,PI91,2,15,-0.8064168563663213,0.6341372363132688,2,14.503688674999996
*C(OC(F)(F)F)C(*)(F)F,PI313,1,9,0.2415460005420542,0.0,1,19.40212065
*C(=O)Oc1ccc(OC(=O)c2ccc3c(c2)C(=O)N(c2ccc(C(=O)Nc4ccc(N5C(=O)c6ccc(*)cc6C5=O)cc4)cc2)C3=O)cc1,PI1095,2,49,3.9582965532261825,0.32192434517178226,2,36.7751120975
*C(F)(F)C(*)(OC(F)(F)F)OC(F)(F)F,PI312,1,14,0.7134051963960857,0.0,1,21.607704710000004
*CC(*)c1ccc(C(C)C)cc1,PI120,1,11,-0.5773929043528176,0.0,1,15.574202044999996
*c1ccc(Oc2ccc(NC(=O)CN3C(=O)c4ccc(C(c5ccc6c(c5)C(=O)N(CC(=O)Nc5ccc(Oc7ccc(-c8nnc(*)o8)cc7)cc5)C6=O)(C(F)(F)F)C(F)(F)F)cc4C3=O)cc2)cc1,PI1021,2,70,0.9250552757222524,1.3465389744986667,2,22.597008395000003
*CC(*)CCc1ccc(C)cc1,PI282,1,11,-0.9279883171344006,0.0,1,13.935434250000004
*c1ccc2c(c1)C(=O)N(c1cc(C(c3ccc(O)c(N4C(=O)c5ccc(C(*)(C(F)(F)F)C(F)(F)F)cc5C4=O)c3)(C(F)(F)F)C(F)(F)F)ccc1O)C2=O,PI996,2,54,0.03613459770705573,2.676498305241517,2,18.441978048529407
*c1cccc(P(=O)(c2ccccc2)c2cccc(-n3c(=O)c4c(-c5cc(C(F)(F)F)cc(C(F)(F)F)c5)c5c(=O)n(*)c(=O)c5c(-c5cc(C(F)(F)F)cc(C(F)(F)F)c5)c4c3=O)c2)c1,PI1053,5,64,0.17608003160541907,1.348416243411556,5,19.096116869999992
*CC(*)c1ccc(C(=O)c2ccc(C)cc2)cc1,PI174,1,17,-0.6794382514816057,0.0,1,15.097217399999993
*CC(*)C(=O)OCC(F)(F)C(F)(F)F,PI430,1,13,-0.2586926706755692,0.0,1,17.063884054999992
*c1ccc2c(c1)C(=O)N(c1ccc(Oc3ccc(-c4ccc(Oc5ccc(N6C(=O)c7ccc(C(*)(C(F)(F)F)C(F)(F)F)cc7C6=O)cc5)cc4)cc3)cc1)C2=O,PI981,2,57,1.8668550814764546,1.2672870262908578,2,26.99920858
*CC(*)c1ccc(COCCOCC)cc1,PI133,2,15,-0.8042031589254848,0.1898631311026624,2,14.514036032500012
*C(=O)Nc1cccc(NC(=O)c2ccc(N3C(=O)c4ccc(*)cc4C3=O)cc2)c1,PI990,3,29,2.395509858596023,0.46338435521429167,3,29.470268929999985
*CC(*)C1CC1,PI20,1,5,-0.5558261689294858,0.0,1,15.67501018499999
*CC(*)NC(=O)OC(C)(C)C,PI348,2,10,-0.8420048599091001,0.6645508323530457,2,14.337341735
*CC(*)c1ccc(C(=O)OCCC)cc1,PI162,1,14,-0.5085602280268433,0.0,1,15.895942630000002
*CC(*)c1cccs1,PI373,1,7,0.15541186968804147,0.0,1,18.999508880000008
*CC(*)C(=O)Oc1cccc(C(=O)OC)c1,PI467,3,15,-0.48819653151953746,0.9384344223639388,3,15.991127475000004
*c1ccc(S(=O)(=O)c2ccc(N3C(=O)c4ccc(C(=O)c5ccc6c(c5)C(=O)N(*)C6=O)cc4C3=O)cc2)cc1,PI976,5,39,1.5074868494418319,1.8436413356363517,5,25.319434505000007
*CC(*)OC(=O)c1cccc(Cl)c1,PI338,1,12,-0.3393957957899131,0.0,1,16.686658119999997
*CC(*)C(=O)N1CCOCC1,PI462,1,10,-0.6023149367592073,0.0,1,15.457710435000006
*CC(*)c1ccc(I)cc1,PI176,1,9,-0.04922760125101756,0.0,1,18.04297447499999
*CC(*)C(=O)Oc1ccc(C(=O)OC)cc1,PI469,2,15,-0.9608742296076599,0.28912060800342587,2,13.781717537500002
*CC(*)c1cc(Br)ccc1OCCCC,PI198,2,14,-0.49785460607628074,2.26990733960526,2,15.945983297499998
*c1ccc(Oc2ccc(S(=O)(=O)c3ccc(Oc4ccc(N5C(=O)c6ccc(Oc7ccc8c(c7)C(=O)N(*)C8=O)cc6C5=O)cc4)cc3)cc2)cc1,PI964,5,52,1.5795791826444416,2.159466436631298,5,25.656411514999984
*CC(*)OC(C)(C)C,PI272,1,7,-0.6257721669505626,0.0,1,15.348065664999998
*CC(*)c1cc(Cl)ccc1Cl,PI195,2,10,-0.22865929238188126,1.2082757021030521,2,17.204267332500002
*CC(*)c1ccc(OCCC(C)C)cc1,PI182,1,14,-0.7137260024847707,0.0,1,14.936948155
*C(=O)Nc1cccc(C#Cc2cccc(N3C(=O)c4ccc(*)cc4C3=O)c2)c1,PI1018,4,28,1.3942300753544863,1.3221303706929546,4,24.790044937499992
*c1ccc(Oc2ccc(Oc3ccc(N4C(=O)c5ccc(Oc6cccc7c6C(=O)N(*)C7=O)cc5C4=O)cc3)cc2)cc1,PI1063,5,43,1.3687544916956595,0.8051254995194271,5,24.67096589500002
*CC(*)OCC(C)(C)C,PI276,1,8,-0.7235338954513412,0.0,1,14.891103690000008
*CC(*)CCCCCC,PI30,1,8,-0.5104021823039847,0.0,1,15.887332890000003
*CC(*)c1ccc(OCCCC)cc1,PI181,2,13,-1.0153242535493827,0.3621434015528739,2,13.527204949999994
*c1ccc(Oc2ccc(N3C(=O)C4CCC5C(=O)N(*)C(=O)C5C4C3=O)cc2)cc1,PI1064,5,29,2.375165216515186,2.0753498927148692,5,29.375173150000013
*CC(*)C(=O)Oc1ccccc1C(=O)OC,PI465,2,15,-0.8198536848024881,1.4453795659900013,2,14.440881687499996
*CC(*)OCC(F)(F)F,PI376,2,8,-0.22906232297158985,0.78432096785914,2,17.202383469999994
*c1ccc(Oc2ccc(C3(c4ccc(Oc5ccc(N6C(=O)c7ccc(Oc8ccc(C9(c%10ccc(Oc%11ccc%12c(c%11)C(=O)N(*)C%12=O)cc%10)CCC(C(C)(C)C)CC9)cc8)cc7C6=O)cc5)cc4)CC4CC3C3CCCC43)cc2)cc1,PI1017,4,82,0.6268948537393773,1.2008545636001224,4,21.203334435000002
*CC(*)(C)C,PI13,1,4,-0.106206354462812,0.0,1,17.776641994999995
*CC(*)c1ccccc1C(=O)OCCC,PI100,2,14,-0.8145395664646287,1.1354686150127429,2,14.465721162499996
*CC(*)CC(C)C,PI7,1,6,-0.6779620217452107,0.0,1,15.104117655
*c1cc(C(c2ccc(O)c(N3C(=O)c4ccc(-c5ccc6c(c5)C(=O)N(*)C6=O)cc4C3=O)c2)(C(F)(F)F)C(F)(F)F)ccc1O,PI1097,2,45,1.0865019431995488,0.3126233843056212,2,23.351649184999992
*c1c(C)cc(C(c2cc(C)c(N3C(=O)c4ccc(-c5ccc6c(c5)C(=O)N(*)C6=O)cc4C3=O)c(C)c2)c2cccc3ccccc23)cc1C,PI1001,5,49,1.9396102141267526,0.811655590627459,5,27.339283675
*CC(*)c1cccc(Cl)c1,PI116,2,9,-0.4723314772751255,1.3583100007728695,2,16.065284577499995
*c1ccc(Oc2cccc(Oc3ccc(N4C(=O)c5ccc(-c6cccc7c6C(=O)N(*)C7=O)cc5C4=O)cc3)c2)cc1,PI1109,2,42,0.859971983272887,2.874266548666859,2,22.2927933375
*c1ccc2c(c1)C(=O)N(c1c(C)cc(C(c3cc(C)c(N4C(=O)c5ccc(C(*)(C(F)(F)F)C(F)(F)F)cc5C4=O)c(C)c3)c3cccc4ccccc34)cc1C)C2=O,PI1003,1,58,0.7582492515559134,0.0,1,21.81731667499999
*CC(*)OC(=O)C(F)(F)C(F)(F)C(F)(F)F,PI346,1,15,-0.022496387795907343,0.0,1,18.167922635000007
*CC(*)c1ccc(COCCCCCCOc2ccc(-c3ccc(OC)cc3)cc2)cc1,PI234,1,31,-0.7433826100616074,0.0,1,14.798325995000004
*CC(*)c1ccc(OCCC)cc1,PI180,2,12,-0.8409393422218207,0.21832809641698148,2,14.342322222500002
*CC(*)(C)C(=O)OC1CCCCC1,PI448,1,12,-0.6315260614083956,0.0,1,15.321170569999996
*CC(*)C(=O)OCCCCCCCCCCCCCCCC,PI424,2,21,-1.0039222577232785,0.08322826066133898,2,13.580500637500004
*CC(*)OCC(C)(C)CC,PI316,1,9,-0.4344399499619876,0.0,1,16.242398745000006
*Oc1ccc2ccc(OC(=O)Oc3ccc(OC(*)=O)cc3)cc2c1,PI816,1,24,1.4135161773500111,0.0,1,24.88019284499997
*CC(*)OC(=O)c1ccc(OCC)cc1,PI343,2,14,-0.8388469216645789,0.41831560009034596,2,14.352102702500007
*CCCC=C(*)c1ccc(Cl)cc1,PI391,2,12,-0.25660316877338835,1.1000037380419232,2,17.073650892499998
*CC(*)C(=O)OC(C)C,PI414,1,8,-0.6234069641953601,0.0,1,15.359121195000004
*CC(*)C(=O)OC(F)(C(F)(F)F)C(F)(F)Cl,PI433,1,15,-0.138236877437501,0.0,1,17.62692358
*CC(*)P(=O)(Oc1ccccc1)N(C)C,PI382,1,14,-0.6918056332511852,0.0,1,15.039409264999998
*c1ccc(Oc2cc(C(C)(C)C)ccc2Oc2ccc(-n3c(=O)c4cc5c(=O)n(*)c(=O)c5cc4c3=O)cc2)cc1,PI1032,3,40,1.0148112269884522,0.9220188003480598,3,23.01654943
*Oc1ccc(S(=O)(=O)c2ccc(OC(=O)c3ccc(C(*)=O)cc3)cc2)cc1,PI583,1,27,1.293684757008133,0.0,1,24.320071789999982
*CC(*)c1ccccc1COCC,PI86,1,12,-0.6812776374278694,0.0,1,15.08861966499999
*CC(*)c1ccc(C(=O)CCCCCCC)cc1,PI171,2,17,-1.0254050073362881,0.04691092403941161,2,13.480085067500001
*c1ccc(Oc2ccc(-c3ccc(Oc4ccc(N5C(=O)c6ccc(Oc7ccc(C8(c9ccc(Oc%10ccc%11c(c%10)C(=O)N(*)C%11=O)cc9)CCCCCCCCCCC8)cc7)cc6C5=O)cc4)cc3C)c(C)c2)cc1,PI1042,1,76,1.3762135610333992,0.0,1,24.70583139000002
*CC(*)c1ccc(OCC)cc1,PI179,2,11,-0.6953128473800931,0.2414216099208264,2,15.023015697500004
*CC(*)C(=O)OC1CC2CCC1(C)C2(C)C,PI428,1,15,-1.0030923621979824,0.0,1,13.584379769999998
*c1ccc(Oc2ccc(Oc3ccc(-n4c(=O)c5cc6c(=O)n(*)c(=O)c6cc5c4=O)cc3)cc2C(C)(C)C)cc1,PI1030,2,40,1.9734332822976737,1.4673825829514535,2,27.497380880000016
*CC(*)OC(=O)C(C)(C(C)C)C(C)C,PI356,2,13,-0.9293566229544478,0.6610354615969707,2,13.929038457499999
*CCCCOC(=O)NCC(F)(F)C(F)(F)C(F)(F)C(F)(F)CNC(=O)O*,PI658,1,26,0.8357000043972351,0.0,1,22.179340235
*CC(*)OC(=O)c1ccc(C#N)cc1,PI403,2,13,-0.5593384132857803,0.15797156521757277,2,15.658593104999998
*CC(*)C(=O)OCC(F)(F)C(F)(F)C(F)(F)F,PI436,1,16,-0.3006432513277461,0.0,1,16.867796890000015
*CC(*)OC(=O)c1cccc([N+](=O)[O-])c1,PI369,2,14,-0.4013198529930139,0.20980555758645789,2,16.397210092499993
*CC(*)OC(=O)c1ccccc1OC(C)=O,PI331,2,15,-0.6069284532632642,0.43181319374087634,2,15.436145742499995
*Oc1ccc(OC(=O)c2ccc(-c3ccc(C(*)=O)cc3)cc2)cc1C,PI582,2,25,4.797212364105039,0.8447778551884606,2,40.696407595
*CC(*)CNc1ccc([N+](=O)[O-])cc1[N+](=O)[O-],PI396,1,16,-0.5771970897149103,0.0,1,15.575117330000008
*CC(*)c1ccc(C(C)(O)CC)cc1,PI140,2,13,-0.6527240707347766,0.5779307819877716,2,15.222085944999998
*CC(*)OC(=O)CCCCCCC,PI370,1,12,-0.7849051448380514,0.0,1,14.604239620000012
*Oc1cccc2c(OC(=O)Oc3ccc(OC(*)=O)cc3)cccc12,PI817,1,24,1.5083752726388686,0.0,1,25.323587210000007
*CC(*)c1ccccc1C(=O)OCCC(C)C,PI105,2,16,-0.9935137898368711,0.060622739224855546,2,13.629152335
*CC(*)C(=O)c1ccc(CC)cc1,PI325,1,12,-0.6026668387378521,0.0,1,15.456065560000004
*Oc1ccc(C2(c3ccc(OC(*)=O)cc3)CCCCC2)cc1,PI801,1,22,0.4909834656964901,0.0,1,20.56805172
*CC*,PI1,1,2,1.321291610838954,0.0,1,24.449112904999986
*CC(*)OC(=O)C(F)(F)C(F)(F)C(F)(F)C(F)(F)C(F)(F)F,PI350,1,21,-0.4507657692911138,0.0,1,16.16608791499999
*CC(*)c1ccc(C(=O)C(F)(F)F)cc1,PI223,1,14,-1.160141953078532,0.0,1,12.85029198
*CC(*)CCCCCCCCC,PI64,3,11,-0.9103946483806045,0.40529358653246345,3,14.017671314999998
*OC(C)COC(*)=O,PI1116,2,7,0.27437414375531693,1.5625673793510295,2,19.555567335000006
*Cc1cccc(COC(=O)Nc2ccc(Cc3ccc(NC(=O)O*)cc3)cc2)c1,PI660,4,29,0.7347436883939621,1.7529337030058516,4,21.707445985
*CC(*)c1ccc(CCCCCCCCCCCC)cc1,PI128,2,20,-0.9794852071624286,0.20837450427607873,2,13.694725324999997
*Oc1ccc(C(C)(CCC#N)c2ccc(OC(*)=O)cc2)cc1,PI1119,2,22,0.7326332697312677,1.6734715802248945,2,21.6975813775
*C(C)C(*)C,PI49,1,4,0.7133010704217548,0.0,1,21.607218
*CCCCCCCC(*)C,PI19,1,9,0.2298532853849904,0.0,1,19.34746607
*CC(*)c1ccccc1C(=O)OC,PI98,1,12,-1.1494189341895076,0.0,1,12.900413965000007
*CC(*)c1ccc(CCCCCC)cc1,PI124,2,14,-0.8320232275417473,0.35326135549264626,2,14.383998300000005
*CC(*)c1ccccc1C(=O)OCC,PI99,2,13,-0.6644295344830131,1.1938549699430543,2,15.167371775000003
*/C=C/CCCCCCCCCC*,PI55,1,12,0.8041293303159178,0.0,1,22.031771265
*CC(*)c1ccc(C(O)CCN(C)C)cc1,PI144,2,15,-0.8790484775461014,0.10961087428682831,2,14.164190902500003
*CC(OC)C(C(=O)O)C(*)C(=O)O,PI388,1,12,0.5677012312389862,0.0,1,20.92664912
*CC(*)c1cccc(CC)c1,PI114,1,10,-0.05582908982579492,0.0,1,18.012117519999997
*CC(*)c1ccccc1C(=O)OCC(C)C,PI103,1,15,-0.7087103956504196,0.0,1,14.960392314999996
*C=CC(C*)OC,PI303,3,6,0.17824805693490442,1.478358828266257,3,19.106250745
*CC(*)(C)C(=O)OCC(C)C,PI443,1,10,-0.5580047178904475,0.0,1,15.664827119999996
*CC(*)c1ccccc1C(=O)OC(C)C,PI101,2,14,-0.6247138718247548,0.20718480065225822,2,15.353012392499995
*CC(*)CNc1ccc([N+](=O)[O-])cn1,PI393,3,13,-0.7359528310346216,0.5866559390539995,3,14.833054579999992
*C1CCC(N2C(=O)c3ccc(-c4ccc5c(c4)C(=O)N(*)C5=O)cc3C2=O)CC1,PI978,5,28,2.357379585084953,0.572284621484881,5,29.292038805
*CC(*)C(=O)Oc1ccccc1,PI463,1,11,-0.15670682624292456,0.0,1,17.54059057
*CC(*)c1ccc(Cl)c(C)c1,PI207,2,10,-0.5782638514541748,0.0965729707547219,2,15.570131027499999
*CC(*)C(=O)OCC=C,PI427,2,8,-0.34175935710249106,0.17238003614597638,2,16.675610262500008
*CC(*)Cc1ccccc1,PI26,1,9,-0.5416544272137575,0.0,1,15.741252335000002
*c1ccc(Oc2ccc(C(c3ccc(Oc4ccc(N5C(=O)c6ccc(Oc7ccc(C8(c9ccc(Oc%10ccc%11c(c%10)C(=O)N(*)C%11=O)cc9)CCC(C(C)(C)C)CC8)cc7)cc6C5=O)cc4)cc3)(C(F)(F)F)C(F)(F)F)cc2)cc1,PI1013,4,81,1.072742799935068,1.8986921538726176,4,23.287335620000015
*Oc1ccc(Oc2ccc(Oc3ccc(S(=O)(=O)c4ccc(*)cc4)cc3)cc2)cc1,PI546,1,30,0.7069833840135806,0.0,1,21.57768760500001
*CC(*)C,PI2,1,3,0.2832167454461681,0.0,1,19.59689979500001
*C(c1ccccc1)C(*)[N+](=O)[O-],PI222,1,11,1.2461517813635175,0.0,1,24.097891160000003
*CC(*)C(=O)O,PI410,2,5,-0.09280960525253046,0.5283325551949872,2,17.8392616425
*c1cccc(P(=O)(c2cccc(-n3c(=O)c4c(-c5ccc(C(F)(F)F)cc5)c5c(=O)n(*)c(=O)c5c(-c5ccc(C(F)(F)F)cc5)c4c3=O)c2)c2cc(C(F)(F)F)cc(C(F)(F)F)c2)c1,PI1054,5,64,0.4311308753857366,1.2988106675284936,5,20.28828623
