smiles_list,monomer_ID,replicate_count,heavy_atom_count,cp,cp_std,cp_count,cp_raw
*CC(*)c1nc(C)nc(C)n1,PI383,1,10,0.06594311805308083,0.0,1,3237.11676611796
*C(C)C(*)OCC,PI286,1,6,1.0064502856981257,0.0,1,3939.804999698655
*CC(*)OC(=O)CCCCC,PI385,1,10,1.0218688226455657,0.0,1,3951.324767824531
*C(C)C(*)O,PI297,2,4,0.6206808392100271,239.71574497748233,2,3651.582155421055
*CC(*)OC(=O)c1ccccc1OC(C)=O,PI331,2,15,-0.2133259391134808,203.52553007033825,2,3028.4643632176353
*CC(*)C(=O)Oc1ccccc1C(=O)OCC,PI466,1,16,-0.4983836140810781,0.0,1,2815.487066518076
*/C=C\CCCCC*,PI74,1,7,1.7225722557276593,0.0,1,4474.846623473176
*C(C)C(*)OC(C)(C)C,PI285,2,8,0.9464181666318178,62.248993390383525,2,3894.9527485346
*CC(*)C(=O)N1CCCCC1,PI461,1,10,0.7383315145571164,0.0,1,3739.4833943305102
*C=CC(C*)OC,PI303,3,6,0.8629471849155974,220.71048085673254,3,3832.588442641767
*Nc1ccc(*)cc1,PI1131,2,7,-0.25281434153493293,41.452346742257625,2,2998.961094450495
*c1ccc(N2C(=O)c3ccc(-c4ccc5c(c4)C(=O)N(*)C5=O)cc3C2=O)nc1,PI715,1,28,-0.9477705924627009,0.0,1,2479.733174472964
*CC(*)c1ccccc1C(=O)OCC(C)C,PI103,1,15,0.1582522050582554,0.0,1,3306.0843524613247
*CC(*)OC(=O)c1ccc(OC)cc1,PI359,2,13,-0.2763077793358045,175.07495282247555,2,2981.4082645764083
*C(=O)Oc1ccc(OC(=O)c2ccc3c(c2)C(=O)N(c2ccc(C(=O)Oc4ccc(N5C(=O)c6ccc(*)cc6C5=O)cc4)cc2)C3=O)cc1,PI1092,2,49,-1.0102110253778727,71.27570429715104,2,2433.0815815680016
*C(=O)c1ccc2c(c1)C(=O)N(c1cc(C(c3ccc(O)c(N4C(=O)c5ccc(*)cc5C4=O)c3)(C(F)(F)F)C(F)(F)F)ccc1O)C2=O,PI1041,1,47,-1.2559017860827102,0.0,1,2249.5167852687173
*CC(*)Cc1ccccc1,PI26,1,9,0.3406626996798853,0.0,1,3442.37008494883
*CC(*)c1ccc(C(=O)CCC)cc1,PI168,2,13,0.7717632014003454,49.613421511748,2,3764.4614633784195
*CC(*)CCCCCC,PI30,1,8,1.79901953522728,0.0,1,4531.963257605955
*C(=O)c1ccc2c(c1)C(=O)N(c1ccc(C3(c4ccc(N5C(=O)c6ccc(*)cc6C5=O)cc4)c4ccccc4-c4ccccc43)cc1)C2=O,PI969,4,49,-0.8397683817560615,3.857564467907865,4,2560.4256830205445
*c1ccc(-c2nc3cc4nc(*)oc4cc3o2)cc1,PI547,1,18,-1.0145794111607922,0.0,1,2429.817796458224
*CC(*)c1ccc(Br)cc1,PI136,1,9,-1.6541747581205721,0.0,1,1951.9520873781416
*CC(*)c1ccccc1C(=O)OC,PI98,1,12,-0.1255944135940766,0.0,1,3094.011881426275
*c1ccc(Oc2ccc(N3C(=O)c4cccc(Oc5cccc6c5C(=O)N(*)C6=O)c4C3=O)cc2)cc1,PI1060,5,36,-1.0146454599677235,23.422523117240104,5,2429.768448913549
*C(CC)C(*)CC,PI62,1,6,1.748416246467729,0.0,1,4494.155639742863
*c1ccc(Oc2ccc(Oc3ccc(N4C(=O)c5ccc(Oc6ccccc6Oc6ccc7c(c6)C(=O)N(*)C7=O)cc5C4=O)cc3C(F)(F)F)cc2)c(C(F)(F)F)c1,PI1072,5,58,-1.1097458541480731,148.16814238059172,5,2358.7153721286645
*CCCCCCCCCCN1C(=O)C2C3C=CC(C4C(=O)N(*)C(=O)C34)C2C1=O,PI1080,3,28,0.13466427558491,98.39202031158248,3,3288.460924309306
*CCC=C(*)CCC,PI77,1,7,1.6126080512720165,0.0,1,4392.688235696588
*CC(*)c1ccc(OC(C)=O)cc1,PI232,1,12,0.04183802640884161,0.0,1,3219.106946681705
*CC(*)c1ccccc1C(=O)NC,PI94,2,12,-0.07099606828395233,25.4625693792921,2,3134.8043561061486
*CC(*)c1ccc(I)cc1,PI176,1,9,-2.1230539673091045,0.0,1,1601.634817503012
*CCCCOC(=O)NCC(F)(F)C(F)(F)C(F)(F)C(F)(F)CNC(=O)O*,PI658,1,26,-1.147415294016676,0.0,1,2330.571118611149
*CC(*)NC(=O)OC(C)(C)C,PI348,2,10,0.3830497273915832,7.247676591314007,2,3474.0390255524917
*CC(*)c1ccc(C(=O)OCC)cc1,PI161,1,13,0.03163814650424209,0.0,1,3211.48623326296
*CC(*)OC(=O)c1ccc(CC)cc1,PI344,2,13,0.15196444415244303,61.45016698960978,2,3301.386530099007
*CC(*)C(=O)OC(F)(C(F)(F)Cl)C(F)(F)Cl,PI434,1,15,-2.1015217177055083,0.0,1,1617.722370006046
*C1CCC1*,PI72,2,4,0.7773359985319701,15.247554283453344,2,3768.625109448582
*c1ccc(-c2ccc(N3C(=O)c4ccc(-c5cccc6c5C(=O)N(*)C6=O)cc4C3=O)cc2C(F)(F)F)c(C(F)(F)F)c1,PI1106,1,42,-1.353694301580849,0.0,1,2176.4523235221222
*CC(*)c1ccc(COCCOCC)cc1,PI133,2,15,0.7244609971023014,97.9828263307762,2,3729.120209716427
*CC1CC(*)C(OC(=O)CCCCCCCCCCOc2ccc(-c3ccc(C#N)cc3)cc2)C1,PI398,1,34,0.22444880985470742,0.0,1,3355.542322473323
*CC(*)c1ccc(CCCCCCCCC)cc1,PI126,1,17,1.4071320396916345,0.0,1,4239.169389070299
*CC(*)CC(C)C,PI7,1,6,1.7051300307677766,0.0,1,4461.814882016632
*C(=O)Oc1ccc(C(C)(C)c2ccc(OC(=O)c3ccc4c(c3)C(=O)N(c3ccc(-c5ccc(N6C(=O)c7ccc(*)cc7C6=O)cc5)cc3)C4=O)cc2)cc1,PI958,2,55,-0.7719616023356274,83.07405075805413,2,2611.0866749777297
*Cc1cc(*)c(O)cc1C,PI1138,1,9,-0.1599597079885847,0.0,1,3068.336279107345
*CC(*)C(=O)Oc1ccc(C(=O)OCCCC)cc1,PI471,2,18,0.07047859161009364,237.81402369432703,2,3240.505388780145
*c1cc(C(c2ccc(O)c(N3C(=O)c4ccc(Oc5ccc6c(c5)C(=O)N(*)C6=O)cc4C3=O)c2)(C(F)(F)F)C(F)(F)F)ccc1O,PI1083,5,46,-1.2676891543939024,29.874549938638854,5,2240.7099996299685
*C(=O)c1ccc2c(c1)C(=O)N(c1c(C(C)C)cc(Cc3cc(C(C)C)c(N4C(=O)c5ccc(*)cc5C4=O)c(C(C)C)c3)cc1C(C)C)C2=O,PI1071,5,49,-0.26759037005733255,30.911734014214304,5,2987.921368503758
*C(=O)Oc1ccc(OC(=O)c2ccc3c(c2)C(=O)N(C2CCC(N4C(=O)c5ccc(*)cc5C4=O)CC2)C3=O)cc1,PI1088,1,40,-0.8537648580156613,0.0,1,2549.9683898519675
*CC(*)c1cc(C)cc(C)c1,PI205,1,10,0.36325762339045675,0.0,1,3459.2516011948223
*C(=O)Nc1cccc(NC(=O)c2ccc(N3C(=O)c4ccc(*)cc4C3=O)cc2)c1,PI990,3,29,-0.7156766351755317,559.4099595411494,3,2653.139288196943
*CC(*)CCC,PI4,2,5,1.6632366229770474,101.06343917595802,2,4430.514743397961
*c1ccc(Oc2ccc(C3(c4ccc(Oc5ccc(N6C(=O)c7ccc(Oc8ccc(C9(c%10ccc(Oc%11ccc%12c(c%11)C(=O)N(*)C%12=O)cc%10)CCCCCCCCCCC9)cc8)cc7C6=O)cc5)cc4)CCC(C(C)(C)C)CC3)cc2)cc1,PI1047,3,84,-0.13700132349381788,60.52288378082274,3,3085.489350558027
*CC(*)c1cc(Cl)ccc1Cl,PI195,2,10,-1.5566438975557044,2.15369372051747,2,2024.8210568954448
*CC(*)C(=O)OCCCC,PI415,1,9,1.4633381581791567,0.0,1,4281.16309148441
*c1ccc2c(c1)C(=O)N(c1ccc(Oc3c(C)cc(C(c4cc(C)c(Oc5ccc(N6C(=O)c7ccc(C(*)(C(F)(F)F)C(F)(F)F)cc7C6=O)cc5)c(C)c4)c4cccc5ccccc45)cc3C)cc1)C2=O,PI1006,5,72,-0.8538641298985274,76.58089819825345,5,2549.89422009929
*CC(*)C(=O)N1CCOCC1,PI462,1,10,0.2545913673890843,0.0,1,3378.0629594637576
*c1ccc2c(c1)C(=O)N(c1ccc(Oc3ccc(N4C(=O)c5ccc(C(C)(C)CCCCCCCCC(*)(C)C)cc5C4=O)cc3)cc1)C2=O,PI989,4,49,-0.22565845072266763,59.49168814277172,4,3019.250280543527
*C(=O)Nc1ccc(NC(=O)c2ccc(N3C(=O)c4ccc(*)cc4C3=O)cc2)cc1,PI960,5,29,-0.7256287723368517,146.84445906477936,5,2645.7036726877586
*CC(*)(C)c1ccccc1,PI213,1,9,0.3294453300594207,0.0,1,3433.9891667430043
*CC(*)c1ccc(O)cc1,PI231,1,9,0.11839002824557436,0.0,1,3276.3018228062656
*CC(*)c1ccc(CCCCCC)cc1,PI124,2,14,1.1425403739110738,202.79740508592985,2,4041.483016606963
*CC(*)CCCC(C)(C)C,PI41,1,9,1.689798727833622,0.0,1,4450.360289698886
*CC(*)c1ccccc1,PI82,1,8,0.34551403173251527,0.0,1,3445.994697357805
*c1ccc(Oc2ccc(C(c3ccc(Oc4ccc(N5C(=O)c6ccc(Oc7ccc(C8(c9ccc(Oc%10ccc%11c(c%10)C(=O)N(*)C%11=O)cc9)CCC(C(C)(C)C)CC8)cc7)cc6C5=O)cc4)cc3)(C(F)(F)F)C(F)(F)F)cc2)cc1,PI1013,4,81,-0.7161672711204119,35.124285420360096,4,2652.772715652576
*c1ccc(Oc2ccc(C3(c4ccc(Oc5ccc(N6C(=O)c7ccc(Oc8ccccc8Oc8ccc9c(c8)C(=O)N(*)C9=O)cc7C6=O)cc5C(F)(F)F)cc4)c4ccccc4-c4ccccc43)cc2)c(C(F)(F)F)c1,PI1078,5,77,-0.913506039926246,41.469003376050445,5,2505.3335087655373
*c1cccc(P(=O)(c2ccc(C(F)(F)F)cc2)c2cccc(-n3c(=O)c4c(-c5cc(C(F)(F)F)cc(C(F)(F)F)c5)c5c(=O)n(*)c(=O)c5c(-c5cc(C(F)(F)F)cc(C(F)(F)F)c5)c4c3=O)c2)c1,PI1052,5,68,-1.3886147242862272,375.344921964428,5,2150.3619639896424
*CC(*)P(=O)(Oc1ccccc1)N(C)C,PI382,1,14,-0.26354177031984133,0.0,1,2990.9462294467494
*CC(*)Cc1cccc(C)c1,PI294,1,10,0.4086749526038055,0.0,1,3493.18459387875
*CC(*)CCc1ccccc1C,PI281,1,11,1.0156742446827594,0.0,1,3946.6965659392
*CC(*)c1cc(Br)ccc1OC(C)C,PI202,1,13,-1.1058512625572308,0.0,1,2361.6251678002272
*CC(*)(C)C(=O)OCc1ccccc1Cl,PI452,1,14,-0.7837844884396393,0.0,1,2602.2533526617967
*/C=C/CCC*,PI58,1,5,1.8769300328766025,0.0,1,4590.173116981803
*c1ccc2c(c1)C(=O)N(c1ccc(C(c3ccc(C)c(N4C(=O)c5ccc(C(*)(C(F)(F)F)C(F)(F)F)cc5C4=O)c3)(C(F)(F)F)C(F)(F)F)cc1C)C2=O,PI980,2,54,-1.2000947192032247,203.80457335943763,2,2291.2123412367346
*CC(*)c1ccccc1COCC,PI86,1,12,0.410407440591525,0.0,1,3494.479000732489
*CC(CCl)O*,PI526,1,5,-1.158920592458508,0.0,1,2321.975077967298
*CC/C=C(\*)C(C)(C)C,PI81,1,8,1.3429762280622528,0.0,1,4191.236172292519
*CC(*)c1c(F)c(F)c(F)c(F)c1F,PI212,1,13,-1.606187068160352,0.0,1,1987.805493127508
*CC(*)CNc1ccc([N+](=O)[O-])cc1C,PI394,1,14,-0.24393201978516932,0.0,1,3005.597410679817
*CC(*)c1ccc(C(=O)OCCC)cc1,PI162,1,14,0.29073748513676173,0.0,1,3405.069081803594
*c1ccc(-c2ccc(Oc3ccc(C4(C)CC(C)(C)c5ccc(Oc6ccc(-c7ccc(N8C(=O)c9ccc(Oc%10ccc%11c(c%10)C(=O)N(*)C%11=O)cc9C8=O)cc7)cc6C(F)(F)F)cc54)cc3)c(C(F)(F)F)c2)cc1,PI1101,2,75,-0.8056123528424096,48.63279543529364,2,2585.944935238007
*Oc1ccc(C(C)(CCC#N)c2ccc(OC(*)=O)cc2)cc1,PI1119,2,22,-0.3187132566724407,110.12065218441975,2,2949.725539564925
*c1ccc(Oc2ccc(C(C)(C)c3ccc(Oc4ccc(N5C(=O)C6CCC7C(=O)N(*)C(=O)C7C6C5=O)cc4)cc3)cc2)cc1,PI1068,5,45,-0.4983118145759811,46.73539843918037,5,2815.5407106253665
*CC(*)C(=O)OCCCCCCCCCCCCCC,PI423,1,19,1.2773012078700463,0.0,1,4142.167897730836
*CC(*)c1ccccc1C(=O)OCCCCC,PI104,1,16,0.5810007547432714,0.0,1,3621.935673797642
*CC(*)c1ccc(C(O)CCN(C)C)cc1,PI144,2,15,0.9460250174664535,444.5632030498658,2,3894.6590120251426
*CC(*)C(=O)c1ccc(CC)cc1,PI325,1,12,0.10346089290866774,0.0,1,3265.1477050072003
*C(C)C(*)C,PI49,1,4,1.6331404450594578,0.0,1,4408.028758361404
*c1ccc2c(c1)C(=O)N(c1c(C)cc(C(c3cc(C)c(N4C(=O)c5ccc(C(*)(C(F)(F)F)C(F)(F)F)cc5C4=O)c(C)c3)c3cccc4ccccc34)cc1C)C2=O,PI1003,1,58,-0.8152858778321493,0.0,1,2578.7174813478264
*CC(*)C1CCC1,PI21,1,6,1.257108790806815,0.0,1,4127.081384447354
*Oc1ccc(C2(c3ccc(OC(*)=O)cc3)CCCC2)cc1,PI800,1,21,0.07777151948201741,0.0,1,3245.9542091403187
*c1ccc(-c2sc(-c3ccc(-n4c(=O)c5cc6c(=O)n(*)c(=O)c6cc5c4=O)cc3)c(-c3ccccc3)c2-c2ccccc2)cc1,PI993,5,45,-0.8478830362265004,79.50687389249138,5,2554.3629198517874
*c1ccc(Oc2ccc(Oc3ccc(N4C(=O)c5ccc(-c6ccc7c(c6)C(=O)N(*)C7=O)cc5C4=O)cc3)c(-c3ccccc3)c2)cc1,PI1036,1,48,-0.7575693193838338,0.0,1,2621.839690193884
*CC(*)CCCCCCCCCCCCCC,PI56,1,16,2.576362145748111,0.0,1,5112.745121546029
*CC(*)CCCCCCCCCCCCC,PI61,1,15,1.8331864381517189,0.0,1,4557.490634205341
*CC(*)c1ccccc1C(=O)OCCC(C)C,PI105,2,16,0.49028083863812305,151.8697947513675,2,3554.1554167283257
*CC1CC(*)C(OC(=O)CCCCCCCCCCOc2ccc(-c3ccc(C#N)cc3)cc2)C1OC(=O)CCCCCCCCCCOc1ccc(-c2ccc(C#N)cc2)cc1,PI397,1,62,0.26079473451297747,0.0,1,3382.6977280614874
*c1ccc(Oc2ccc(NC(=O)CN3C(=O)c4ccc(C(c5ccc6c(c5)C(=O)N(CC(=O)Nc5ccc(Oc7ccc(-c8nnc(*)o8)cc7)cc5)C6=O)(C(F)(F)F)C(F)(F)F)cc4C3=O)cc2)cc1,PI1021,2,70,-0.9172391898966001,160.12364703536937,2,2502.544332192935
*CC(*)OC(=O)C(C)(C)C(C)C(C)C,PI366,3,13,1.207430531075223,170.07858455181164,3,4089.964890518272
*c1ccc(Oc2ccc(Oc3ccc(N4C(=O)c5ccc(Oc6ccc(C7(c8ccc(Oc9ccc%10c(c9)C(=O)N(*)C%10=O)cc8)CCC(c8ccccc8)CC7)cc6)cc5C4=O)cc3)c(C(C)(C)C)c2)cc1,PI1025,2,72,-0.44890319238814513,83.08053920201323,2,2852.4557482170094
*CC(*)c1ccc(C(C)(O)CCC)cc1,PI141,2,14,0.5728974059310356,101.83365698302225,2,3615.881357510807
*C(F)(F)C(*)(F)F,PI513,1,6,-2.1596934355222293,0.0,1,1574.2600944985263
*c1ccc(N2C(=O)c3ccc(Oc4ccc(C(C)(C)c5cccc(Oc6ccc7c(c6)C(=O)N(*)C7=O)c5)cc4)cc3C2=O)cc1,PI1079,4,45,-0.651780343849222,50.183908969336436,4,2700.8786076078372
*CC(*)c1ccncc1,PI226,1,8,0.000570152631309708,0.0,1,3188.274168021469
*CC(*)OC(=O)C1CCCC1,PI378,1,10,0.46662175583706733,0.0,1,3536.4788272524147
*c1cccc(Oc2ccc(-n3c(=O)c4cc5c(=O)n(*)c(=O)c5cc4c3=O)cc2)c1,PI953,1,29,-1.091638756821591,0.0,1,2372.243864705152
*/C=C\CC*,PI47,1,4,1.3318762592935955,0.0,1,4182.942968673052
*CC(*)C=C,PI521,2,4,0.973497525885396,133.90898887020074,2,3915.1847550253524
*CC(*)c1ccc(C(C)(O)CCCCC)cc1,PI143,2,16,1.3722417155393027,162.87008351113275,2,4213.101517297404
*CC(*)c1ccc(COCCCCCC)cc1,PI153,1,16,0.7112217295041557,0.0,1,3719.228655582143
*CC(*)c1ccccc1COCCCC,PI89,2,14,0.8498843455917656,49.582693916144486,2,3822.828704698466
*C(F)(F)C(*)(F)OC(F)C(F)F,PI405,1,11,-1.8536797484303638,0.0,1,1802.8944150348832
*CC(*)CCCCCCCCCCC,PI63,1,13,2.100117979812833,0.0,1,4756.925215832698
*CC(*)OC(=O)C1CCCCC1,PI340,1,11,0.4796130589724199,0.0,1,3546.1851178221614
*CC(*)C(=O)NC(C)C,PI456,1,8,1.6577078894313657,0.0,1,4426.384018888034
*CC(*)c1cccc(CC)c1,PI114,1,10,0.6816342172611691,0.0,1,3697.122713778286
*c1ccc(Oc2ccc(Oc3ccc(-n4c(=O)c5cc6c(=O)n(*)c(=O)c6cc5c4=O)cc3)cc2C(C)(C)C)cc1,PI1030,2,40,-0.7148027283134661,77.27212707504837,2,2653.7922168404925
*CC(*)OC,PI253,1,4,0.6525049107359747,0.0,1,3675.35911467795
*C(F)(F)C(*)(F)OC(F)(F)C(F)(F)C(F)(F)C(F)(F)F,PI310,1,19,-2.1439351156236404,0.0,1,1586.0337272306033
*c1ccc(Oc2ccc(Oc3ccc(N4C(=O)c5ccc(Oc6ccc(C7(c8ccc(Oc9ccc%10c(c9)C(=O)N(*)C%10=O)cc8)CCC(C(C)(C)C)CC7)cc6)cc5C4=O)cc3)c(C(C)(C)C)c2)cc1,PI1014,5,70,-0.33559293938175644,46.685201632714325,5,2937.1140945547704
*CC(*)c1cc(C(C)C)ccc1C(C)C,PI194,1,14,0.758801177470948,0.0,1,3754.777048403268
*CC(*)C(=O)OC(F)(C(F)(F)F)C(F)(F)Cl,PI433,1,15,-1.8537490957966163,0.0,1,1802.842603012634
*CCCCCCCCCCCCSC(=O)S*,PI1125,1,16,0.2331207216123461,0.0,1,3362.0214334938173
*CC(*)C(=O)OCCCCCCC,PI420,1,12,0.7891368160528069,0.0,1,3777.441943497054
*c1ccc(S(=O)(=O)c2ccc(N3C(=O)c4ccc(-c5ccc6c(c5)C(=O)N(*)C6=O)cc4C3=O)cc2)cc1,PI968,4,37,-1.0638786919394967,70.02645963939456,4,2392.984451940577
*Oc1cccc2c(OC(=O)Oc3ccc(OC(*)=O)cc3)cccc12,PI817,1,24,-0.6971612178993619,0.0,1,2666.972851945722
*CCC=C(*)C,PI522,1,5,1.3474070415661032,0.0,1,4194.5465994976
*CC(*)c1ccc(C#N)cc1,PI134,2,10,-0.29469336693307546,48.24767009660997,2,2967.671701457577
*CC(*)c1ccc(C(C)CC)cc1,PI123,1,12,0.5187121694108198,0.0,1,3575.3975319256388
*CC(*)c1ccc(Cl)c(Cl)c1,PI208,1,10,-1.350911661629169,0.0,1,2178.531338355399
*c1cccc(P(=O)(c2ccc(C(F)(F)F)cc2)c2cccc(-n3c(=O)c4cc5c(=O)n(*)c(=O)c5cc4c3=O)c2)c1,PI1010,5,40,-1.23911542352471,20.364377225721366,5,2262.0585072884032
*C1CCC(N2C(=O)c3ccc(-c4ccc5c(c4)C(=O)N(*)C5=O)cc3C2=O)CC1,PI978,5,28,-0.568040533767172,53.58355241975928,5,2763.443765270885
*CCCC=C(*)c1ccc(OC)cc1,PI389,2,13,0.5012825208670689,105.51476570861416,2,3562.375186781999
*C=CCCCCCCCC*,PI53,2,10,1.8267696248847387,196.08671675988077,2,4552.696391976351
*CC(*)(C)C(=O)OCc1ccccc1,PI450,1,13,0.06332850711119638,0.0,1,3235.16329206964
*CC(*)OCCOC,PI375,2,7,0.7333149327137005,0.0,1,3735.7353175954977
*c1ccc(Oc2ccc(C(C)(C)c3ccc(Oc4ccc(N5C(=O)c6ccc(C(c7ccc8c(c7)C(=O)N(*)C8=O)(C(F)(F)F)C(F)(F)F)cc6C5=O)cc4)cc3)cc2)cc1,PI982,1,60,-0.9177084659108086,0.0,1,2502.1937184551243
*CC(*)SCCCC,PI307,2,7,0.666032999459447,53.799904525790105,2,3685.466457924065
*c1ccc(Oc2ccc(Oc3ccc(N4C(=O)c5ccc(-c6cccc7c6C(=O)N(*)C7=O)cc5C4=O)cc3)cc2)cc1,PI1108,2,42,-0.847718621721534,28.16004649855552,2,2554.485760104413
*CC(*)c1ccccc1C(=O)OCCN(C)C,PI108,2,16,0.4051692397591973,21.64668977350526,2,3490.565344126101
*c1ccc(Oc2cc(C(C)(C)C)ccc2Oc2ccc(N3C(=O)c4ccc(-c5ccc6c(c5)C(=O)N(*)C6=O)cc4C3=O)cc2)cc1,PI1037,3,46,-0.7274765387214308,43.15801307411852,3,2644.323137013479
*CC(*)c1ccc2ccccc2c1,PI225,2,12,0.03176468310847141,31.60397198375486,2,3211.580773513123
*CC(*)C(=O)c1ccc(C(C)(C)C)cc1,PI323,1,14,0.5542808929516571,0.0,1,3601.972261364664
*c1ccc2c(c1)C(=O)N(c1ccc(Oc3ccc(-c4ccc(Oc5ccc(N6C(=O)c7ccc(C(*)(C(F)(F)F)C(F)(F)F)cc7C6=O)cc5)cc4)cc3)cc1)C2=O,PI981,2,57,-1.1752493215617694,30.24655467760601,2,2309.7752710919094
*CC(*)c1cc(Br)ccc1OCC,PI199,1,12,-1.2143354408171516,0.0,1,2280.5725631892574
*C(F)C(*)(F)OC(F)(F)F,PI314,1,9,-2.004255965433517,0.0,1,1690.3932671593766
*CCC(C)C(*)C,PI51,2,6,1.7004044501142797,182.37619330432088,2,4458.284223201597
*CC(*)O[N+](=O)[O-],PI267,1,6,-0.34630034445603886,0.0,1,2929.114190017392
*c1ccc(C(c2ccc(N3C(=O)c4cc5c(cc4C3=O)C(C(F)(F)F)(C(F)(F)F)c3cc4c(cc3O5)C(=O)N(*)C4=O)cc2)(C(F)(F)F)C(F)(F)F)cc1,PI995,5,53,-1.495988102637003,31.653710661231745,5,2070.1392797162
*CC(*)OC(=O)c1ccccc1OC,PI357,3,13,-0.1856844680448231,167.3827231047508,3,3049.1163445602565
*CC(*)c1ccc(COCCCC)cc1,PI150,2,14,0.7464831986433412,50.82242883209102,2,3745.5738237161786
*CC(*)CCCCCCCCC,PI64,3,11,1.941092618132702,63.945170301705076,3,4638.1113945905445
*CCCCO*,PI527,1,5,1.317739227329865,0.0,1,4172.3806610581705
*CC(*)C(C)C,PI5,3,5,1.7487993297978561,173.2215906707249,3,4494.441855688708
*CC(*)c1ccc(COCCCCCCOc2ccc(-c3ccc(OC)cc3)cc2)cc1,PI234,1,31,0.32184042366275406,0.0,1,3428.3072555080257
*C=CCCCCCC*,PI57,1,8,2.2244723657388072,0.0,1,4849.835048729701
*CC(*)C(C)=O,PI246,1,5,0.21634241918756444,0.0,1,3349.485733502425
*CC(*)c1ccc(C(=O)CCCCCCC)cc1,PI171,2,17,0.7992585157212208,43.66004489659203,2,3785.0042455246303
*c1ccc(Oc2c(C)cc(Cc3cc(C)c(Oc4ccc(-n5c(=O)c6cc7c(=O)n(*)c(=O)c7cc6c5=O)cc4)c(C)c3)cc2C)cc1,PI997,1,47,-0.4219900323053797,0.0,1,2872.5635810642443
*CC(*)C(=O)c1ccc(C(C)C)cc1,PI326,2,13,0.292583835756574,112.87694074256457,2,3406.4485597068356
*CC(*)SC,PI317,2,4,-0.44894367355569015,107.04395653008646,2,2852.425503216127
*CC(*)C(=O)OCCC#N,PI460,1,9,-0.4262235313157689,0.0,1,2869.400574929028
*CC(*)c1ccc(OCCC)cc1,PI180,2,12,0.49129864496314357,4.49655369689416,2,3554.9158580659996
*c1cccc(P(=O)(c2ccc(C(F)(F)F)cc2)c2cccc(-n3c(=O)c4c(-c5ccccc5)c5c(=O)n(*)c(=O)c5c(-c5ccccc5)c4c3=O)c2)c1,PI1058,5,52,-1.0477743139501072,68.16041793600586,5,2405.0166376714046
*CC(*)C(=O)c1ccc(Br)cc1,PI406,1,11,-1.7116795084531657,0.0,1,1908.9881283315697
*c1ccc(-c2ccc(-n3c(=O)c4cc5c(=O)n(*)c(=O)c5cc4c3=O)cc2OC(F)(F)F)c(OC(F)(F)F)c1,PI977,5,38,-1.439004439589643,53.906476471645156,5,2112.713914878171
*c1ccc(Sc2ccc(Oc3ccc(Sc4ccc(N5C(=O)c6ccc(Oc7ccc(C(C)(C)c8ccc(Oc9ccc%10c(c9)C(=O)N(*)C%10=O)cc8)cc7)cc6C5=O)cc4)cc3)cc2)cc1,PI1114,1,66,-0.9261111327625727,0.0,1,2495.915770417559
*C1CC(*)(C#N)C1,PI290,1,6,-0.31593843921457243,0.0,1,2951.7987099192355
*CC(*)c1ccccc1C(=O)OC(C)C,PI101,2,14,0.22229924004185067,64.41503429113114,2,3353.936298121019
*c1ccc2c(c1)C(=O)N(c1cccc(Oc3ccc(S(=O)(=O)c4ccc(Oc5cccc(N6C(=O)c7ccc(C(*)(C(F)(F)F)C(F)(F)F)cc7C6=O)c5)cc4)cc3)c1)C2=O,PI984,5,60,-1.1199495937198916,107.4456206061017,5,2351.091775007558
*CC(*)c1cccc2ccccc12,PI217,2,12,-0.09667869317440443,125.28897384390052,2,3115.6159023241585
*CC(*)c1ccc(C(=O)OC(C)C)cc1,PI163,2,14,0.06124929694580895,166.31026707850927,2,3233.6098360529068
*Oc1ccc(OC(=O)Oc2ccc(-c3ccc(OC(*)=O)cc3)cc2)cc1,PI815,1,26,-0.8433702358963655,0.0,1,2557.7346024944886
*CC(*)OC(=O)c1cccnc1,PI368,1,11,-0.10471346039065864,0.0,1,3109.6128259238385
*CC(*)OC=O,PI270,1,5,-0.4340050972189074,0.0,1,2863.5866747408354
*CC(*)C(=O)OC(C(F)(F)F)C(F)(F)F,PI431,1,14,-1.6830523675843139,0.0,1,1930.3765406070104
*c1ccc(Oc2ccc(S(=O)(=O)c3ccc(Oc4ccc(-n5c(=O)c6cc7c(=O)n(*)c(=O)c7cc6c5=O)cc4)cc3)cc2)cc1,PI966,5,45,-0.9698256047761231,67.63867405083397,4,2463.2550463126818
*c1ccc(Oc2ccccc2Oc2ccc(N3C(=O)c4ccc(Oc5ccccc5Oc5ccc6c(c5)C(=O)N(*)C6=O)cc4C3=O)cc2C(F)(F)F)c(C(F)(F)F)c1,PI1073,5,58,-1.1659043483364038,139.12862828807184,5,2316.7572516174096
*c1ccc(Oc2ccc3ccc(Oc4ccc(-n5c(=O)c6cc7c(=O)n(*)c(=O)c7cc6c5=O)cc4)cc3c2)cc1,PI1050,5,40,-0.8818880425656622,140.18474899901588,5,2528.9565022726456
*C(C)C(*)OCCCC,PI284,1,8,1.4584683997904393,0.0,1,4277.524712067589
*CC(*)C,PI2,1,3,1.4446372626871846,0.0,1,4267.190949993415
*C(=O)c1ccc2c(c1)C(=O)N(c1c(C)cc(C(c3cc(C)c(N4C(=O)c5ccc(*)cc5C4=O)c(C)c3)c3cccc4ccccc34)cc1C)C2=O,PI1002,5,51,-0.5829953793887297,34.05455001373249,5,2752.2704383523915
*CC(*)C(C)c1ccccc1,PI28,2,10,0.5037920486223177,171.836253955739,2,3564.2501492343035
*CC(*)c1ccccc1F,PI112,2,9,-0.3499816606028861,64.03833089790987,2,2926.3637404413857
*CC(*)CCCCC,PI8,1,7,2.0484955805251435,0.0,1,4718.356182212792
*CC(*)SCC,PI309,3,5,0.041123627538992326,116.02987956627679,3,3218.5731924508004
*C=CCC(C)(CC*)C(=O)OC,PI280,1,11,0.7724904931927583,0.0,1,3765.004850396073
*CC(*)OC(=O)CCl,PI372,1,7,-0.9558254329391033,0.0,1,2473.715100585968
*c1ccc(-c2ccc(-n3c(=O)c4cc5c(=O)n(*)c(=O)c5cc4c3=O)cc2C(F)(F)F)c(C(F)(F)F)c1,PI967,3,36,-1.3882794846203745,33.695454732616156,3,2150.6124341367376
*CC(*)c1ccc(C(=O)N2CCOCC2)cc1,PI159,2,16,0.007694172300712829,73.081500007547,2,3193.5967907187755
*CC(*)c1ccc(COC)cc1,PI147,2,11,0.5320671149051929,23.29456542605258,2,3585.3755133614477
*CC(*)CC1CCCC1,PI23,1,8,1.4382445468319212,0.0,1,4262.4147118459
*CC(*)C(=O)OCc1ccccc1,PI473,1,12,-0.22622652536462473,0.0,1,3018.825850639714
*Oc1ccc(OC(=O)c2ccc(-c3ccc(C(*)=O)cc3)cc2)cc1C,PI582,2,25,-0.6078623876683381,58.867262603345935,2,2733.6913623776836
*CC(*)C(=O)Oc1ccccc1,PI463,1,11,-0.3542640698835877,0.0,1,2923.164191605984
*CC(*)OC(=O)c1ccccc1Cl,PI337,1,12,-0.978543988915328,0.0,1,2456.7412140302595
*CC(*)C(=O)C(C)C,PI247,1,7,0.6673235872467901,0.0,1,3686.430704538835
*c1cccc(N2C(=O)c3ccc(Oc4ccc5c(c4)C4(CC(C)(C)c6ccc(Oc7ccc8c(c7)C(=O)N(*)C8=O)cc64)CC5(C)C)cc3C2=O)c1,PI986,3,51,-0.551671872814975,20.915616245514247,3,2775.673406730589
*Oc1ccc(S(=O)(=O)c2ccc(Oc3ccc(-c4ccc(*)cc4)cc3)cc2)cc1,PI545,1,29,-0.857927424376999,0.0,1,2546.858380163328
*c1ccc(Oc2ccc(N3C(=O)C4CCC5C(=O)N(*)C(=O)C5C4C3=O)cc2)cc1,PI1064,5,29,-0.724417697715762,29.621264178001812,5,2646.6085120292373
*C(F)(F)C(*)(OC(F)(F)F)OC(F)(F)F,PI312,1,14,-2.1443355852272243,0.0,1,1585.7345213467718
*CC(*)c1cc(Br)ccc1OCCC,PI201,2,13,-1.0550675656035393,85.91461074005377,2,2399.567575401904
*CC(*)CCCCCCCCCCCC,PI32,2,14,1.9786948950691614,76.5337577565041,2,4666.205468158589
*CC(*)c1ccc(C(=O)CCN2CCCCC2)cc1,PI158,1,18,0.32491623240240647,0.0,1,3430.6053077552087
*CCCC=C(*)c1ccccc1,PI390,1,11,0.4108257362686381,0.0,1,3494.791525145462
*c1ccc(-c2ccc(N3C(=O)c4ccc(-c5cccc6c5C(=O)N(*)C6=O)cc4C3=O)c(C)c2)cc1C,PI1104,2,36,-0.6506152840865984,122.69934761996934,2,2701.749067520082
*CC(*)OC(=O)CC1CCCCC1,PI341,2,12,0.540711556162898,50.22331296198818,2,3591.8341001395565
*CC(*)C(=O)Oc1cccc(C(=O)OCC)c1,PI468,1,16,-0.31437173555186776,0.0,1,2952.9692530763355
*CC(CC(*)(C#N)C(=O)OC)c1ccccc1,PI238,2,16,-0.08183683205469214,31.432986022984444,2,3126.704814277243
*CC(*)OC(=O)C(F)(F)C(F)(F)C(F)(F)C(F)(F)C(F)(F)F,PI350,1,21,-1.7974738859552473,0.0,1,1844.887926172509
*CC(*)CC(C)CC,PI38,1,7,1.7769564946729917,0.0,1,4515.4791312453535
*CC(*)c1ccc(C(=O)OCCCCCC)cc1,PI166,1,17,0.8351218040385707,0.0,1,3811.7990553730383
*c1ccc(-c2ccc(N3C(=O)c4cc5c(cc4C3=O)C(C(F)(F)F)(C(F)(F)F)c3cc4c(cc3O5)C(=O)N(*)C4=O)cc2C(F)(F)F)c(C(F)(F)F)c1,PI1111,3,52,-1.5912400653295777,54.332277399127804,3,1998.9729604024053
*C=CC1CCC(*)C1,PI75,1,7,1.2702500117782702,0.0,1,4136.899684263874
*CC(*)c1cc(Br)ccc1OCCCCC,PI203,2,15,-0.5801582572848352,140.46435521510517,2,2754.3901588481217
*CC(OC)C1C(=O)OC(=O)C1*,PI387,2,11,-0.5865417821898007,89.52444076210041,2,2749.6207876048165
*CC(*)C(=O)Oc1ccc(C(=O)OC)cc1,PI469,2,15,-0.502805437079311,21.201131737673673,2,2812.1833564574554
*c1cc(C(c2ccc(O)c(N3C(=O)c4ccc(-c5ccc6c(c5)C(=O)N(*)C6=O)cc4C3=O)c2)(C(F)(F)F)C(F)(F)F)ccc1O,PI1097,2,45,-1.1623707582601823,4.301096055274114,2,2319.39732949696
*c1ccc(Oc2c(C)cc(C(C)(C)c3cc(C)c(Oc4ccc(N5C(=O)c6ccc(Oc7ccc(C8(c9ccc(Oc%10ccc%11c(c%10)C(=O)N(*)C%11=O)cc9)CCC(c9ccccc9)CC8)cc7)cc6C5=O)cc4)c(C)c3)cc2C)cc1,PI1023,5,81,-0.34133972797099327,24.046290052695962,5,2932.820452930918
*CC(*)c1ccc(C(=O)CCCC)cc1,PI169,3,14,0.5238402506013459,62.52872534896113,3,3579.22891401117
*c1ccc(Oc2ccc(C3(c4ccc(Oc5ccc(N6C(=O)c7ccc(Oc8ccc(C9(c%10ccc(Oc%11ccc%12c(c%11)C(=O)N(*)C%12=O)cc%10)CCC(c%10ccccc%10)CC9)cc8)cc7C6=O)cc5)cc4)CC4CC3C3CCCC43)cc2)cc1,PI1039,2,84,-0.4965746411813508,42.69715228104523,2,2816.8386181226083
*CC(*)CCCCCCCCCCCCCCCCCCCC,PI54,3,22,2.2045478183303526,168.23824255049095,3,4834.948670927394
*c1ccc(Oc2cc(C(C)(C)C)ccc2Oc2ccc(-n3c(=O)c4cc5c(=O)n(*)c(=O)c5cc4c3=O)cc2)cc1,PI1032,3,40,-0.7114451704809305,24.620787620826185,3,2656.3007744184183
*CC(*)c1ccc(C(=O)OCCN(C)C)cc1,PI109,1,16,0.7307178900005113,0.0,1,3733.794969430758
*CCC=C(*)C(C)C,PI69,1,7,1.2094385357692372,0.0,1,4091.465146252624
*CC(*)c1ccc(Oc2ccccc2)cc1,PI183,1,15,-0.22953062683858713,0.0,1,3016.3572323152803
*c1ccc(Oc2cccc(Oc3ccc(N4C(=O)c5ccc(-c6cccc7c6C(=O)N(*)C7=O)cc5C4=O)cc3)c2)cc1,PI1109,2,42,-0.9377028567351088,60.478859120062324,2,2487.255158013284
*CC(*)c1ccc(C(C)(O)CC)cc1,PI140,2,13,1.2275651424816458,13.023576265566913,2,4105.008215024176
*CC(*)OCC(CC)CCCC,PI306,1,11,1.3042209980808757,0.0,1,4162.280684195797
*CC(*)OC(=O)c1ccc(C(C)(C)C)cc1,PI298,1,15,0.3498166706587641,0.0,1,3449.209360521289
*CC(*)CCc1ccc(C)cc1,PI282,1,11,0.38369423528870683,0.0,1,3474.520561612331
*CC(*)OC(=O)c1ccc(OC(C)=O)cc1,PI332,1,15,-0.672385295354339,0.0,1,2685.4838743466325
*CC(*)c1ccc(CCCCCCCCCCCCCC)cc1,PI129,1,22,1.52562271211623,0.0,1,4327.698221349493
*CC(*)c1ccc(COCCC)cc1,PI149,1,13,0.547650006436285,0.0,1,3597.018076970485
*c1cc(C(c2ccc(O)c(-n3c(=O)c4cc5c(=O)n(*)c(=O)c5cc4c3=O)c2)(C(F)(F)F)C(F)(F)F)ccc1O,PI979,4,39,-1.3898138264517546,165.34868257251912,4,2149.4660697194404
*CC(*)OC(=O)c1cccc(Cl)c1,PI338,1,12,-1.0369963481679256,0.0,1,2413.0692607641536
*CC(*)OCC(C)(C)CC,PI316,1,9,1.3791515034425887,0.0,1,4218.264079394974
*CC(*)c1ccc(-c2ccccc2)cc1,PI132,1,14,-0.01855297006485029,0.0,1,3173.9865647259426
*c1ccc(Oc2ccc(C(c3ccc(Oc4ccc(N5C(=O)c6ccc(Oc7ccc8c(c7)C(=O)N(*)C8=O)cc6C5=O)cc4)cc3)(C(F)(F)F)C(F)(F)F)cc2)cc1,PI961,4,58,-1.051916923716459,91.55876923365658,4,2401.9215383045166
*CC(*)c1cc(C)ccc1C,PI192,1,10,0.44122264149848084,0.0,1,3517.5021948533395
*CC(*)c1ccc(CCCCCCCCCC)cc1,PI127,2,18,1.317939151449849,66.70055410833963,2,4172.530031878037
*CC(*)c1ccc(C(=O)c2ccc(C)cc2)cc1,PI174,1,17,-0.16847267171633445,0.0,1,3061.975924130607
*c1cccc(P(=O)(c2ccccc2)c2cccc(-n3c(=O)c4c(-c5ccc(C(F)(F)F)cc5)c5c(=O)n(*)c(=O)c5c(-c5ccc(C(F)(F)F)cc5)c4c3=O)c2)c1,PI1056,5,56,-1.1528857684469236,51.336271055721475,5,2326.4839216747723
*CC(*)(C)C(=O)OC(C)CC,PI442,1,10,0.6486180354859366,0.0,1,3672.455084174454
*CC(*)C(=O)c1ccccc1,PI321,1,10,-0.0821348016206418,0.0,1,3126.482190021776
*CCCCCCN1C(=O)c2ccc(C(c3ccc4c(c3)C(=O)N(*)C4=O)(C(F)(F)F)C(F)(F)F)cc2C1=O,PI970,4,37,-0.8663448233141671,249.87127087134903,4,2540.5694252313706
*CC(*)OCC(C)(C)C,PI276,1,8,1.2032525807313386,0.0,1,4086.8433868783977
*CC(*)C(=O)OC(F)(C(F)(F)F)C(F)(F)F,PI432,1,15,-1.706572248942078,0.0,1,1912.80395375826
*CC(*)C1CC=CCC1,PI67,3,8,1.0220351795014917,85.0409702529858,3,3951.44905928052
*C#C/C(COS(=O)(=O)c1ccc(C)cc1)=C(/*)COS(=O)(=O)c1ccc(C)cc1,PI269,1,28,-1.0164068661434587,0.0,1,2428.4524361952786
*CC(*)C(=O)Oc1cccc(N(C)C)c1,PI475,2,14,0.008383684461175805,73.55533621694408,2,3194.1119511542684
*C(O)C(*)O,PI305,2,4,0.322303417304545,367.10388350700407,2,3428.6531754494163
*C(=O)Oc1ccc(OC(=O)c2ccc3c(c2)C(=O)N(c2ccc(-c4ccc(N5C(=O)c6ccc(*)cc6C5=O)cc4C(F)(F)F)c(C(F)(F)F)c2)C3=O)cc1,PI1089,2,54,-1.2231955633910772,53.352078111897754,2,2273.9528327980797
*C(F)(F)C(*)(F)c1ccccc1,PI215,1,11,-0.8993892765944366,0.0,1,2515.880672924152
*c1ccc(Oc2c(C)cc(Cc3cc(C)c(Oc4ccc(N5C(=O)c6ccc(-c7ccc8c(c7)C(=O)N(*)C8=O)cc6C5=O)cc4)c(C)c3)cc2C)cc1,PI998,3,53,-0.5320757082996029,86.35181811929154,3,2790.3144373383006
*CC(*)Cc1ccc(C)c(C)c1,PI292,2,11,0.545217484870782,30.851563308836596,2,3595.2006487351528
*c1ccc(Oc2ccc(C(c3ccc(Oc4ccc(N5C(=O)c6ccc(Oc7ccccc7Oc7ccc8c(c7)C(=O)N(*)C8=O)cc6C5=O)cc4C(F)(F)F)cc3)(C(F)(F)F)C(F)(F)F)cc2)c(C(F)(F)F)c1,PI1077,5,73,-1.2857939952904336,20.808574963541815,5,2227.183192917056
*CC(*)c1ccccc1C(=O)O,PI97,1,11,-0.38709820166891074,0.0,1,2898.632578388027
*CC(*)OC(=O)C(C)(C)C(C)(C)CC,PI365,2,13,0.7301675920088546,0.253842019523247,2,3733.383821130136
*CC(*)(C)C(=O)OC(C)(C)C,PI444,1,10,0.5642289716845523,0.0,1,3609.404844669524
*/C=C/CCCCCCCCCC*,PI55,1,12,1.7421057926948127,0.0,1,4489.440862687111
*CC(*)(C(=O)OC)c1ccccc1,PI220,2,12,-0.12692681762452537,108.8914357620993,2,3093.016392325521
*CC(*)CC(C)(C)C,PI39,1,7,1.5765791621772203,0.0,1,4365.769699286824
*CC(*)c1ccc(Cl)c(C)c1,PI207,2,10,-0.5101232046465461,150.36467964459516,2,2806.7159774278516
*CC(*)c1ccc(F)cc1C,PI189,1,10,-0.17324274430943504,0.0,1,3058.412023716227
*c1ccc(Cc2ccc(N3C(=O)C4CCC5C(=O)N(*)C(=O)C5C4C3=O)c(C)c2)cc1C,PI1066,5,31,-0.528476474096236,27.782725926278438,5,2793.003560411057
*c1ccc2c(c1)C(=O)N(c1ccc3c(c1)-c1cc(N4C(=O)c5ccc(C(*)(C(F)(F)F)C(F)(F)F)cc5C4=O)ccc1C3)C2=O,PI959,5,44,-1.21387154398009,101.53826837267471,5,2280.9191579417616
*CC(*)c1ccc(C(C)=O)cc1,PI218,1,11,0.1875769691007481,0.0,1,3327.9939852148805
*CC(*)OC(=O)c1ccc(C#N)cc1,PI403,2,13,-0.6379759643896978,178.58941850219418,2,2711.1923780412717
*c1ccc(S(=O)(=O)c2ccc(N3C(=O)c4ccc(Oc5ccc6c(c5)C(=O)N(*)C6=O)cc4C3=O)cc2)cc1,PI987,4,38,-1.163206115792684,43.23492992480854,4,2318.773202505571
*CCC=C(*)CCCCCCC,PI68,2,11,1.6779507793530413,111.01493923951081,2,4441.508242339991
*CC(*)C(=O)C1CCCCC1,PI300,1,10,0.6704864503870933,0.0,1,3688.793798398802
*C(F)(F)C(*)(F)OC(F)(F)C(F)(F)F,PI311,1,13,-2.1596089266981586,0.0,1,1574.323234215427
*CC(*)C(=O)Oc1ccc(C#N)cc1,PI476,2,13,-0.6021435287217618,93.17366535197552,2,2737.9641367163726
*CC(*)OCC(F)(F)F,PI376,2,8,-0.6446699819352933,418.4209582063921,2,2706.1910260829973
*CC(*)(C)c1ccc(C)cc1,PI221,1,10,0.31022842065635464,0.0,1,3419.631491875802
*CC(*)c1ccccc1OC,PI110,1,10,0.17994675368392254,0.0,1,3322.2931646602487
*C(=O)c1ccc2c(c1)C(=O)N(c1ccc(Oc3c(C)cc(Cc4cc(C)c(Oc5ccc(N6C(=O)c7ccc(*)cc7C6=O)cc5)c(C)c4)cc3C)cc1)C2=O,PI999,3,55,-0.638619681770021,43.018480110843825,3,2710.7114326062283
*c1cccc(P(=O)(c2cccc(-n3c(=O)c4c(-c5ccccc5)c5c(=O)n(*)c(=O)c5c(-c5ccccc5)c4c3=O)c2)c2cc(C(F)(F)F)cc(C(F)(F)F)c2)c1,PI1057,5,56,-0.9829979611345597,178.79690889109182,5,2453.413484078997
*CC(*)CCCCCCCC,PI12,1,10,2.0409150961149,0.0,1,4712.692517561243
*c1ccc(S(*)(=O)=O)cc1,PI1137,1,9,-1.3020248705547288,0.0,1,2215.0564963204806
*CC(*)c1cc(C)ccc1F,PI197,2,10,-0.28062328893955163,39.30409417427307,2,2978.183985246299
*CC(*)(C)C(=O)OC,PI437,1,7,0.33502074389422737,0.0,1,3438.154767850406
*C(c1ccccc1)C(*)[N+](=O)[O-],PI222,1,11,-0.7315942782656866,0.0,1,2641.2466191237286
*CC(*)Cc1cc(C)ccc1C,PI291,1,11,0.6232662514340976,0.0,1,3653.5138140104937
*CC(*)OC(=O)c1ccc(OCC)cc1,PI343,2,14,-0.2180409302378694,62.701802163547384,2,3024.9416162375765
*CC(*)c1ccccc1C(=O)OCC,PI99,2,13,0.15862265736165954,149.90050149522315,2,3306.3611312926405
*CC(*)OC(=O)c1cccc(C)c1,PI361,1,12,-0.1643379748793982,0.0,1,3065.0651114506923
*CC(*)C(=O)OC1CC2CCC1(C)C2(C)C,PI428,1,15,0.5736253876089912,0.0,1,3616.425259967864
*CC(*)c1ccc(Cl)c(F)c1,PI209,2,10,-1.22562761155682,8.32359319277396,2,2272.135758257491
*Oc1ccc(S(=O)(=O)c2ccc(OC(=O)c3ccc(C(*)=O)cc3)cc2)cc1,PI583,1,27,-0.8836834961246748,0.0,1,2527.6150514753936
*CC(*)CCC1CCCCC1,PI42,1,10,1.4474107964777316,0.0,1,4269.263161271651
*CC(*)OC(=O)c1ccncc1,PI354,2,11,-0.4090929314552483,73.98547955759692,2,2882.1994895681455
*CC(*)c1ccc(CCC)cc1,PI233,2,11,0.879035682657473,196.77628928633794,2,3844.608763643161
*CC(*)OC(=O)c1ccc(Br)cc1,PI335,1,12,-1.740429163224632,0.0,1,1887.5081813174488
*c1ccc(C(C)(C)c2ccc(N3C(=O)c4ccc(Oc5ccc6c(c5)C(=O)N(*)C6=O)cc4C3=O)cc2)cc1,PI985,4,38,-0.692798232525079,31.732237974006463,4,2670.2326022073494
*c1ccc(Oc2c(C)cc(C(c3cc(C)c(Oc4ccc(-n5c(=O)c6cc7c(=O)n(*)c(=O)c7cc6c5=O)cc4)c(C)c3)c3cccc4ccccc34)cc2C)cc1,PI1004,5,57,-0.5467135898078563,115.09569358165147,5,2779.377926215102
*CC(*)c1ccc(C(C)=NO)cc1,PI138,2,12,0.305274516268882,301.2211556599986,2,3415.9302438225022
*CC(*)c1ccc(S(=O)(=O)OCCC)cc1,PI185,2,15,-0.39877357315382106,101.97945337265166,2,2889.9094697851733
*CC(*)(C)C(=O)OC(C)C,PI440,1,9,0.4015374931284236,0.0,1,3487.851929797552
*CC(*)C(=O)OCCCCCCCC,PI421,1,13,0.958175688472045,0.0,1,3903.737234753756
*c1cccc(Oc2cccc(Oc3cccc(-n4c(=O)c5cc6c(=O)n(*)c(=O)c6cc5c4=O)c3)c2)c1,PI962,5,36,-0.9435910555307538,31.58548320961505,5,2482.8558635123777
*CC(*)c1ccc(C(C)(C)O)cc1,PI139,1,12,0.7993509022520203,0.0,1,3785.0732709721415
*CC(*)C(=O)OCC(C)(C)C,PI459,1,10,0.5174582531334616,0.0,1,3574.4606839734843
*CC(*)OC(=O)C(F)(F)C(F)(F)C(F)(F)F,PI346,1,15,-1.7184686681266885,0.0,1,1903.9156921156605
*CC(*)c1ccc(C(=O)C(F)(F)F)cc1,PI223,1,14,-0.6580749502389828,0.0,1,2696.175670727322
*CC(*)C(=O)OC(CC)CC,PI457,2,10,0.825985339427624,75.32846390670787,2,3804.97285946566
*c1ccc2c(c1)C(=O)N(c1ccc(Oc3c(C)cc(Cc4cc(C)c(Oc5ccc(N6C(=O)c7ccc(C(*)(C(F)(F)F)C(F)(F)F)cc7C6=O)cc5)c(C)c4)cc3C)cc1)C2=O,PI1000,5,62,-0.8361727446443743,76.59536862919077,5,2563.112118570988
*CC(*)OC(C)=O,PI259,2,6,-0.0640962591450115,24.559432888254072,2,3139.95946269404
*CC(*)C1CCC(C)CC1,PI66,1,9,1.3753742952902859,0.0,1,4215.441985299663
*CC(*)c1cccs1,PI373,1,7,-0.8715772031053651,0.0,1,2536.6601177434686
*c1ccc(S(=O)(=O)c2ccc(N3C(=O)c4ccc(C(c5ccc6c(c5)C(=O)N(*)C6=O)(C(F)(F)F)C(F)(F)F)cc4C3=O)cc2)cc1,PI975,5,46,-1.3783468406087425,21.89328027819338,5,2158.0334855815618
*CC(*)OC(=O)CCCCCCC,PI370,1,12,1.126526985379921,0.0,1,4029.518812518256
*C([2H])([2H])C(*)([2H])c1c([2H])c([2H])c([2H])c([2H])c1[2H],PI240,2,8,0.8878007866950812,219.7437367195124,2,3851.157502116638
*CCCC=C(*)c1ccc(Cl)cc1,PI391,2,12,-0.4841155872383136,151.54425892988334,2,2826.1472453276947
*C1Cc2ccccc2C1*,PI386,1,9,0.03622549138179101,0.0,1,3214.91361093718
*c1cccc(P(=O)(c2ccccc2)c2cccc(-n3c(=O)c4cc5c(=O)n(*)c(=O)c5cc4c3=O)c2)c1,PI1011,5,36,-1.022390948781452,60.29983510627836,5,2423.981503274032
*c1ccc(Oc2ccc(N3C(=O)c4ccc(Oc5ccc(C6(c7ccc(Oc8ccc9c(c8)C(=O)N(*)C9=O)cc7)CCC(c7ccccc7)CC6)cc5)cc4C3=O)cc2)cc1,PI1028,2,61,-0.48748617447352954,9.524087782236093,2,2823.628952993598
*c1ccc(Oc2ccc(C3(c4ccc(Oc5ccc(N6C(=O)c7ccc(Oc8ccc(C9(c%10ccc(Oc%11ccc%12c(c%11)C(=O)N(*)C%12=O)cc%10)CCC(C(C)(C)C)CC9)cc8)cc7C6=O)cc5)cc4)CC4CC3C3CCCC43)cc2)cc1,PI1017,4,82,-0.2587463260603846,82.583693514525,4,2994.5290859861097
*CC(*)CC1CCCCC1,PI25,1,9,1.3394794812220616,0.0,1,4188.623621378563
*CC(*)OC(=O)CCCC(=O)c1ccccc1,PI333,1,16,0.91314042700365,0.0,1,3870.089699233841
*CC(*)c1ccccc1COC,PI85,2,11,0.24707745785830668,4.5533674282590075,2,3372.449035405435
*CC(*)c1ccc(C(C)C)cc1,PI120,1,11,0.6979929050306858,0.0,1,3709.344903898583
*C=CC(C)C(*)C(=O)OC,PI268,2,9,0.16702061679662863,113.38231766678673,2,3312.6355622422916
*CC(*)OC(C)CC,PI277,1,7,1.1808080493910953,0.0,1,4070.074234421524
*CC(*)N1CCCC1=O,PI408,1,8,0.10639792331273254,0.0,1,3267.3420707468817
*c1ccc(Oc2c(C)cc(C(c3cc(C)c(Oc4ccc(N5C(=O)c6ccc(-c7ccc8c(c7)C(=O)N(*)C8=O)cc6C5=O)cc4)c(C)c3)c3cccc4ccccc34)cc2C)cc1,PI1005,5,63,-0.48862211728142224,84.85972004263442,5,2822.780247451964
*CC(*)c1ccc(C(=O)N(C)C)cc1,PI155,3,13,-0.015722609408559456,97.14095517387385,3,3176.101233490185
*CC(*)OC(=O)c1ccccc1C,PI360,1,12,-0.24747219670627954,0.0,1,3002.952411521026
*CC(*)P(=O)(OCC)N(C)C,PI381,3,10,0.15316903439059906,36.53207688703144,3,3302.2865247144205
*CC(*)OC(=O)c1cccc([N+](=O)[O-])c1,PI369,2,14,-0.8893644188489821,88.56478201643876,2,2523.3706207133746
*CC(*)OC(=O)c1ccc(OC(=O)CCC)cc1,PI336,1,17,-0.14388203798649854,0.0,1,3080.348510297616
*CC(*)c1ccccc1C(=O)N(C)C,PI95,1,13,0.08308985301486788,0.0,1,3249.9277358973227
*Oc1ccc(-c2ccc(OC(=O)CCCCCCCCCCCC(*)=O)cc2)cc1,PI585,1,29,0.26004553420206117,0.0,1,3382.137972366702
*C(F)(F)C(*)(F)c1c(F)c(F)c(F)c(F)c1F,PI216,2,16,-2.0290476166839437,33.399765058727816,2,1671.8704932518353
*Oc1ccc(C(C)(C)c2ccc(OC(*)=O)c(CC)c2)cc1CC,PI1118,2,23,0.012958375073550722,34.10377430613834,2,3197.5298743516396
*CC(*)c1cc(Br)ccc1OCCCC,PI198,2,14,-0.8513629726168498,78.36852095494187,2,2551.762928656366
*CC(*)C=O,PI242,1,4,0.1324155506302031,0.0,1,3286.7808174259226
*CC(*)c1ccc(OCCC(C)C)cc1,PI182,1,14,0.6920417067039691,0.0,1,3704.8985400815377
*CC(*)c1ccccc1C,PI83,1,9,0.4773258193696299,0.0,1,3544.4762351984546
*CC(*)c1ccc(C(=O)OC)cc1,PI160,2,12,-0.006970350721632065,56.475099950336755,2,3182.6403747196537
*CC(*)c1ccc(OCC)cc1,PI179,2,11,0.33478103990907226,89.58449678347668,2,3437.9756759990037
*CC(*)C(=O)OC,PI411,1,6,-0.023545671239693602,0.0,1,3170.2563301354594
*CC(*)c1ccccc1COCCCCC,PI90,2,15,0.8621888362193483,59.262134524084,2,3832.021851844655
*CC(*)OCCCCCCCCCCCCCCCCCC,PI402,1,21,1.6462604809502168,0.0,1,4417.831230008353
*CC(*)C(=O)OCCc1ccccc1,PI474,1,13,0.010395808757876492,0.0,1,3195.6152847985336
*c1ccc(Oc2ccc(S(=O)(=O)c3ccc(Oc4ccc(N5C(=O)c6ccc(C(c7ccc8c(c7)C(=O)N(*)C8=O)(C(F)(F)F)C(F)(F)F)cc6C5=O)cc4)cc3)cc2)cc1,PI983,1,60,-1.2043717563616267,0.0,1,2288.016806115698
*CC(*)c1ccc(C(=O)N2CCCCC2)cc1,PI157,2,16,0.17790978877345165,1.8428704317237583,2,3320.7712716603382
*CC(*)c1ccc(COCC(CC)CCCC)cc1,PI235,2,18,1.0687735199761441,176.49533015404302,2,3986.3690290994227
*c1cccc(P(=O)(c2ccccc2)c2cccc(-n3c(=O)c4c(-c5ccccc5)c5c(=O)n(*)c(=O)c5c(-c5ccccc5)c4c3=O)c2)c1,PI1059,4,48,-0.8676878412069092,43.99059509742521,4,2539.5660061154044
*CC(*)O,PI241,1,3,2.0686451525751535,0.0,1,4733.4106843774925
*CC(*)CNc1ccc([N+](=O)[O-])cc1[N+](=O)[O-],PI396,1,16,0.16161847914883987,0.0,1,3308.599422283051
*/C=C/C(C*)OC,PI279,3,6,0.6485521758544344,126.26456934042541,3,3672.405877969848
*CC(*)C(=O)Oc1ccc(C(=O)OCC)cc1,PI470,1,16,-0.18940496337498428,0.0,1,3046.3366227446936
*CC(*)OC(=O)CC(C)(C)c1ccccc1,PI363,1,15,0.1347967313281709,0.0,1,3288.5598869705823
*CC(*)C(=O)OCC(F)(F)C(F)(F)F,PI430,1,13,-1.298279564004492,0.0,1,2217.8547555305554
*CC(*)Cc1ccccc1C,PI295,1,10,0.5066628739772335,0.0,1,3566.39505069488
*CC(*)C(=O)c1ccc(C)cc1,PI330,1,11,0.0743116474413173,0.0,1,3243.369208774205
*c1ccc(Oc2ccc(Oc3ccc(N4C(=O)c5ccc(-c6ccc7c(c6)C(=O)N(*)C7=O)cc5C4=O)cc3)cc2)cc1,PI1033,2,42,-0.7866775105764515,25.490917642244458,2,2600.0918671516793
*CC(*)c1ccccc1COC(C)C,PI88,1,13,0.4485269407228991,0.0,1,3522.959511178108
*CC(*)c1ccc(C(C)C)cc1C(C)C,PI188,2,14,0.5655487166488447,3.2990405539248187,2,3610.3908757064355
*CC(*)c1ccc(C(=O)CC)cc1,PI167,1,12,0.11033627049574583,0.0,1,3270.2845578649635
*CC(*)CCCN(CC(C)C)CC(C)C,PI266,1,14,2.747402167567425,0.0,1,5240.535546689473
