smiles_list,monomer_ID,replicate_count,heavy_atom_count,tg,tg_std,tg_count,tg_raw
*c1cc(C(c2ccc(O)c(N3C(=O)c4ccc(Oc5ccc6c(c5)C(=O)N(*)C6=O)cc4C3=O)c2)(C(F)(F)F)C(F)(F)F)ccc1O,PI1083,5,46,0.5487427822766172,46.42115895521093,5,688.4709182491212
*c1ccc(S(*)(=O)=O)cc1,PI1137,1,9,0.6755725184581226,0.0,1,716.9970368545079
*CC(OC)C1C(=O)OC(=O)C1*,PI387,2,11,-0.02823550742540864,1.4140545931971595,2,558.6988977411005
*CC(*)c1ccc(C(=O)OC(C)C)cc1,PI163,2,14,-0.4642069235431099,0.0,1,460.6416700028512
*CC(*)C1CCC1,PI21,1,6,-0.6167476160622906,0.0,1,426.3327293872
*CC(*)OC(=O)c1ccc(OCC)cc1,PI343,2,14,-0.7775076324822251,17.82085598731644,2,390.17512602487676
*c1ccc(Oc2ccc(N3C(=O)C4CCC5C(=O)N(*)C(=O)C5C4C3=O)cc2)cc1,PI1064,5,29,0.7767224055793415,34.50371444698402,5,739.7473299940605
*CC(*)c1cc(C)c(C)cc1C,PI211,1,11,-0.552774009777118,0.0,1,440.7214582093866
*c1cccc(P(=O)(c2ccc(C(F)(F)F)cc2)c2cccc(-n3c(=O)c4c(-c5ccccc5)c5c(=O)n(*)c(=O)c5c(-c5ccccc5)c4c3=O)c2)c1,PI1058,5,52,0.6937508741588578,58.951594264915535,5,721.0856516098676
*CC(*)c1ccc(OCCC)cc1,PI180,2,12,0.18700470863849808,331.07393401958353,2,607.110004764939
*c1ccc2c(c1)C(=O)N(c1ccc(Oc3c(C)cc(Cc4cc(C)c(Oc5ccc(N6C(=O)c7ccc(C(*)(C(F)(F)F)C(F)(F)F)cc7C6=O)cc5)c(C)c4)cc3C)cc1)C2=O,PI1000,5,62,0.2078436824902107,41.958599166073114,5,611.7970368254472
*c1ccc(N2C(=O)c3ccc(Oc4ccc(C(C)(C)c5cccc(Oc6ccc7c(c6)C(=O)N(*)C7=O)c5)cc4)cc3C2=O)cc1,PI1079,4,45,0.18108621094568342,17.263911916507613,4,605.7788361270943
*CC(*)c1ccc(C(C)CC)cc1,PI123,1,12,2.726261402576831,0.0,1,1178.231098300492
*Cc1cccc(COC(=O)Nc2ccc(Cc3ccc(NC(=O)O*)cc3)cc2)c1,PI660,4,29,-0.12398833766016866,9.234441793029038,3,537.162492523248
*c1ccc(Oc2ccc(C3(c4ccc(Oc5ccc(N6C(=O)c7ccc(Oc8ccc(C9(c%10ccc(Oc%11ccc%12c(c%11)C(=O)N(*)C%12=O)cc%10)CCC(C(C)(C)C)CC9)cc8)cc7C6=O)cc5)cc4)CC4CC3C3CCCC43)cc2)cc1,PI1017,4,82,0.07996890577649152,26.0083854269486,4,583.0358712108425
*c1cccc(P(=O)(c2ccccc2)c2cccc(-n3c(=O)c4c(-c5ccccc5)c5c(=O)n(*)c(=O)c5c(-c5ccccc5)c4c3=O)c2)c1,PI1059,4,48,1.0056152068114486,16.59620477950937,4,791.2291306541365
*C(=O)c1ccc2c(c1)C(=O)N(c1ccc(C3(c4ccc(N5C(=O)c6ccc(*)cc6C5=O)cc4)c4ccccc4-c4ccccc43)cc1)C2=O,PI969,4,49,0.7145402684907063,26.41243832480193,4,725.761532411163
*CC(*)(C)c1ccccc1,PI213,1,9,-0.22610132948289216,0.0,1,514.1955811065336
*C(C)C(*)OCCCC,PI284,1,8,-1.2348065654149036,0.0,1,287.32098478243347
*CC(*)c1ccc(C(C)=O)cc1,PI218,1,11,-0.4907999887682234,0.0,1,454.66044702209257
*CC(*)N1CCNC1,PI400,3,7,-1.097510812891978,36.929649815391585,2,318.20108465806436
*CC(*)c1ccc(C(=O)CCC)cc1,PI168,2,13,-0.27675146962513253,0.0,1,502.8035215739861
*c1ccc(Oc2ccc(Oc3ccc(N4C(=O)c5ccc(-c6ccc7c(c6)C(=O)N(*)C7=O)cc5C4=O)cc3)c(-c3ccccc3)c2)cc1,PI1036,1,48,0.5141394700372491,0.0,1,680.6880573933136
*C(=O)Oc1ccc(OC(=O)c2ccc3c(c2)C(=O)N(c2ccc(C(=O)Oc4ccc(N5C(=O)c6ccc(*)cc6C5=O)cc4)cc2)C3=O)cc1,PI1092,2,49,0.2848380589230655,0.5157611338183075,2,629.114353569907
*CC(*)c1ccc(C(=O)CCN2CCCCC2)cc1,PI158,1,18,-1.2948332780107312,0.0,1,273.8199780425824
*c1ccc2c(c1)C(=O)N(c1c(CC)cc(Cc3cc(CC)c(N4C(=O)c5ccc(C(*)(C(F)(F)F)C(F)(F)F)cc5C4=O)c(CC)c3)cc1CC)C2=O,PI972,5,52,0.4244992194363034,49.57834572444133,5,660.526473072112
*c1ccc(Oc2ccc(Oc3ccc(N4C(=O)c5cccc(Oc6cccc7c6C(=O)N(*)C7=O)c5C4=O)cc3)cc2)cc1,PI1062,4,43,0.4393298405209115,9.271025957698082,4,663.8621265930311
*c1ccc(Oc2ccc(N3C(=O)c4cccc(Oc5cccc6c5C(=O)N(*)C6=O)c4C3=O)cc2)cc1,PI1060,5,36,0.596782138152094,22.250790182049315,5,699.2757689465088
*CCCCOC(=O)NCC(F)(F)C(F)(F)C(F)(F)C(F)(F)CNC(=O)O*,PI658,1,26,-0.9560918904668649,0.0,1,350.00855407021805
*CC(*)C(=O)OCc1ccccc1,PI473,1,12,-1.0322831340314125,0.0,1,332.8718752750829
*CC(*)C(N)=O,PI455,1,5,-0.18704531164722002,0.0,1,522.9799295612215
*CC(*)C(=O)c1ccc(C)cc1,PI330,1,11,-0.5126691607530914,0.0,1,449.7417062549497
*CC(*)(C)C(=O)OC(C)CC,PI442,1,10,3.9643413400773357,0.0,1,1456.69588269101
*CC(*)C(C)C,PI5,3,5,-0.5847411802038422,117.74589408629856,3,433.5315095228551
*CC(*)CC(C)(C)C,PI39,1,7,-0.48672894377362375,0.0,1,455.57609279933854
*CC(*)c1ccccc1F,PI112,2,9,-0.8213949434138378,0.0,1,380.3041393414776
*C(=O)c1ccc2c(c1)C(=O)N(c1c(C(C)C)cc(Cc3cc(C(C)C)c(N4C(=O)c5ccc(*)cc5C4=O)c(C(C)C)c3)cc1C(C)C)C2=O,PI1071,5,49,0.6242050307285483,55.19522360448791,5,705.443633910126
*CC(*)c1c(C)cc(C)cc1C,PI210,1,11,-0.5658188016240158,0.0,1,437.7874674071456
*c1cccc(Oc2cccc(Oc3cccc(-n4c(=O)c5cc6c(=O)n(*)c(=O)c6cc5c4=O)c3)c2)c1,PI962,5,36,0.6038527176689753,50.87271991752439,5,700.866059961691
*c1ccc(Oc2ccc(Oc3ccc(N4C(=O)c5ccc(Oc6cccc7c6C(=O)N(*)C7=O)cc5C4=O)cc3)cc2)cc1,PI1063,5,43,0.38067933437707474,33.821063535281915,5,650.6706515896398
*c1ccc2c(c1)C(=O)N(c1ccc(Sc3ccc(Oc4ccc(Sc5ccc(N6C(=O)c7ccc(C(*)(C(F)(F)F)C(F)(F)F)cc7C6=O)cc5)cc4)cc3)cc1)C2=O,PI1115,1,58,0.19506017454353883,0.0,1,608.9218131211434
*c1ccc(Oc2ccccc2Oc2ccc(N3C(=O)c4ccc(Oc5ccccc5Oc5ccc6c(c5)C(=O)N(*)C6=O)cc4C3=O)cc2C(F)(F)F)c(C(F)(F)F)c1,PI1073,5,58,0.25826159440000185,48.235355671670234,5,623.1368643633394
*c1ccc(C(c2ccc(N3C(=O)c4cc5c(cc4C3=O)C(C(F)(F)F)(C(F)(F)F)c3cc4c(cc3O5)C(=O)N(*)C4=O)cc2)(C(F)(F)F)C(F)(F)F)cc1,PI995,5,53,0.4939304125365653,63.71620067664591,5,676.1427040044002
*c1cc(C(c2ccc(O)c(N3C(=O)c4ccc(-c5ccc6c(c5)C(=O)N(*)C6=O)cc4C3=O)c2)(C(F)(F)F)C(F)(F)F)ccc1O,PI1097,2,45,0.8053282224630863,28.165953098464893,2,746.1812543228306
*CC(*)c1ccc(OC(C)=O)cc1,PI232,1,12,-0.30279640177006245,0.0,1,496.94558284601874
*CC(*)c1ccc(COCCOCC)cc1,PI133,2,15,-1.095322815192537,4.759676761414231,2,318.69320175742695
*CC(*)C(=O)OCC,PI412,1,7,-0.9985556483658977,0.0,1,340.4577481572836
*c1ccc(-c2ccc(N3C(=O)c4cc5c(cc4C3=O)C(C(F)(F)F)(C(F)(F)F)c3cc4c(cc3O5)C(=O)N(*)C4=O)cc2C(F)(F)F)c(C(F)(F)F)c1,PI1111,3,52,0.7050956612891388,108.26547566428933,3,723.6372830566769
*CC(*)C(=O)Oc1ccc(OC)cc1,PI464,1,13,-0.7387298980114892,0.0,1,398.8968839190772
*CC(*)c1ccc(C(=O)c2ccc(C)cc2)cc1,PI174,1,17,-0.5766999107177408,0.0,1,435.3401248681566
*CC(*)c1ccc(CCCC)cc1,PI121,2,12,-0.4909736995668523,13.924895659224603,2,454.62137657226026
*c1cccc(N2C(=O)c3ccc(Oc4ccc5c(c4)C4(CC(C)(C)c6ccc(Oc7ccc8c(c7)C(=O)N(*)C8=O)cc64)CC5(C)C)cc3C2=O)c1,PI986,3,51,0.4427786512262605,34.02763080791977,3,664.6378215222354
*CC(*)c1cccs1,PI373,1,7,-0.6053068740495174,0.0,1,428.9059426841428
*c1cccc(P(=O)(c2ccccc2)c2cccc(-n3c(=O)c4cc5c(=O)n(*)c(=O)c5cc4c3=O)c2)c1,PI1011,5,36,0.9377329807955346,39.80427360958085,5,775.9612881999313
*CC(*)c1cc(C)ccc1C,PI192,1,10,-0.44499060616991803,0.0,1,464.9637396140498
*CC(*)c1ccc(Cl)c(C)c1,PI207,2,10,-0.5278094450636192,0.0,1,446.3364043205255
*CC(*)c1cccc(CC)c1,PI114,1,10,-0.4790033325636892,0.0,1,457.31371134455344
*CC(*)CCC,PI4,2,5,-1.2438340318294554,0.0,1,285.290557333786
*c1ccc(Oc2ccc(S(=O)(=O)c3ccc(Oc4ccc(-n5c(=O)c6cc7c(=O)n(*)c(=O)c7cc6c5=O)cc4)cc3)cc2)cc1,PI966,5,45,0.6151988102034178,36.77387373655755,5,703.4179850156232
*c1ccc(C(=O)Oc2ccc(N3C(=O)c4ccc(-c5ccc6c(c5)C(=O)N(*)C6=O)cc4C3=O)cc2)cc1,PI1091,3,37,0.5022046826810829,41.574323770931365,3,678.0037250758131
*CC(*)C(C)c1ccccc1,PI28,2,10,-0.7594006046683401,72.15999696796229,2,394.24769795131147
*c1ccc(Oc2ccc(S(=O)(=O)c3ccc(Oc4ccc(N5C(=O)c6ccc(C(=O)c7ccc8c(c7)C(=O)N(*)C8=O)cc6C5=O)cc4)cc3)cc2)cc1,PI963,3,53,0.35364577788341817,43.11401760753386,3,644.5903547911046
*CC(*)c1cc(Br)ccc1OC(C)C,PI202,1,13,3.848608973432974,0.0,1,1430.6657471977487
*CC(*)(F)C(C)=O,PI320,1,6,-0.7299826148635751,0.0,1,400.8642934877229
*c1ccc(S(=O)(=O)c2ccc(N3C(=O)c4ccc(C(c5ccc6c(c5)C(=O)N(*)C6=O)(C(F)(F)F)C(F)(F)F)cc4C3=O)cc2)cc1,PI975,5,46,0.7835762422737563,29.577002562812115,5,741.2888719410297
*CC(*)c1ccc(Oc2ccccc2)cc1,PI183,1,15,-0.6987489902272761,0.0,1,407.8892555169439
*CCO*,PI524,1,3,-1.4685420627744286,0.0,1,234.7499811620763
*c1cc(C(c2ccc(O)c(-n3c(=O)c4cc5c(=O)n(*)c(=O)c5cc4c3=O)c2)(C(F)(F)F)C(F)(F)F)ccc1O,PI979,4,39,0.6042970158708385,19.24876992444636,4,700.9659900221334
*C(c1ccccc1)C(*)[N+](=O)[O-],PI222,1,11,-0.06913142752860053,0.0,1,549.5007246433456
*c1ccc2c(c1)C(=O)N(c1c(C(C)C)cc(Cc3cc(C(C)C)c(N4C(=O)c5ccc(C(*)(C(F)(F)F)C(F)(F)F)cc5C4=O)c(C(C)C)c3)cc1C(C)C)C2=O,PI973,5,56,0.13001801934682874,30.70130906680248,5,594.2927498639584
*CC(*)C1CC=CCC1,PI67,3,8,-1.0169275969706304,186.71733267659027,2,336.32559113567896
*C(=O)c1ccc2c(c1)C(=O)N(c1c(C)cc(C(c3cc(C)c(N4C(=O)c5ccc(*)cc5C4=O)c(C)c3)c3cccc4ccccc34)cc1C)C2=O,PI1002,5,51,0.7635107906274469,36.95706226181484,5,736.7758178989229
*C1CCC(CC2CCC(N3C(=O)C4C5C=CC(C6C(=O)N(*)C(=O)C56)C4C3=O)C(C)C2)CC1C,PI1082,4,33,0.282894520491062,51.3163244572282,4,628.6772194285404
*C(C)C(*)C,PI49,1,4,-0.5830863964765232,0.0,1,433.9036979251413
*Oc1ccc(C2(c3ccc(OC(*)=O)cc3)CCCCC2)cc1,PI801,1,22,-0.3413332391528786,0.0,1,488.27800671635225
*CC(*)c1cc(C)cc(C)c1,PI205,1,10,-0.6470814779912307,0.0,1,419.51013896640126
*CC(*)C(=O)OC(CC)CC,PI457,2,10,-1.3208133422712085,50.011509473876934,2,267.97662918148137
*CC(*)OC(=O)CCCC(=O)c1ccccc1,PI333,1,16,-1.1359361161896488,0.0,1,309.5585944005063
*c1ccc(Oc2cc(C(C)(C)C)ccc2Oc2ccc(N3C(=O)c4ccc(-c5ccc6c(c5)C(=O)N(*)C6=O)cc4C3=O)cc2)cc1,PI1037,3,46,0.5657953642537018,10.088091144231038,3,692.3063277567957
*CC(*)OC(=O)C(F)(F)C(F)(F)C(F)(F)C(F)(F)C(F)(F)F,PI350,1,21,4.118285028213728,0.0,1,1491.3203803722547
*Oc1ccc(OC(=O)Oc2ccc(-c3ccc(OC(*)=O)cc3)cc2)cc1,PI815,1,26,-0.3930791862130456,0.0,1,476.6394819694906
*c1ccc(Oc2cc(C(C)(C)C)ccc2Oc2ccc(-n3c(=O)c4cc5c(=O)n(*)c(=O)c5cc4c3=O)cc2)cc1,PI1032,3,40,0.1726627540770269,40.33944563519803,3,603.8842604783775
*CC(*)c1ccc(C(=O)N2CCOCC2)cc1,PI159,2,16,-0.3836457751451772,0.0,1,478.7612131271607
*C1CCC(N2C(=O)c3ccc(-c4ccc5c(c4)C(=O)N(*)C5=O)cc3C2=O)CC1,PI978,5,28,0.6914682338483684,54.52618543181332,5,720.5722478120605
*CCC1CC(OC(=O)CCCCCCCCCCOc2ccc(-c3ccc(C#N)cc3)cc2)CC1*,PI399,1,35,-0.3426357134501076,0.0,1,487.9850585686872
*c1ccc2c(c1)C(=O)N(c1cc(N3C(=O)c4ccc(C(*)(C(F)(F)F)C(F)(F)F)cc4C3=O)ccc1C)C2=O,PI974,5,38,0.6454158425448606,151.31470312257875,5,710.2142985176969
*CC(*)c1ccc(C(=O)N2CCCCC2)cc1,PI157,2,16,-0.4873457634144207,51.65148733678628,2,455.43735979585483
*CC(*)CCCC(C)(C)C,PI41,1,9,-0.8950319960537604,0.0,1,363.74194059692286
*CC(*)c1ccc(C(=O)CCCCCCC)cc1,PI171,2,17,-0.8694513212553563,36.98181283199192,2,369.4954601206157
*CC(*)OCC(C)(C)C,PI276,1,8,-0.9859262475455678,0.0,1,343.29831060393354
*CC(*)(C)CC,PI14,2,5,-0.29643772247285005,0.0,1,498.3757556530197
*CC(*)C(=O)OC(C)C,PI414,1,8,0.7394026290917881,0.0,1,731.353491116347
*CC(*)OC1CCCCC1,PI308,2,9,-1.5526736408419641,0.0,1,215.82738897929104
*c1ccc(Oc2ccc(Oc3ccc(N4C(=O)c5ccc(-c6ccc7c(c6)C(=O)N(*)C7=O)cc5C4=O)cc3)cc2)cc1,PI1033,2,42,0.4135374817169685,12.195213276439501,2,658.0609958132507
*CC(*)C(=O)c1ccc(OC)cc1,PI327,1,12,-0.5682360310568907,0.0,1,437.2437922756296
*CC1CC(*)C(OC(=O)CCCCCCCCCCOc2ccc(-c3ccc(C#N)cc3)cc2)C1OC(=O)CCCCCCCCCCOc1ccc(-c2ccc(C#N)cc2)cc1,PI397,1,62,-0.41269164475526315,0.0,1,472.2283136160543
*CC(*)(C)C(=O)OCc1ccccc1Cl,PI452,1,14,-0.6988989285933357,0.0,1,407.8555318828618
*CC(*)OC(C)=O,PI259,2,6,-0.9543046466804299,0.0,1,350.41053494444793
*c1ccc(Sc2ccc3c(c2)Sc2ccc(Sc4ccc(-n5c(=O)c6cc7c(=O)n(*)c(=O)c7cc6c5=O)cc4)cc2S3)cc1,PI1086,2,44,0.6788100768107921,47.32698178143426,2,717.725217613537
*C(F)(F)C(*)(F)OC(F)(F)F,PI315,2,10,-0.5607347928013388,188.71383702251472,2,438.9309456089686
*c1ccc(Oc2ccc(N3C(=O)c4ccc(Oc5cccc6c5C(=O)N(*)C6=O)cc4C3=O)cc2)cc1,PI1061,3,36,0.6172203836398615,28.378638201643998,3,703.8726705282933
*c1cccc(P(=O)(c2cccc(-n3c(=O)c4c(-c5cc(C(F)(F)F)cc(C(F)(F)F)c5)c5c(=O)n(*)c(=O)c5c(-c5cc(C(F)(F)F)cc(C(F)(F)F)c5)c4c3=O)c2)c2cc(C(F)(F)F)cc(C(F)(F)F)c2)c1,PI1051,4,72,0.6078352733844459,39.84248598119064,4,701.7618030272564
*CC(*)c1ccc(OCCCC)cc1,PI181,2,13,-0.7785199898144509,7.659823917782413,2,389.94743001131116
*CC(*)SC,PI317,2,4,-0.705980167289101,4.069700688803562,2,406.2628434409386
*CC(*)C(=O)OCCCCCCCCCCCCCCCC,PI424,2,21,0.9539898379765628,0.0,1,779.6177259570294
*CC(*)c1ccccc1COC(C)C,PI88,1,13,-1.7761039563681775,0.0,1,165.5741922713951
*CC(*)(C)C,PI13,1,4,-0.4112561913432985,0.0,1,472.5511709799111
*c1ccc(Oc2ccc(Oc3ccc(-n4c(=O)c5cc6c(=O)n(*)c(=O)c6cc5c4=O)cc3)cc2-c2ccccc2)cc1,PI1031,2,42,0.496989577651164,1.3201096507805055,2,676.8307611550326
*CC(*)c1ccc(C(=O)N(CC)CC)cc1,PI156,1,15,-0.610704596220141,0.0,1,427.69190512896114
*c1ccc(Oc2ccc(Oc3ccc(N4C(=O)c5ccc(Oc6ccccc6Oc6ccc7c(c6)C(=O)N(*)C7=O)cc5C4=O)cc3C(F)(F)F)cc2)c(C(F)(F)F)c1,PI1072,5,58,0.1845788365889753,22.837764820587157,5,606.5643857650923
*c1ccc(Oc2c(C)cc(C(c3cc(C)c(Oc4ccc(N5C(=O)c6ccc(-c7ccc8c(c7)C(=O)N(*)C8=O)cc6C5=O)cc4)c(C)c3)c3cccc4ccccc34)cc2C)cc1,PI1005,5,63,0.34789174811956924,62.94382315597701,5,643.2961777278678
*CC(*)OCCOC,PI375,2,7,-1.0859211062712895,51.1223019780694,2,320.8078025746755
*CC(*)Cc1ccc(C)c(C)c1,PI292,2,11,-0.565047111549056,52.39802776559324,2,437.96103334891654
*CC(*)C(=O)Oc1ccc(C#N)cc1,PI476,2,13,-0.9446139886669866,0.0,1,352.5901252217636
*C1Cc2ccccc2C1*,PI386,1,9,-0.18292823505669814,0.0,1,523.9059286105345
*Oc1ccc(S(=O)(=O)c2ccc(OC(=O)c3ccc(C(*)=O)cc3)cc2)cc1,PI583,1,27,-0.04263786718366992,0.0,1,555.4595673204044
*c1ccc(-c2ccc(Oc3ccc(C4(C)CC(C)(C)c5ccc(Oc6ccc(-c7ccc(N8C(=O)c9ccc(Oc%10ccc%11c(c%10)C(=O)N(*)C%11=O)cc9C8=O)cc7)cc6C(F)(F)F)cc54)cc3)c(C(F)(F)F)c2)cc1,PI1101,2,75,0.2680529076367756,4.603806849402632,2,625.339093675675
*c1ccc(-c2ccc(N3C(=O)c4cc5c(cc4C3=O)C(C(F)(F)F)(C(F)(F)F)c3cc4c(cc3O5)C(=O)N(*)C4=O)cc2OC(F)(F)F)c(OC(F)(F)F)c1,PI1112,3,54,0.1861825625563665,88.81414314727255,3,606.9250904273717
*Oc1ccc(OC(=O)c2ccc(-c3ccc(C(*)=O)cc3)cc2)cc1C,PI582,2,25,-0.07843957078926832,21.491665379415643,2,547.4071683004565
*CC(*)C(=O)c1ccc(CCC)cc1,PI329,2,13,-0.5370609850525171,0.0,1,444.2555789955552
*CC(*)c1cccc(C)c1,PI113,1,9,-0.3094671842857963,0.0,1,495.4452128305656
*CC(*)c1ccc(CCCCCCCCCCCCCC)cc1,PI129,1,22,-1.0702490101850928,0.0,1,324.3327178288559
*C(=O)Nc1cccc(C#Cc2cccc(N3C(=O)c4ccc(*)cc4C3=O)c2)c1,PI1018,4,28,0.9166587275150425,26.15758072306698,4,771.2213378799295
*CC(*)c1ccc(CCCCCC)cc1,PI124,2,14,-0.9794086965727968,0.007235221436308661,2,344.7642162950078
*CC(*)c1ccccc1C(=O)NC,PI94,2,12,-1.5926183703894756,0.0,1,206.84315446900465
*c1ccc(Oc2ccccc2Oc2ccc(N3C(=O)c4ccc(-c5ccc6c(c5)C(=O)N(*)C6=O)cc4C3=O)cc2)cc1,PI1034,1,42,0.4430313519866909,0.0,1,664.6946581291759
*C(=O)Oc1ccc(OC(=O)c2ccc3c(c2)C(=O)N(c2ccc(-c4ccc(N5C(=O)c6ccc(*)cc6C5=O)cc4C(F)(F)F)c(C(F)(F)F)c2)C3=O)cc1,PI1089,2,54,0.519817001877382,13.281620642024556,2,681.9650288002848
*CC(*)c1ccc(C(=O)OCCCCCC)cc1,PI166,1,17,-0.7086032698380174,0.0,1,405.6728640190986
*CC(*)c1ccc(C(=O)OCC)cc1,PI161,1,13,-0.6125736097524279,0.0,1,427.2715328779238
*CC(*)c1ccc(COCC(CC)CCCC)cc1,PI235,2,18,-0.8426686469545515,71.57185463749461,2,375.5193293383269
*c1ccc(-c2ccc(-n3c(=O)c4cc5c(=O)n(*)c(=O)c5cc4c3=O)cc2C(F)(F)F)c(C(F)(F)F)c1,PI967,3,36,0.760921412649828,54.21458044511388,3,736.1934236944753
*c1ccc(Oc2ccc3ccc(Oc4ccc(-n5c(=O)c6cc7c(=O)n(*)c(=O)c7cc6c5=O)cc4)cc3c2)cc1,PI1050,5,40,0.8339834178383441,36.81509584638506,5,752.6262846961913
*C(C)C(*)O,PI297,2,4,-0.5032394608205325,21.405688530923687,2,451.86260271652105
*C(F)(F)C(*)(F)c1ccccc1,PI215,1,11,-0.1807518185340612,0.0,1,524.3954409104782
*CC(*)c1ccc(COCCCC)cc1,PI150,2,14,-0.7285186194769036,119.05563111472264,2,401.1935704167403
*CC(*)c1ccc(COCCCCCC)cc1,PI153,1,16,-0.9779653162363233,0.0,1,345.08885655612136
*c1cccc(P(=O)(c2ccccc2)c2cccc(-n3c(=O)c4c(-c5ccc(C(F)(F)F)cc5)c5c(=O)n(*)c(=O)c5c(-c5ccc(C(F)(F)F)cc5)c4c3=O)c2)c1,PI1056,5,56,1.143609428658376,65.61396851159846,5,822.2663279059709
*CC(*)c1ccc(C(C)C)cc1C(C)C,PI188,2,14,0.8530634810225685,807.6708519711697,2,756.9177084724936
*c1ccc(Oc2ccc(Oc3ccc(N4C(=O)c5ccc(Oc6ccc(C7(c8ccc(Oc9ccc%10c(c9)C(=O)N(*)C%10=O)cc8)CCC(C(C)(C)C)CC7)cc6)cc5C4=O)cc3)c(C(C)(C)C)c2)cc1,PI1014,5,70,0.02370226848164711,17.543386092489005,5,570.3805679884026
*CC(*)C=O,PI242,1,4,-1.1919415621380998,0.0,1,296.9620374591062
*c1ccc(Oc2ccc(NC(=O)CN3C(=O)c4ccc(C(c5ccc6c(c5)C(=O)N(CC(=O)Nc5ccc(Oc7ccc(-c8nnc(*)o8)cc7)cc5)C6=O)(C(F)(F)F)C(F)(F)F)cc4C3=O)cc2)cc1,PI1021,2,70,0.16886789117579085,33.05316891048131,2,603.030732650669
*CC(*)c1ccc(CC)cc1,PI119,1,10,-0.7513641115240038,0.0,1,396.0552390178531
*CC(*)c1ccc(C(C)(O)CCC)cc1,PI141,2,14,-0.4695961349724339,6.217715074736091,2,459.4295466550395
*c1ccc(-c2ccc(N3C(=O)c4ccc(-c5cccc6c5C(=O)N(*)C6=O)cc4C3=O)c(C)c2)cc1C,PI1104,2,36,1.0972934670790815,27.19534820874488,2,811.8490972697524
*CC(*)(C)C(=O)OCCC,PI439,1,9,-0.08575068349538195,0.0,1,545.7627773676119
*Oc1ccc(-c2ccc(OC(=O)CCCCCCCCCCCC(*)=O)cc2)cc1,PI585,1,29,-0.5720751198077206,0.0,1,436.38031731825794
*CC(*)CCN(C(C)C)C(C)C,PI264,2,11,0.6233238611065096,462.2468409592087,2,705.2454441960532
*CC(*)(C)C(=O)OCC(C)C,PI443,1,10,3.1128362853709177,0.0,1,1265.178223544577
*c1ccc(Oc2ccc(S(=O)(=O)c3ccc(Oc4ccc(N5C(=O)c6ccc(C(c7ccc8c(c7)C(=O)N(*)C8=O)(C(F)(F)F)C(F)(F)F)cc6C5=O)cc4)cc3)cc2)cc1,PI983,1,60,0.3413493747729696,0.0,1,641.824689071779
*CC(*)N1CCCC1=O,PI408,1,8,-1.5777943339417608,0.0,1,210.17732699549256
*CC(*)c1ccc(COC)cc1,PI147,2,11,-0.8710550528501121,8.911821511798198,2,369.1347541926483
*c1cccc(P(=O)(c2ccc(C(F)(F)F)cc2)c2cccc(-n3c(=O)c4cc5c(=O)n(*)c(=O)c5cc4c3=O)c2)c1,PI1010,5,40,0.9124385602289958,7.249932837478128,5,770.2721520173644
*CC(*)OC(=O)c1ccccc1OC(C)=O,PI331,2,15,-0.5605630509482321,0.0,1,438.9695732101821
*C(=O)c1ccc2c(c1)C(=O)N(c1ccc(C(=O)Nc3ccc(N4C(=O)c5ccc(*)cc5C4=O)cc3)cc1)C2=O,PI991,5,39,0.9149273149037126,23.940036594275167,5,770.8319143662278
*CC(*)c1ccncc1,PI226,1,8,-0.35480395162393524,0.0,1,485.2482192767687
*c1cccc(P(=O)(c2cccc(-n3c(=O)c4cc5c(=O)n(*)c(=O)c5cc4c3=O)c2)c2cc(C(F)(F)F)cc(C(F)(F)F)c2)c1,PI1009,4,44,0.3596902104778771,93.65645445166932,4,645.9498482843737
*CC(*)C(=O)OCC(C)(C)C,PI459,1,10,-0.44094777996382756,0.0,1,465.8730385160901
*CC(*)SCCCC,PI307,2,7,2.0524667260009255,0.0,1,1026.683460984778
*c1ccc(Oc2ccc(C(C)(C)c3ccc(Oc4ccc(N5C(=O)c6ccc(C(c7ccc8c(c7)C(=O)N(*)C8=O)(C(F)(F)F)C(F)(F)F)cc6C5=O)cc4)cc3)cc2)cc1,PI982,1,60,0.24433133782368624,0.0,1,620.0037178058889
*CCCCCCN1C(=O)c2ccc(C(c3ccc4c(c3)C(=O)N(*)C4=O)(C(F)(F)F)C(F)(F)F)cc2C1=O,PI970,4,37,0.11853557698362976,20.2514178049544,4,591.7101574641495
*CC(*)OC(=O)c1ccccc1OC,PI357,3,13,-0.7576191896564796,0.0,1,394.64836783712616
*Oc1ccc(C(C)(C)c2ccc(OC(*)=O)c(CC)c2)cc1CC,PI1118,2,23,-0.19950253944880092,20.607168715379625,2,520.1780916921143
*c1ccc(Oc2c(C)cc(-c3cc(C)c(Oc4ccc(N5C(=O)c6ccc(Oc7ccccc7Oc7ccc8c(c7)C(=O)N(*)C8=O)cc6C5=O)cc4C(F)(F)F)c(C)c3)cc2C)c(C(F)(F)F)c1,PI1075,5,68,0.2007700612616281,21.994541631563926,5,610.2060616786775
*C(=O)Nc1ccc(C2(c3ccc(NC(=O)c4ccc5c(c4)C(=O)N(c4ccc(Sc6ccc(Oc7ccc(Sc8ccc(N9C(=O)c%10ccc(*)cc%10C9=O)cc8)cc7)cc6)cc4)C5=O)cc3)c3ccccc3-c3ccccc32)cc1,PI1113,1,80,0.3482957875380377,0.0,1,643.3870529178625
*CC(*)c1ccccc1C(=O)OCCC,PI100,2,14,-1.011212287388899,0.0,1,337.6110593855037
*CC(*)OC(=O)C(F)(F)C(F)(F)F,PI352,1,12,3.4831204237744786,0.0,1,1348.4612892341331
*c1ccc(Oc2ccc(C(c3ccc(Oc4ccc(N5C(=O)c6ccc(Oc7ccc(C8(c9ccc(Oc%10ccc%11c(c%10)C(=O)N(*)C%11=O)cc9)CCC(C(C)(C)C)CC8)cc7)cc6C5=O)cc4)cc3)(C(F)(F)F)C(F)(F)F)cc2)cc1,PI1013,4,81,0.10897992213855352,21.579915766285996,4,589.5609316463753
*CC(*)C(=O)C(C)(C)C,PI299,1,8,-0.4076984273831357,0.0,1,473.3513713095273
*CCCC=C(*)c1ccccc1,PI390,1,11,-0.6674521943029113,0.0,1,414.9284258202659
*CC(*)Cc1cccc(C)c1,PI294,1,10,-0.6420482378708433,0.0,1,420.64219844209146
*c1ccc2c(c1)C(=O)N(c1c(C)cc(C(c3cc(C)c(N4C(=O)c5ccc(C(*)(C(F)(F)F)C(F)(F)F)cc5C4=O)c(C)c3)c3cccc4ccccc34)cc1C)C2=O,PI1003,1,58,0.38444106250789295,0.0,1,651.5167268559903
*CC(*)C(=O)Oc1ccc(-c2ccccc2)cc1,PI472,1,17,-0.4125516970083209,0.0,1,472.2597901936143
*CC(*)C(=O)c1ccc(C(C)C)cc1,PI326,2,13,-0.25962824989669947,124.21592855502898,2,506.6548186876247
*CC(*)OCC(C)(C)CC,PI316,1,9,-0.7715721484936687,0.0,1,391.51011516335154
*c1cccc(P(=O)(c2cccc(-n3c(=O)c4c(-c5ccc(C(F)(F)F)cc5)c5c(=O)n(*)c(=O)c5c(-c5ccc(C(F)(F)F)cc5)c4c3=O)c2)c2cc(C(F)(F)F)cc(C(F)(F)F)c2)c1,PI1054,5,64,0.5935775830328959,65.91303496087508,5,698.5550111639891
*c1ccc(-c2nc3cc4nc(*)oc4cc3o2)cc1,PI547,1,18,-0.4959387168057845,0.0,1,453.5046615581024
*Cc1cc(*)c(O)cc1C,PI1138,1,9,-0.2655736524049995,0.0,1,505.31759870897696
*CC(*)OC(=O)c1ccncc1,PI354,2,11,-0.9511776001431965,0.0,1,351.1138597568407
*CC(*)OCC,PI254,1,5,-0.8844509372911086,0.0,1,366.1217968224536
*CC(*)CCCN(CC(C)C)CC(C)C,PI266,1,14,2.61434896398468,0.0,1,1153.0601282045748
*CC(*)C(=O)OCC(F)(F)C(F)(F)F,PI430,1,13,4.039644332187424,0.0,1,1473.632778950092
*C(=O)c1ccc2c(c1)C(=O)N(c1c(CC)cc(Cc3cc(CC)c(N4C(=O)c5ccc(*)cc5C4=O)c(CC)c3)cc1CC)C2=O,PI1070,5,45,0.5382457335969324,50.16827885201977,5,686.109957289503
*c1cccc(Oc2ccc(-n3c(=O)c4cc5c(=O)n(*)c(=O)c5cc4c3=O)cc2)c1,PI953,1,29,0.8897814342808718,0.0,1,765.1761872892787
*CC(*)c1ccc(OCC)cc1,PI179,2,11,-0.8131780948862679,8.50864917071183,2,382.1522453355208
*CC(*)OC(=O)c1ccc(OC(=O)CCC)cc1,PI336,1,17,-0.7782532829169814,0.0,1,390.0074168315881
*C(=O)c1ccc2c(c1)C(=O)N(c1c(C)cc(Cc3cc(C)c(N4C(=O)c5ccc(*)cc5C4=O)c(C)c3)cc1C)C2=O,PI1069,5,41,0.49877797615369207,20.7217485802344,5,677.2330017441308
*c1cccc(P(=O)(c2ccc(C(F)(F)F)cc2)c2cccc(-n3c(=O)c4c(-c5ccc(C(F)(F)F)cc5)c5c(=O)n(*)c(=O)c5c(-c5ccc(C(F)(F)F)cc5)c4c3=O)c2)c1,PI1055,5,60,0.8617890459237261,58.855695985474114,5,758.8802332459679
*CC(*)OC,PI253,1,4,2.2294701130948895,0.0,1,1066.4944687643076
*c1ccc2c(c1)C(=O)N(c1cccc(Oc3ccc(S(=O)(=O)c4ccc(Oc5cccc(N6C(=O)c7ccc(C(*)(C(F)(F)F)C(F)(F)F)cc7C6=O)c5)cc4)cc3)c1)C2=O,PI984,5,60,0.4860261433873545,33.721548392655535,5,674.3649023150818
*CC(*)c1cc(Br)ccc1OCCCCC,PI203,2,15,2.948591187256428,0.0,1,1228.236767303887
*CCCCO*,PI527,1,5,2.0509510070289525,0.0,1,1026.3425505605455
*c1ccc2c(c1)C(=O)N(c1c(C)cc(Cc3cc(C)c(N4C(=O)c5ccc(C(*)(C(F)(F)F)C(F)(F)F)cc5C4=O)c(C)c3)cc1C)C2=O,PI971,5,48,0.6030798835598367,39.58419624684733,5,700.6922367075921
*CCCC(*)(C)C,PI17,1,6,-0.8510327539622086,0.0,1,373.6381024611605
*c1ccc(Oc2c(C)cc(Cc3cc(C)c(Oc4ccc(N5C(=O)c6ccc(-c7ccc8c(c7)C(=O)N(*)C8=O)cc6C5=O)cc4)c(C)c3)cc2C)cc1,PI998,3,53,0.24168477498088123,19.730845558783404,3,619.4084617734832
*CC(*)c1ccc(C(C)(C)C)cc1,PI122,1,12,-0.21253729636257107,0.0,1,517.2463579133539
*CC(*)c1ccc(Cl)c(F)c1,PI209,2,10,-0.6756904249149965,0.0,1,413.07551063953446
*CC(*)c1ccccc1C(=O)OCCCCC,PI104,1,16,2.4503325634305106,0.0,1,1116.1701098516144
*CCCCCCOC(=O)CCCCCNC(=O)CCCCC(=O)NCCCCCC(=O)O*,PI598,1,32,-1.1662380286311447,0.0,1,302.74318995119705
*CC(*)c1ccccc1C(=O)OCC,PI99,2,13,0.7580416613900329,322.8013626628173,2,735.5457197059299
*CCCC=C(*)c1ccc(Cl)cc1,PI391,2,12,-0.5284876033048044,0.0,1,446.18387524490254
*CC(*)C(=O)c1ccc(C)c(C)c1,PI328,1,12,-0.529587929019282,0.0,1,445.9363936780338
*c1cccc(P(=O)(c2ccc(C(F)(F)F)cc2)c2cccc(-n3c(=O)c4c(-c5cc(C(F)(F)F)cc(C(F)(F)F)c5)c5c(=O)n(*)c(=O)c5c(-c5cc(C(F)(F)F)cc(C(F)(F)F)c5)c4c3=O)c2)c1,PI1052,5,68,0.9362590300941791,73.82869944406872,5,775.6297721549465
*Oc1ccc(S(=O)(=O)c2ccc(Oc3ccc(-c4ccc(*)cc4)cc3)cc2)cc1,PI545,1,29,0.09401085533573642,0.0,1,586.1941393791578
*c1ccc(Oc2ccc(C3(c4ccc(Oc5ccc(N6C(=O)c7ccc(Oc8ccc(C9(c%10ccc(Oc%11ccc%12c(c%11)C(=O)N(*)C%12=O)cc%10)CCCCCCCCCCC9)cc8)cc7C6=O)cc5)cc4)CCC(C(C)(C)C)CC3)cc2)cc1,PI1047,3,84,0.1597763740909673,51.91843152327658,3,600.9858991402261
*C(F)(F)C(*)(F)OC(F)(F)C(F)(F)F,PI311,1,13,-0.5861630470325994,0.0,1,433.2117080076951
*CC(*)C(=O)Oc1cccc(C(=O)OC)c1,PI467,3,15,-0.45734114714035456,0.0,1,462.1858973889492
*CC(*)c1ccccc1C,PI83,1,9,-0.7743412947627211,0.0,1,390.8872880781197
*Oc1cccc2c(OC(=O)Oc3ccc(OC(*)=O)cc3)cccc12,PI817,1,24,-0.09510291761976497,0.0,1,543.6593042556304
*C1CCC1*,PI72,2,4,0.3290432614399637,16.961916184507096,2,639.0568393617845
*c1ccc(Oc2ccc(C(c3ccc(Oc4ccc(N5C(=O)c6ccc(Oc7ccccc7Oc7ccc8c(c7)C(=O)N(*)C8=O)cc6C5=O)cc4C(F)(F)F)cc3)(C(F)(F)F)C(F)(F)F)cc2)c(C(F)(F)F)c1,PI1077,5,73,0.14081457227888933,20.789443187095294,5,596.721074314847
*c1ccc(Cc2ccc(N3C(=O)C4CCC5C(=O)N(*)C(=O)C5C4C3=O)c(C)c2)cc1C,PI1066,5,31,0.7655816425339315,20.946190183438986,5,737.2415869596898
*c1ccc(Oc2ccc(S(=O)(=O)c3ccc(Oc4ccc(N5C(=O)c6ccc(Oc7ccc8c(c7)C(=O)N(*)C8=O)cc6C5=O)cc4)cc3)cc2)cc1,PI964,5,52,0.47566318667518653,25.735433283443832,5,672.034100870768
*c1ccc(S(=O)(=O)c2ccc(N3C(=O)c4ccc(Oc5ccc6c(c5)C(=O)N(*)C6=O)cc4C3=O)cc2)cc1,PI987,4,38,0.5563031406026588,20.435414731791386,4,690.1713686703004
*CC(*)(C)C(=O)Oc1ccccc1,PI449,1,12,-0.36337610316023855,0.0,1,483.3201997224428
*C(=O)Oc1ccc(OC(=O)c2ccc3c(c2)C(=O)N(C2CCC(N4C(=O)c5ccc(*)cc5C4=O)CC2)C3=O)cc1,PI1088,1,40,0.16548044140633467,0.0,1,602.2688388172307
*CCCCCCCCCCN1C(=O)C2C3C=CC(C4C(=O)N(*)C(=O)C34)C2C1=O,PI1080,3,28,-0.49590053882222807,54.57022408372418,3,453.51324842203377
*CC(*)c1ccc(OC)cc1,PI178,1,10,-0.6996228316544352,0.0,1,407.6927140358691
*C(C)C(*)OC,PI288,1,5,-0.32270365531694256,0.0,1,492.4681101895029
*CC(*)c1ccc(CCCCCCCCCC)cc1,PI127,2,18,-1.119403748198588,56.0569792643935,2,313.276999124348
*c1ccc(Oc2ccc(C(C)(C)c3ccc(Oc4ccc(N5C(=O)C6CCC7C(=O)N(*)C(=O)C7C6C5=O)cc4)cc3)cc2)cc1,PI1068,5,45,0.36320412082416725,27.220617392662977,5,646.7401852063359
*CC(*)c1ccc(C(=O)OCCN(C)C)cc1,PI109,1,16,-0.9070040038182883,0.0,1,361.0492367900901
*CC(*)c1ccc2ccccc2c1,PI225,2,12,-0.35632528551288056,20.22186775783373,2,484.9060459642551
*CC(*)c1ccc(C(=O)OC)cc1,PI160,2,12,-0.4331909438272566,44.773513537910894,2,467.6176800670093
*CC(*)C(=O)OCCCCCCCCCCCCCC,PI423,1,19,-1.4976096053933587,0.0,1,228.212207030558
*CC(CCl)O*,PI526,1,5,-1.210736763297241,0.0,1,292.7346838934528
*CC(*)c1ccc(COC(C)CC)cc1,PI152,1,14,-0.8056535315780039,0.0,1,383.844644861434
*CC(*)OC(=O)c1ccc(CC)cc1,PI344,2,13,-0.511991264840942,0.0,1,449.89417632840633
*CC(*)CCc1ccc(C)cc1,PI282,1,11,-0.3144911342031204,0.0,1,494.3152428761693
*c1c(C)cc(C(c2cc(C)c(N3C(=O)c4ccc(-c5ccc6c(c5)C(=O)N(*)C6=O)cc4C3=O)c(C)c2)c2cccc3ccccc23)cc1C,PI1001,5,49,0.8127092273045935,65.41261548784047,5,747.8413651602011
*CC(*)O[N+](=O)[O-],PI267,1,6,-0.734151534686888,0.0,1,399.926634032483
*CC(*)c1ccc(C(=O)N(C)C)cc1,PI155,3,13,-0.2745072105852639,3.6989455287258677,2,503.30829278521753
*c1ccc(N2C(=O)c3ccc(-c4ccc5c(c4)C(=O)N(*)C5=O)cc3C2=O)nc1,PI715,1,28,0.6786598905312186,0.0,1,717.6914382195794
*c1ccc(Oc2ccc(Oc3ccc(N4C(=O)c5ccc(Oc6ccc(C7(c8ccc(Oc9ccc%10c(c9)C(=O)N(*)C%10=O)cc8)CCCCCCCCCCC7)cc6)cc5C4=O)cc3)c(C(C)(C)C)c2)cc1,PI1044,1,72,0.40342660214352816,0.0,1,655.7868907129769
*c1ccc2c(c1)C(=O)N(c1ccc(Oc3ccc4ccc(Oc5ccc(N6C(=O)c7ccc(C(*)(C(F)(F)F)C(F)(F)F)cc7C6=O)cc5)cc4c3)cc1)C2=O,PI1049,5,55,0.5726535793038171,19.3214903747704,5,693.8488544688347
*CC(*)CCc1ccccc1C,PI281,1,11,-0.8348963189505225,0.0,1,377.2674552680821
*Nc1ccc(*)cc1,PI1131,2,7,-0.036461142378415655,15.96851291194137,2,556.8488155337363
*CC(*)OC(=O)C(C)(C(C)C)C(C)C,PI356,2,13,3.9059937122658255,0.0,1,1443.5725300656277
*C(O)C(*)O,PI305,2,4,-0.657729045757713,12.352290030515993,2,417.1153237589416
*Oc1ccc(Oc2ccc(Oc3ccc(S(=O)(=O)c4ccc(*)cc4)cc3)cc2)cc1,PI546,1,30,-0.1273470623994652,0.0,1,536.4070594271884
*CC(*)c1ccc(C(=O)OCCC)cc1,PI162,1,14,-0.6608623783945434,0.0,1,416.4105850981244
*CC(*)SCC,PI309,3,5,-0.34976073069296315,22.659475644452737,3,486.38252360287873
*C(F)(F)C(*)(F)OC(F)C(F)F,PI405,1,11,1.187645912312546,0.0,1,832.1708660174852
*c1ccc(Oc2ccc(-c3ccc(Oc4ccc(N5C(=O)c6ccc(Oc7cccc(Oc8ccc9c(c8)C(=O)N(*)C9=O)c7)cc6C5=O)cc4)cc3)cc2)cc1,PI1038,3,56,0.24096178189601025,36.18291531723802,3,619.2458485952898
*CC(*)c1ccc(C(C)(O)CC)cc1,PI140,2,13,-0.5373832639711656,0.0,1,444.18309310278136
*c1cccc(Oc2ccc(N3C(=O)c4ccc(C(=O)c5ccc6c(c5)C(=O)N(*)C6=O)cc4C3=O)cc2)c1,PI992,5,37,0.6286477730413326,25.074854331483447,5,706.4428806007151
*c1ccc(Oc2ccc(C3(c4ccc(Oc5ccc(N6C(=O)c7ccc(Oc8ccccc8Oc8ccc9c(c8)C(=O)N(*)C9=O)cc7C6=O)cc5C(F)(F)F)cc4)c4ccccc4-c4ccccc43)cc2)c(C(F)(F)F)c1,PI1078,5,77,0.1987974880340235,27.721273818425963,5,609.7623971285287
*CC(*)OC(=O)C1CCCC1,PI378,1,10,-1.1497486839585578,0.0,1,306.4519180146392
*c1ccc2c(c1)C(=O)N(c1cc(C(c3ccc(O)c(N4C(=O)c5ccc(C(*)(C(F)(F)F)C(F)(F)F)cc5C4=O)c3)(C(F)(F)F)C(F)(F)F)ccc1O)C2=O,PI996,2,54,0.43425467978318466,57.66875809775374,2,662.7206384727798
*c1ccc2c(c1)C(=O)N(c1ccc(Oc3ccc(N4C(=O)c5ccc(C(C)(C)CCCCCCCCC(*)(C)C)cc5C4=O)cc3)cc1)C2=O,PI989,4,49,-0.10727247880334807,17.27378910613163,4,540.9221673967979
*CC(*)OC(=O)c1ccc(OC(C)=O)cc1,PI332,1,15,-0.48897262864283614,0.0,1,455.0714507286441
*CC(*)(C)C(=O)OC(C)C,PI440,1,9,-0.5357178450939217,0.0,1,444.5576735272957
*CC(*)c1ccc(C(=O)OCC(C)C)cc1,PI165,1,15,-0.43683517738167105,0.0,1,466.7980312864569
*CC(*)Cc1cc(C)cc(C)c1,PI293,2,11,-0.7060926627960641,0.0,1,406.2375413290615
*CC(CC(*)(C#N)C(=O)OC)c1ccccc1,PI238,2,16,-0.4349861413029113,0.0,1,467.2139102756937
*CC(C)O*,PI525,1,4,-1.1684008667020362,0.0,1,302.2567316710489
*c1cccc(N2C(=O)c3ccc(-c4cccc5c4C(=O)N(*)C5=O)cc3C2=O)c1,PI1103,1,28,1.020341883186896,0.0,1,794.5414052799227
*CC(*)OC(=O)c1cccnc1,PI368,1,11,-0.5724863035084673,0.0,1,436.28783526027024
*Oc1ccc(-c2ccc(OC(=O)CCCCCCCCCCCCC(*)=O)cc2)cc1,PI586,1,30,-0.31803267425684517,0.0,1,493.5186915731397
*c1cccc(P(=O)(c2cccc(-n3c(=O)c4c(-c5ccccc5)c5c(=O)n(*)c(=O)c5c(-c5ccccc5)c4c3=O)c2)c2cc(C(F)(F)F)cc(C(F)(F)F)c2)c1,PI1057,5,56,0.5912758923555728,55.34747122990462,5,698.0373226216092
