smiles_list,monomer_ID,replicate_count,heavy_atom_count,compressibility,compressibility_std,compressibility_count,compressibility_raw
*C(C)C(*)OC(C)(C)C,PI285,2,8,0.2820434399171413,1.3062039620993704e-12,2,4.08616287675396e-10
*CC(*)CCC,PI4,2,5,0.10115060803267455,1.4932240718018845e-11,2,3.8987673990105985e-10
*C=CCCCCCC*,PI57,1,8,0.6116594817587817,0.0,1,4.4276277926896037e-10
*CC(*)CCCCCCCCCCCC,PI32,2,14,0.6386267213735285,5.1661991483783546e-11,2,4.4555644372673876e-10
*CC(*)OC(=O)c1ccccc1Cl,PI337,1,12,-0.4326301463484906,0.0,1,3.3457985586457323e-10
*CC(*)c1ccc(COCCCC)cc1,PI150,2,14,0.2776502203558426,5.6738006664043615e-11,2,4.081611731913423e-10
*/C=C\CCCC*,PI60,2,6,0.5365251922003823,4.284344505126676e-11,2,4.349792612931365e-10
*C(=O)Oc1ccc(OC(=O)c2ccc3c(c2)C(=O)N(c2ccc(C(=O)Oc4ccc(N5C(=O)c6ccc(*)cc6C5=O)cc4)cc2)C3=O)cc1,PI1092,2,49,-1.2707905821612568,3.585135578464782e-11,2,2.477508346930579e-10
*c1ccc(Oc2ccc(C3(c4ccc(Oc5ccc(N6C(=O)c7ccc(Oc8ccc(C9(c%10ccc(Oc%11ccc%12c(c%11)C(=O)N(*)C%12=O)cc%10)CCC(C(C)(C)C)CC9)cc8)cc7C6=O)cc5)cc4)CC4CC3C3CCCC43)cc2)cc1,PI1017,4,82,-0.887100404075797,2.1185099175511245e-11,4,2.874991229357245e-10
*C(=O)c1ccc2c(c1)C(=O)N(c1cc(C(c3ccc(O)c(N4C(=O)c5ccc(*)cc5C4=O)c3)(C(F)(F)F)C(F)(F)F)ccc1O)C2=O,PI1041,1,47,-1.1696942011449285,0.0,1,2.582238890542056e-10
*c1cccc(P(=O)(c2ccccc2)c2cccc(-n3c(=O)c4c(-c5ccccc5)c5c(=O)n(*)c(=O)c5c(-c5ccccc5)c4c3=O)c2)c1,PI1059,4,48,0.9559002528619572,1.0462557342358312e-10,4,4.784243160405355e-10
*C(=O)Nc1cccc(C#Cc2cccc(N3C(=O)c4ccc(*)cc4C3=O)c2)c1,PI1018,4,28,-1.2307642652987025,2.7616299474341475e-11,4,2.5189735099921873e-10
*/C=C\CCCCC*,PI74,1,7,0.12342925754949716,0.0,1,3.9218469103775737e-10
*C(=O)c1ccc2c(c1)C(=O)N(c1ccc(C3(c4ccc(N5C(=O)c6ccc(*)cc6C5=O)cc4)c4ccccc4-c4ccccc43)cc1)C2=O,PI969,4,49,-0.24465418643935827,5.229151944222835e-11,4,3.540531785189153e-10
*CC(*)c1ccc(CCCCCCCCCCCC)cc1,PI128,2,20,0.6913927301183693,3.854247838947584e-11,2,4.510227252340487e-10
*CC(*)CNc1ccc([N+](=O)[O-])cc1,PI392,2,13,-1.6682681963442663,6.090493026054312e-12,2,2.0657424044874358e-10
*CC(*)c1ccccc1C(=O)OCC,PI99,2,13,1.4828434415342835,4.397562606538577e-11,2,5.330128641638402e-10
*c1ccc(Oc2ccc(N3C(=O)c4cccc(Oc5cccc6c5C(=O)N(*)C6=O)c4C3=O)cc2)cc1,PI1060,5,36,-1.341903361439732,9.142842198747984e-12,5,2.4038392407104977e-10
*CC(*)C(=O)OC(F)(C(F)(F)Cl)C(F)(F)Cl,PI434,1,15,0.09413922522066906,0.0,1,3.8915039744845425e-10
*c1ccc(Oc2ccc(C(c3ccc(Oc4ccc(N5C(=O)c6ccc(Oc7ccccc7Oc7ccc8c(c7)C(=O)N(*)C8=O)cc6C5=O)cc4C(F)(F)F)cc3)(C(F)(F)F)C(F)(F)F)cc2)c(C(F)(F)F)c1,PI1077,5,73,-0.6453532493951709,3.422508100817048e-11,5,3.1254285909294715e-10
*CC(*)c1ccc(C(=O)CCCCCCC)cc1,PI171,2,17,-0.1348867356317378,1.0044080848688866e-11,2,3.6542451019108606e-10
*CC(*)c1ccc(C(=O)C(F)(F)F)cc1,PI223,1,14,2.1609792754694492,0.0,1,6.03264176640576e-10
*CC(*)OC(=O)CCCC(=O)c1ccccc1,PI333,1,16,-0.18955440327285952,0.0,1,3.597612268050057e-10
*CC(OC)C(C(=O)O)C(*)C(=O)O,PI388,1,12,-2.149814372425534,0.0,1,1.5668858451525004e-10
*C(CC)C(*)CC,PI62,1,6,0.6175683584553331,0.0,1,4.4337490787568376e-10
*CC(*)OC(=O)C(F)(F)C(F)(F)C(F)(F)C(F)(F)C(F)(F)F,PI350,1,21,1.0124705857781606,0.0,1,4.84284705560947e-10
*CC(*)C,PI2,1,3,-0.6089859035265328,0.0,1,3.163103252121487e-10
*CC(*)N1Cc2ccccc2N1,PI229,2,11,-0.5215692864844704,3.457037645683425e-11,2,3.253662278383889e-10
*Oc1ccc(C(C)(C)c2ccc(OC(*)=O)c(CC)c2)cc1CC,PI1118,2,23,-0.11236985651547365,4.7719762761595254e-11,2,3.6775714066368367e-10
*CC(*)c1ccc(OC)cc1,PI178,1,10,0.08722412818716681,0.0,1,3.88434029697043e-10
*c1ccc2c(c1)C(=O)N(c1ccc(Oc3ccc(N4C(=O)c5ccc(C(C)(C)CCCCCCCCC(*)(C)C)cc5C4=O)cc3)cc1)C2=O,PI989,4,49,-1.1833412481127834,1.4550378104527647e-11,4,2.568101266294122e-10
*CC(*)C=O,PI242,1,4,-1.8449318762919023,0.0,1,1.8827281061385008e-10
*c1ccc(Oc2ccc(Oc3ccc(N4C(=O)c5ccc(Oc6ccc(C7(c8ccc(Oc9ccc%10c(c9)C(=O)N(*)C%10=O)cc8)CCC(c8ccccc8)CC7)cc6)cc5C4=O)cc3)c(C(C)(C)C)c2)cc1,PI1025,2,72,-1.2978916213251088,1.6998270084605715e-12,2,2.449433093043818e-10
*c1ccc2c(c1)C(=O)N(c1ccc(Oc3ccc4ccc(Oc5ccc(N6C(=O)c7ccc(C(*)(C(F)(F)F)C(F)(F)F)cc7C6=O)cc5)cc4c3)cc1)C2=O,PI1049,5,55,-0.5349293075712579,9.298861719109935e-12,5,3.2398219978811275e-10
*CC(*)C(=O)Oc1ccccc1C(=O)OC,PI465,2,15,-1.1388317642847114,4.893945768464525e-12,2,2.6142107549851895e-10
*CC(*)c1ccc(C(=O)OC(C)C)cc1,PI163,2,14,0.2763771606469999,6.478771099845796e-11,2,4.0802929088851743e-10
*C(=O)Oc1ccc(C(C)(C)c2ccc(OC(=O)c3ccc4c(c3)C(=O)N(c3ccc(-c5ccc(N6C(=O)c7ccc(*)cc7C6=O)cc5)cc3)C4=O)cc2)cc1,PI958,2,55,-1.4698220644585047,2.315144562312679e-11,2,2.271322179560036e-10
*CC(*)C(=O)c1ccccc1,PI321,1,10,-0.7906889346774121,0.0,1,2.974868450470069e-10
*c1ccc2c(c1)Cc1cc(-n3c(=O)c4cc5c(=O)n(*)c(=O)c5cc4c3=O)ccc1-2,PI676,1,29,-0.8057367051437455,0.0,1,2.9592797502096185e-10
*CC(*)(C)C(=O)OCc1ccccc1,PI450,1,13,-0.11375065678614946,0.0,1,3.6761409700424407e-10
*C(=O)Oc1ccc(OC(=O)c2ccc3c(c2)C(=O)N(C2CCC(N4C(=O)c5ccc(*)cc5C4=O)CC2)C3=O)cc1,PI1088,1,40,-1.3626385820047024,0.0,1,2.382358640714317e-10
*/C=C/CCCCCCCCCC*,PI55,1,12,0.04665916876203908,0.0,1,3.8423171284903936e-10
*Oc1ccc(-c2ccc(OC(=O)CCCCCCCCCCCCC(*)=O)cc2)cc1,PI586,1,30,-0.23077128300462965,0.0,1,3.554913744355327e-10
*CC(*)OC(=O)CC(C)(C)c1ccccc1,PI363,1,15,-0.9322779156049819,0.0,1,2.828189699036381e-10
*c1c(C)cc(C(c2cc(C)c(N3C(=O)c4ccc(-c5ccc6c(c5)C(=O)N(*)C6=O)cc4C3=O)c(C)c2)c2cccc3ccccc23)cc1C,PI1001,5,49,0.6541628952976826,5.313806277804351e-11,5,4.4716590978710775e-10
*c1ccc2c(c1)C(=O)N(c1cccc(Oc3ccc(S(=O)(=O)c4ccc(Oc5cccc(N6C(=O)c7ccc(C(*)(C(F)(F)F)C(F)(F)F)cc7C6=O)c5)cc4)cc3)c1)C2=O,PI984,5,60,-0.34837414219729684,1.7875090412247786e-11,5,3.4330833558716604e-10
*CC(*)c1ccc(COCC(CC)CCCC)cc1,PI235,2,18,0.3631485268549611,2.3452605582565633e-11,2,4.1701834891563173e-10
*CC(*)c1ccc(CCC)cc1,PI233,2,11,0.9227788468415614,8.505271427872637e-11,2,4.749931122498358e-10
*C(F)(F)C(*)(F)OC(F)C(F)F,PI405,1,11,0.1829157145938036,0.0,1,3.9834717570945374e-10
*CC(*)OC(C)=O,PI259,2,6,-0.2903404700020617,8.620724110498971e-11,2,3.4932031937498886e-10
*CC(*)(C)C(=O)OC(C)(C)C,PI444,1,10,3.1866393114230434,0.0,1,7.095171720951192e-10
*CC(*)OC(=O)C(F)(F)C(F)(F)C(F)(F)F,PI346,1,15,0.45716127152783115,0.0,1,4.2675757573761503e-10
*CC(*)c1ccc(COCCCCCC)cc1,PI153,1,16,-0.15299058328132065,0.0,1,3.6354904661193584e-10
*CC(*)C(=O)OCCCCCCCCCCCCCCCC,PI424,2,21,0.012270218300130205,2.2105554033473512e-11,2,3.806691981082573e-10
*CC(*)c1ccc(COC)cc1,PI147,2,11,-0.07300381107259671,3.272159211664689e-11,2,3.7183525631690445e-10
*CC(*)C(=O)C1CCCCC1,PI300,1,10,-0.26885719890995746,0.0,1,3.5154587348227724e-10
*CC(*)OC(=O)CCCCCCC,PI370,1,12,0.3465909716762099,0.0,1,4.15303073119095e-10
*CC(*)(C)CCC,PI45,1,6,0.7908671425840087,0.0,1,4.613277521679763e-10
*/C=C/CCC*,PI58,1,5,1.8824937658626177,0.0,1,5.744145397734244e-10
*CC(*)C(=O)N1CCOCC1,PI462,1,10,-0.8746153132981787,0.0,1,2.887925127989753e-10
*CC(*)c1ccccc1COCCC,PI87,2,13,0.7312398394002693,1.9750101117525824e-11,2,4.551506765756158e-10
*CC(*)OC(=O)c1ccc(OC)cc1,PI359,2,13,-0.10815023090239559,6.014474813839649e-11,2,3.681942717259946e-10
*CC(*)c1ccc(C(O)CCN(C)C)cc1,PI144,2,15,-0.6190028924816274,7.272261182380295e-11,2,3.1527261774124745e-10
*CC(*)Cc1cc(C)cc(C)c1,PI293,2,11,0.09385969703524906,2.068007703939141e-13,2,3.8912143979584645e-10
*CC(*)c1ccc(O)cc1,PI231,1,9,-1.3488470317684522,0.0,1,2.3966459627625136e-10
*CC(*)C(C)c1ccccc1,PI28,2,10,1.1675155956091732,4.887174802573988e-11,2,5.003465546603981e-10
*Oc1ccc(OC(=O)c2ccc(-c3ccc(C(*)=O)cc3)cc2)cc1C,PI582,2,25,0.10829725594871371,1.7280809218512341e-10,2,3.906170951083602e-10
*CC(*)OC(=O)c1ccccc1C,PI360,1,12,-0.9428547496350816,0.0,1,2.817232654219101e-10
*c1ccc(Oc2ccc(Oc3ccc(N4C(=O)c5ccc(Oc6ccc(C7(c8ccc(Oc9ccc%10c(c9)C(=O)N(*)C%10=O)cc8)CCC(C(C)(C)C)CC7)cc6)cc5C4=O)cc3)c(C(C)(C)C)c2)cc1,PI1014,5,70,-0.9815606795272445,2.3617667887738727e-11,5,2.77713534274423e-10
*CC(*)OC(=O)C(C)(C)CC(C)(C)C,PI367,1,13,-0.49499430195518057,0.0,1,3.28119256728483e-10
*CC(*)C(=O)Oc1cccc(C(=O)OCC)c1,PI468,1,16,-0.733167492720023,0.0,1,3.034457644711754e-10
*c1ccc(Oc2ccc(S(=O)(=O)c3ccc(Oc4ccc(N5C(=O)c6ccc(C(=O)c7ccc8c(c7)C(=O)N(*)C8=O)cc6C5=O)cc4)cc3)cc2)cc1,PI963,3,53,-1.3427367641639965,4.233734456013758e-11,3,2.4029758792381875e-10
*CC(*)c1ccc(COCCCCO)cc1,PI151,3,15,-1.0232676336133046,3.028594853658988e-11,3,2.7339291277452333e-10
*CC(*)C(=O)Oc1ccc(C(=O)OC)cc1,PI469,2,15,-0.8339033596496944,9.392323621514662e-12,2,2.930100574768628e-10
*CC(*)c1ccc(C(=O)OC)cc1,PI160,2,12,0.843661227337704,6.46249648331934e-11,2,4.667969422024167e-10
*c1ccc(Oc2c(C)cc(-c3cc(C)c(Oc4ccc(N5C(=O)c6ccc(Oc7ccccc7Oc7ccc8c(c7)C(=O)N(*)C8=O)cc6C5=O)cc4C(F)(F)F)c(C)c3)cc2C)c(C(F)(F)F)c1,PI1075,5,68,-0.38868060922341746,1.711244021939298e-11,5,3.3913279719472656e-10
*CC(*)CC(C)C,PI7,1,6,0.2677684001066405,0.0,1,4.071374684887945e-10
*CC(*)c1ccc(CCCCCCCCC)cc1,PI126,1,17,0.753184052971602,0.0,1,4.574239819040042e-10
*C1CCC(N2C(=O)c3ccc(-c4ccc5c(c4)C(=O)N(*)C5=O)cc3C2=O)CC1,PI978,5,28,-1.4128826809925492,2.803870739028709e-11,5,2.3303083917601416e-10
*C(C)C(*)OCC,PI286,1,6,1.1503034254251434,0.0,1,4.985634641857593e-10
*C(O)C(*)O,PI305,2,4,-2.2236562258853305,3.3495262079722574e-11,2,1.4903895613451257e-10
*CC(*)c1ccncc1,PI226,1,8,-0.76909124571412,0.0,1,2.9972425224510615e-10
*c1ccc(S(*)(=O)=O)cc1,PI1137,1,9,-1.0911020493648549,0.0,1,2.663656234039183e-10
*CC(*)c1nc(C)nc(C)n1,PI383,1,10,0.31314531051642414,0.0,1,4.118382781981533e-10
*c1ccc(Oc2ccc(C3(c4ccc(Oc5ccc(N6C(=O)c7ccc(Oc8ccc(C9(c%10ccc(Oc%11ccc%12c(c%11)C(=O)N(*)C%12=O)cc%10)CCC(c%10ccccc%10)CC9)cc8)cc7C6=O)cc5)cc4)CC4CC3C3CCCC43)cc2)cc1,PI1039,2,84,-0.5639997032793567,3.965386488942681e-11,2,3.209706593997202e-10
*CC(*)c1ccc(C(C)CC)cc1,PI123,1,12,2.9043721240164397,0.0,1,6.802757732600792e-10
*CC(*)c1cc(Br)ccc1OC(C)C,PI202,1,13,1.222596213320754,0.0,1,5.060526175059693e-10
*CC(CCl)O*,PI526,1,5,-1.1867778817898766,0.0,1,2.5645410942130133e-10
*CC(*)C(N)=O,PI455,1,5,-2.293877591068178,0.0,1,1.417643913332742e-10
*CC(*)SCC,PI309,3,5,-0.1009877420160936,6.416180232727729e-11,3,3.6893626797465597e-10
*C(F)(F)C(*)(F)OC(F)(F)C(F)(F)F,PI311,1,13,2.6886300575726754,0.0,1,6.579260277287634e-10
*CC(*)c1ccc(C(=O)N2CCCCC2)cc1,PI157,2,16,0.09417789191423659,9.980774478821503e-12,2,3.891544031149245e-10
*CC(*)c1ccc(C(C)(O)CCCC)cc1,PI142,1,15,1.4077599351259922,0.0,1,5.25234607055778e-10
*CCC=C(*)CCC,PI77,1,7,0.504052482221701,0.0,1,4.316152590069856e-10
*CC(*)CCCCCCCCCCCCC,PI61,1,15,-0.0037468589251149465,0.0,1,3.79009912990429e-10
*CC(*)c1ccccc1C(=O)OC(C)C,PI101,2,14,0.6211206397590487,1.4400353301719783e-13,2,4.4374290557081286e-10
*CC(*)c1ccc(C(=O)CCCC)cc1,PI169,3,14,-0.2395548471194611,4.363505149403836e-11,3,3.5458144330313736e-10
*CC(*)c1ccccc1C(=O)OC,PI98,1,12,0.4660145900044081,0.0,1,4.2767473305570704e-10
*/C=C\CC*,PI47,1,4,0.6254734204672037,0.0,1,4.4419383080196726e-10
*CC(*)CCCC(C)(C)C,PI41,1,9,-0.036373693052651784,0.0,1,3.756299442515416e-10
*CC(*)OC1CCCCC1,PI308,2,9,-0.18877935513925231,3.382207565728357e-11,2,3.598415177229809e-10
*CCCC=C(*)c1ccc(OC)cc1,PI389,2,13,-0.3619854666982811,4.368290515147344e-11,2,3.41898273822413e-10
*CC(*)c1ccc(C(=O)N(CC)CC)cc1,PI156,1,15,-0.28896674479840767,0.0,1,3.4946263009462603e-10
*CC(*)CCCCCCCC,PI12,1,10,0.7196660346990108,0.0,1,4.539516911660193e-10
*CC(*)C1CC=CCC1,PI67,3,8,0.4419998253264184,4.841561559391366e-11,3,4.2518692950216407e-10
*CC(*)c1ccccc1COCCCC,PI89,2,14,0.6472811630579584,1.3063158647502102e-10,2,4.464529984531812e-10
*CC(*)c1cccc2ccccc12,PI217,2,12,0.33299828989323355,7.084728214567624e-11,2,4.138949426420614e-10
*CC(*)OC(=O)C(C)(C(C)C)C(C)C,PI356,2,13,1.13056740818582,1.6765333902764103e-11,2,4.965189164052942e-10
*CCCCOC(=O)NCC(F)(F)C(F)(F)C(F)(F)C(F)(F)CNC(=O)O*,PI658,1,26,-1.3399750518338442,0.0,1,2.4058368682343083e-10
*C(F)(F)C(*)(F)OC(F)(F)C(F)(F)C(F)(F)C(F)(F)F,PI310,1,19,2.3104343595866887,0.0,1,6.187469387807652e-10
*CC(*)c1ccc(Br)cc1,PI136,1,9,-0.16618354130515645,0.0,1,3.6218232541797287e-10
*CC(*)c1ccc(COCCO)cc1,PI148,1,13,-1.135887204494542,0.0,1,2.6172611643511897e-10
*CC(*)c1ccc(-c2ccccc2)cc1,PI132,1,14,0.11540176833369568,0.0,1,3.9135308529583633e-10
*CC(*)c1ccc(CCCCCCCCCCCCCC)cc1,PI129,1,22,1.5655855425166827,0.0,1,5.415845114654808e-10
*CC(*)C(=O)c1ccc(CC)cc1,PI325,1,12,0.030655015238085243,0.0,1,3.82573766558821e-10
*CC(*)C(=O)c1ccc(Br)cc1,PI406,1,11,-0.39842764177079293,0.0,1,3.38123055790511e-10
*C1CCC(CC2CCC(N3C(=O)C4C5C=CC(C6C(=O)N(*)C(=O)C56)C4C3=O)C(C)C2)CC1C,PI1082,4,33,-0.8678893257481047,2.9024142009803273e-11,4,2.894892898006461e-10
*CC(*)c1ccccc1COC(C)C,PI88,1,13,0.5140512997391882,0.0,1,4.3265108401234286e-10
*CCCC(*)(C)C,PI17,1,6,-0.7808835640872736,0.0,1,2.985026299662033e-10
*c1ccc2c(c1)C(=O)N(c1ccc(Oc3c(C)cc(Cc4cc(C)c(Oc5ccc(N6C(=O)c7ccc(C(*)(C(F)(F)F)C(F)(F)F)cc7C6=O)cc5)c(C)c4)cc3C)cc1)C2=O,PI1000,5,62,0.014974551757987944,1.6696188604179955e-11,5,3.809493528579139e-10
*c1ccc(-c2ccc(N3C(=O)c4ccc(-c5cccc6c5C(=O)N(*)C6=O)cc4C3=O)cc2C(F)(F)F)c(C(F)(F)F)c1,PI1106,1,42,1.6678248503973059,0.0,1,5.521759670498992e-10
*CC(*)c1ccc(C(=O)OCCC)cc1,PI162,1,14,0.9312602481181556,0.0,1,4.758717408984135e-10
*Nc1ccc(*)cc1,PI1131,2,7,-1.3188009895011852,1.2010532237949688e-10,2,2.4277720852645254e-10
*CC(*)(C)C,PI13,1,4,-1.3714999134153032,0.0,1,2.3731787665543926e-10
*c1ccc2c(c1)C(=O)N(c1c(CC)cc(Cc3cc(CC)c(N4C(=O)c5ccc(C(*)(C(F)(F)F)C(F)(F)F)cc5C4=O)c(CC)c3)cc1CC)C2=O,PI972,5,52,0.8423526302709026,9.02298667112582e-11,5,4.66661378415863e-10
*c1ccc(Oc2ccc(Oc3ccc(N4C(=O)c5ccc(-c6cccc7c6C(=O)N(*)C7=O)cc5C4=O)cc3)cc2)cc1,PI1108,2,42,-1.0553152735771962,4.816492267523733e-12,2,2.700729455104714e-10
*CC(*)(C(=O)OC)c1ccccc1,PI220,2,12,0.5422838862010625,3.300114214910539e-11,2,4.3557583176096164e-10
*c1cccc(P(=O)(c2ccc(C(F)(F)F)cc2)c2cccc(-n3c(=O)c4c(-c5cc(C(F)(F)F)cc(C(F)(F)F)c5)c5c(=O)n(*)c(=O)c5c(-c5cc(C(F)(F)F)cc(C(F)(F)F)c5)c4c3=O)c2)c1,PI1052,5,68,3.9014157517891204,1.8188030414665415e-10,5,7.835642590508087e-10
*CC(*)C1CCCCC1,PI24,1,8,-0.0955937577036772,0.0,1,3.6949505643334463e-10
*C(C)C(*)C,PI49,1,4,0.4071481657794351,0.0,1,4.215764805291903e-10
*CCCCCCN1C(=O)c2ccc(C(c3ccc4c(c3)C(=O)N(*)C4=O)(C(F)(F)F)C(F)(F)F)cc2C1=O,PI970,4,37,-0.01374987083013471,1.793812501798605e-10,4,3.779736534685421e-10
*c1cccc(Oc2cccc(Oc3cccc(N4C(=O)c5ccc(-c6cccc7c6C(=O)N(*)C7=O)cc5C4=O)c3)c2)c1,PI1110,1,42,-0.769639743075145,0.0,1,2.9966743079787716e-10
*CC(*)C(=O)c1ccc(C)cc1,PI330,1,11,-0.14624005675012813,0.0,1,3.6424836572323153e-10
*c1ccc(Oc2ccc(Oc3ccc(N4C(=O)c5ccc(Oc6ccccc6Oc6ccc7c(c6)C(=O)N(*)C7=O)cc5C4=O)cc3C(F)(F)F)cc2)c(C(F)(F)F)c1,PI1072,5,58,-0.6993438444434598,6.15307317981457e-11,5,3.0694971687314686e-10
*CC(*)OCC(C)(C)C,PI276,1,8,1.347407343491745,0.0,1,5.189823953873947e-10
*CC(*)C(=O)OC,PI411,1,6,0.14544863769589075,0.0,1,3.9446578322873016e-10
*CC(*)C(=O)c1ccc(C)c(C)c1,PI328,1,12,-0.378498775863829,0.0,1,3.4018758168057175e-10
*CC(*)OCCOC,PI375,2,7,-0.04919705739203507,0.0,1,3.743015110230814e-10
*CC(*)c1ccccc1C(=O)OCCC(C)C,PI105,2,16,0.11022087645552499,2.9738961712176535e-11,2,3.908163720946927e-10
*CC(*)c1ccc(C(C)(O)CCCCC)cc1,PI143,2,16,1.4419231030440955,1.9573836757494321e-10,2,5.287737319102822e-10
*CC(*)C(C)C,PI5,3,5,0.2457350646510803,1.4537250686543244e-10,3,4.0485493060105135e-10
*C=CC(C*)OC,PI303,3,6,0.19519701098492862,3.122936157827944e-11,3,3.9961945354409596e-10
*C(C)C(*)OCCCC,PI284,1,8,1.2863822506851414,0.0,1,5.126605161278946e-10
*c1cccc(P(=O)(c2ccc(C(F)(F)F)cc2)c2cccc(-n3c(=O)c4c(-c5ccc(C(F)(F)F)cc5)c5c(=O)n(*)c(=O)c5c(-c5ccc(C(F)(F)F)cc5)c4c3=O)c2)c1,PI1055,5,60,1.3098861650164675,1.694163376868094e-10,5,5.150953982672659e-10
*CC(*)C(=O)OC(C(F)(F)F)C(F)(F)F,PI431,1,14,0.04348702044042545,0.0,1,3.8390309493532277e-10
*CC(*)OC(=O)C(C)(C)C(C)(C)CC,PI365,2,13,0.01044452236187577,4.830667896556369e-11,2,3.8048006559316583e-10
*CC(*)c1ccc(C(=O)CCN2CCCCC2)cc1,PI158,1,18,-1.2001352168200679,0.0,1,2.550703596323879e-10
*CC(*)C(C)CC,PI35,1,6,0.7258903900310828,0.0,1,4.5459650170325663e-10
*CC(*)OC(=O)CC1CCCCC1,PI341,2,12,0.3317905501935833,6.158194458832588e-11,2,4.137698271492871e-10
*CC(*)c1c(C)cc(C)cc1C,PI210,1,11,1.1332114601016423,0.0,1,4.967928263036479e-10
*CCCCCCCC(*)C,PI19,1,9,1.9629745523984763,0.0,1,5.827519267693233e-10
*CC(*)CNc1ccc([N+](=O)[O-])cc1C,PI394,1,14,-0.45414148313601505,0.0,1,3.3235139429857204e-10
*CC(*)c1cc(C(C)C)ccc1C(C)C,PI194,1,14,1.7539441117707575,0.0,1,5.610974704394258e-10
*CC(*)c1ccc(COCCOCC)cc1,PI133,2,15,0.03360041659088935,3.066838489420513e-11,2,3.8287889467689215e-10
*CC(*)CCCCCCCCCCCCCCCCCCCC,PI54,3,22,0.2411591420537383,1.480227205395601e-11,3,4.043808890415753e-10
*CC(*)c1ccc(Oc2ccccc2)cc1,PI183,1,15,-0.29363608112200196,0.0,1,3.4897891136349177e-10
*CCCCCCCCCCN1C(=O)C2C3C=CC(C4C(=O)N(*)C(=O)C34)C2C1=O,PI1080,3,28,-1.280725747291195,2.4191975652576685e-11,3,2.4672160374090327e-10
*C#C/C(COS(=O)(=O)c1ccc(C)cc1)=C(/*)COS(=O)(=O)c1ccc(C)cc1,PI269,1,28,-1.43938699239202,0.0,1,2.3028513165116607e-10
*c1ccc(-c2ccc(-n3c(=O)c4cc5c(=O)n(*)c(=O)c5cc4c3=O)c(C)c2)cc1C,PI687,1,30,0.14492659117433118,0.0,1,3.9441170194961436e-10
*CC(*)c1ccccc1C,PI83,1,9,-0.03843041725074877,0.0,1,3.7541687842152855e-10
*c1ccc(Oc2ccc(Oc3ccc(N4C(=O)C5CCC6C(=O)N(*)C(=O)C6C5C4=O)cc3)cc2)cc1,PI1067,3,36,-1.2910114223418052,2.0798084168909642e-11,3,2.4565606180099205e-10
*C(=O)c1ccc2c(c1)C(=O)N(c1ccc(Oc3c(C)cc(Cc4cc(C)c(Oc5ccc(N6C(=O)c7ccc(*)cc7C6=O)cc5)c(C)c4)cc3C)cc1)C2=O,PI999,3,55,-0.9018205782424821,5.566997096509278e-11,3,2.8597419016658456e-10
*c1ccc(Oc2c(C)cc(C(c3cc(C)c(Oc4ccc(-n5c(=O)c6cc7c(=O)n(*)c(=O)c7cc6c5=O)cc4)c(C)c3)c3cccc4ccccc34)cc2C)cc1,PI1004,5,57,0.2055777859938663,7.977552507515809e-11,5,4.006948473404564e-10
*CC(*)(C)C(=O)OC1CCCCC1,PI448,1,12,-0.41135909572115104,0.0,1,3.3678342504577737e-10
*c1ccc(Sc2ccc(Oc3ccc(Sc4ccc(N5C(=O)c6ccc(Oc7ccc(C(C)(C)c8ccc(Oc9ccc%10c(c9)C(=O)N(*)C%10=O)cc8)cc7)cc6C5=O)cc4)cc3)cc2)cc1,PI1114,1,66,-0.9730642750526819,0.0,1,2.7859371717555e-10
*CC(*)c1ccc(COCCCCCCOc2ccc(-c3ccc(OC)cc3)cc2)cc1,PI234,1,31,-1.0689031853125075,0.0,1,2.6866530918533526e-10
*CCCC=C(*)c1ccccc1,PI390,1,11,-0.8488815576203592,0.0,1,2.914583947961436e-10
*c1ccc(-c2ccc(N3C(=O)c4cc5c(cc4C3=O)C(C(F)(F)F)(C(F)(F)F)c3cc4c(cc3O5)C(=O)N(*)C4=O)cc2C(F)(F)F)c(C(F)(F)F)c1,PI1111,3,52,0.8221738462067886,4.610170790703598e-11,3,4.6457096231668336e-10
*CC(*)c1ccc(C(=O)c2ccc(C)cc2)cc1,PI174,1,17,-0.8568205433934081,0.0,1,2.9063595754628704e-10
*CC(*)CCCCCCCCCCCCCCCC,PI33,2,18,0.1521908161748648,2.4048673280277295e-12,2,3.9516423752563967e-10
*CC(*)c1ccc(Cl)c(F)c1,PI209,2,10,0.6490661089790467,2.239460063887014e-11,2,4.466379094804142e-10
*c1ccc(Oc2ccc(-c3ccc(Oc4ccc(N5C(=O)c6ccc(Oc7cccc(Oc8ccc9c(c8)C(=O)N(*)C9=O)c7)cc6C5=O)cc4)cc3)cc2)cc1,PI1038,3,56,-1.2415277260116373,4.6592435377510195e-11,3,2.5078231297285816e-10
*CCC=C(*)C,PI522,1,5,0.9373539277161234,0.0,1,4.765030141155886e-10
*c1ccc(Oc2ccc(S(=O)(=O)c3ccc(Oc4ccc(N5C(=O)c6ccc(C(c7ccc8c(c7)C(=O)N(*)C8=O)(C(F)(F)F)C(F)(F)F)cc6C5=O)cc4)cc3)cc2)cc1,PI983,1,60,-0.9835818140141407,0.0,1,2.7750415535165984e-10
*CC(*)c1cccc(CC)c1,PI114,1,10,0.9351790367125186,0.0,1,4.762777068248494e-10
*CC(*)C(=O)OC1CC2CCC1(C)C2(C)C,PI428,1,15,-0.12654704423048171,0.0,1,3.6628845844049416e-10
*CC(*)C(=O)c1ccc(C(C)(C)C)cc1,PI323,1,14,-0.18839218295450746,0.0,1,3.5988162672883447e-10
*CC(*)CCCC,PI6,1,6,0.6709399061891914,0.0,1,4.489039200434389e-10
*C(F)(F)C(*)(F)F,PI513,1,6,-0.49916332672988295,0.0,1,3.2768736764739536e-10
*OC(C)COC(*)=O,PI1116,2,7,-0.7274027900110622,5.539306089931606e-13,2,3.040429574096353e-10
*CC(*)Cc1ccccc1C,PI295,1,10,0.29360966220835055,0.0,1,4.0981448758711575e-10
*c1cccc(P(=O)(c2ccccc2)c2cccc(-n3c(=O)c4c(-c5ccc(C(F)(F)F)cc5)c5c(=O)n(*)c(=O)c5c(-c5ccc(C(F)(F)F)cc5)c4c3=O)c2)c1,PI1056,5,56,1.8807499986273193,7.597173299459226e-11,5,5.74233894641869e-10
*C(=O)c1ccc2c(c1)C(=O)N(c1c(C(C)C)cc(Cc3cc(C(C)C)c(N4C(=O)c5ccc(*)cc5C4=O)c(C(C)C)c3)cc1C(C)C)C2=O,PI1071,5,49,0.6224611752687255,5.867549389572655e-11,5,4.438817780123855e-10
*CC(*)CNc1ccc([N+](=O)[O-])cn1,PI393,3,13,-1.5832159177754186,2.3075497982342533e-11,3,2.1538521002091007e-10
*CC(*)c1c(Cl)cccc1Cl,PI186,2,10,0.9224938251602438,6.222419733354802e-11,2,4.749635854998914e-10
*CC1CC(*)C(OC(=O)CCCCCCCCCCOc2ccc(-c3ccc(C#N)cc3)cc2)C1OC(=O)CCCCCCCCCCOc1ccc(-c2ccc(C#N)cc2)cc1,PI397,1,62,-1.1519464440800604,0.0,1,2.6006246351810045e-10
*CC(*)C(=O)OCCCC,PI415,1,9,1.5657068208050575,0.0,1,5.41597075259498e-10
*c1ccc(Oc2cc(C(C)(C)C)ccc2Oc2ccc(-n3c(=O)c4cc5c(=O)n(*)c(=O)c5cc4c3=O)cc2)cc1,PI1032,3,40,-0.966611682804854,1.1283682783036804e-11,3,2.7926217185911487e-10
*C=CC(C)C(*)C(=O)OC,PI268,2,9,0.07798316927608076,2.5525541140360403e-11,2,3.8747671486488e-10
*CC(*)c1ccc(C(=O)OCCN(C)C)cc1,PI109,1,16,0.7734145297494186,0.0,1,4.5951975309695905e-10
*CC(*)(C)CC,PI14,2,5,-0.45512330581157384,1.043537285870419e-10,2,3.3224968262352727e-10
*CC(*)C(=O)O,PI410,2,5,-2.355693704342654,1.0033921749831493e-11,2,1.3536056650581682e-10
*CC(*)c1ccccc1,PI82,1,8,0.21561884123577676,0.0,1,4.0173504795233417e-10
*CC(*)OC(=O)c1ccc(C(C)(C)C)cc1,PI298,1,15,0.6717207426731605,0.0,1,4.4898481060412527e-10
*CC(*)c1ccc(S(=O)(=O)OCCC)cc1,PI185,2,15,-0.010435056602119658,1.5336298107624213e-10,2,3.7831705082122774e-10
*CC(*)c1ccc(C#N)cc1,PI134,2,10,-0.30466165474334395,5.7464784179947834e-11,2,3.4783671981579926e-10
*CC(*)CCN(C(C)C)C(C)C,PI264,2,11,-0.030730266601456134,1.0799486883463361e-11,2,3.7621457360634475e-10
*CC(*)SCCCC,PI307,2,7,0.7080033382947282,3.0103149800805435e-11,2,4.5274349704263235e-10
*CC(*)Cc1ccccc1,PI26,1,9,-0.7576580268471785,0.0,1,3.0090867370028206e-10
*CC(*)c1ccc(C(=O)CC)cc1,PI167,1,12,-0.31400434414580664,0.0,1,3.4686886623877056e-10
*CC(*)c1ccc(C(=O)OCC(C)C)cc1,PI165,1,15,-0.09533337360538491,0.0,1,3.6952203085902415e-10
*C1CCC1*,PI72,2,4,1.808301126287063,3.209040813886751e-10,2,5.667285717925694e-10
*CC(*)CCCCCC,PI30,1,8,1.4265047066516883,0.0,1,5.271764669839213e-10
*c1ccc2c(c1)C(=O)N(c1c(C(C)C)cc(Cc3cc(C(C)C)c(N4C(=O)c5ccc(C(*)(C(F)(F)F)C(F)(F)F)cc5C4=O)c(C(C)C)c3)cc1C(C)C)C2=O,PI973,5,56,0.8490231570122605,1.8339970081626755e-11,5,4.67352409968896e-10
*CC(*)c1ccc2ccccc2c1,PI225,2,12,0.6908012879482751,1.232446327423025e-10,2,4.5096145493004175e-10
*CC(*)C(=O)OCc1ccccc1,PI473,1,12,-1.244432728468102,0.0,1,2.504813699683711e-10
*CC(*)c1ccccc1C(=O)O,PI97,1,11,-1.111120395190749,0.0,1,2.6429182786398713e-10
*c1ccc(-c2ccc(Oc3ccc(C4(C)CC(C)(C)c5ccc(Oc6ccc(-c7ccc(N8C(=O)c9ccc(Oc%10ccc%11c(c%10)C(=O)N(*)C%11=O)cc9C8=O)cc7)cc6C(F)(F)F)cc54)cc3)c(C(F)(F)F)c2)cc1,PI1101,2,75,-0.5074730968058562,2.416853010096507e-11,2,3.268265190902126e-10
*c1ccc(Oc2ccccc2Oc2ccc(N3C(=O)c4ccc(Oc5ccccc5Oc5ccc6c(c5)C(=O)N(*)C6=O)cc4C3=O)cc2C(F)(F)F)c(C(F)(F)F)c1,PI1073,5,58,-0.6232079977005085,4.245139691097944e-11,5,3.1483699091554956e-10
*C=CCCCCCCCC*,PI53,2,10,0.2547959022449125,1.3022913211939643e-11,2,4.0579358581030566e-10
*C(=O)c1ccc2c(c1)C(=O)N(c1c(C)cc(C(c3cc(C)c(N4C(=O)c5ccc(*)cc5C4=O)c(C)c3)c3cccc4ccccc34)cc1C)C2=O,PI1002,5,51,1.1064978745409104,4.925339955610389e-11,5,4.940254390742917e-10
*c1cc(C(c2ccc(O)c(-n3c(=O)c4cc5c(=O)n(*)c(=O)c5cc4c3=O)c2)(C(F)(F)F)C(F)(F)F)ccc1O,PI979,4,39,-0.6077816090017901,4.7712630956532036e-11,4,3.164350838028882e-10
*CC(*)C(=O)Oc1ccc(OC)cc1,PI464,1,13,0.6892336408427654,0.0,1,4.507990549193782e-10
*c1ccc(-c2nc3cc4nc(*)oc4cc3o2)cc1,PI547,1,18,-0.3458070308310436,0.0,1,3.4357427484848884e-10
*CC(*)OC(=O)c1ccccc1OC(C)=O,PI331,2,15,-0.6095748025551792,5.2902891383825396e-11,2,3.1624931836424536e-10
*CC(*)CC(C)CC,PI38,1,7,0.6378913659929027,0.0,1,4.454802647696027e-10
*c1ccc2c(c1)C(=O)N(c1cc(N3C(=O)c4ccc(C(*)(C(F)(F)F)C(F)(F)F)cc4C3=O)ccc1C)C2=O,PI974,5,38,0.40813678701795325,8.015653957843444e-11,5,4.2167889649966814e-10
*c1ccc(Oc2ccc(Oc3ccc(N4C(=O)c5ccc(-c6ccc7c(c6)C(=O)N(*)C7=O)cc5C4=O)cc3)c(-c3ccccc3)c2)cc1,PI1036,1,48,-0.9329832730352573,0.0,1,2.8274589857668207e-10
*c1ccc(Oc2cc(C(C)(C)C)ccc2Oc2ccc(N3C(=O)c4ccc(-c5ccc6c(c5)C(=O)N(*)C6=O)cc4C3=O)cc2)cc1,PI1037,3,46,-0.5350353571045641,3.9457709766266904e-11,3,3.239712136131763e-10
*CC(*)C(=O)OCC(C)(C)C,PI459,1,10,-0.227565175522967,0.0,1,3.558235103399595e-10
*CCC1CC(OC(=O)CCCCCCCCCCOc2ccc(-c3ccc(C#N)cc3)cc2)CC1*,PI399,1,35,-1.3314578638054682,0.0,1,2.4146602279162827e-10
*Cc1cccc(COC(=O)Nc2ccc(Cc3ccc(NC(=O)O*)cc3)cc2)c1,PI660,4,29,-1.1542303613993448,4.7866423120044155e-11,4,2.5982586167339774e-10
*CC(*)C(=O)OCCCCCCCC,PI421,1,13,0.8342444811043439,0.0,1,4.658214167264732e-10
*c1ccc(C(C)(C)c2ccc(N3C(=O)c4ccc(Oc5ccc6c(c5)C(=O)N(*)C6=O)cc4C3=O)cc2)cc1,PI985,4,38,-0.9574449343683452,4.322957592602048e-11,4,2.802117988756845e-10
*c1ccc2c(c1)C(=O)N(c1ccc(Sc3ccc(Oc4ccc(Sc5ccc(N6C(=O)c7ccc(C(*)(C(F)(F)F)C(F)(F)F)cc7C6=O)cc5)cc4)cc3)cc1)C2=O,PI1115,1,58,-0.3671377413667584,0.0,1,3.4136452521396566e-10
*c1ccc(C(C)(C)c2ccc(C(C)(C)c3ccc(N4C(=O)c5ccc(Oc6ccc7c(c6)C(=O)N(*)C7=O)cc5C4=O)cc3)cc2)cc1,PI1084,4,47,-0.8434930690953651,4.65827230054256e-11,4,2.920166139201058e-10
*CC(*)C=C,PI521,2,4,1.817297318042621,1.3207503089571528e-10,2,5.676605300323411e-10
*CC(*)OC(=O)c1ccc(CC)cc1,PI344,2,13,0.6944481052017101,4.848912834825578e-11,2,4.5133924605328905e-10
*CCCCO*,PI527,1,5,0.12416698025620272,0.0,1,3.922611152374479e-10
*CC(C)C(*)(C)C,PI16,2,6,-0.1046147671423125,7.14719964783122e-11,2,3.6856052721188817e-10
*CC(*)c1cc(C)ccc1F,PI197,2,10,0.7477238869665392,1.0313326938849828e-10,2,4.5685833736938255e-10
*c1ccc(Oc2ccc(Oc3ccc(N4C(=O)c5cccc(Oc6cccc7c6C(=O)N(*)C7=O)c5C4=O)cc3)cc2)cc1,PI1062,4,43,-1.3149111155950832,1.3061980094056396e-11,4,2.4318017904297417e-10
*c1ccc2c(c1)C(=O)N(c1c(C)cc(Cc3cc(C)c(N4C(=O)c5ccc(C(*)(C(F)(F)F)C(F)(F)F)cc5C4=O)c(C)c3)cc1C)C2=O,PI971,5,48,0.8387307993385764,1.5471545460443226e-10,5,4.662861757443152e-10
*CC(*)c1ccc(C(C)C)cc1,PI120,1,11,2.397172265711422,0.0,1,6.27732530518908e-10
*CC(*)c1ccc(C(C)(O)CC)cc1,PI140,2,13,-0.131093948122719,1.855382872165073e-11,2,3.6581742306653133e-10
*CC(*)C(=O)OC(CC)CC,PI457,2,10,1.0237787433904302,5.91360615431435e-11,2,4.854561713266563e-10
*c1ccc2c(c1)C(=O)N(c1ccc3c(c1)-c1cc(N4C(=O)c5ccc(C(*)(C(F)(F)F)C(F)(F)F)cc5C4=O)ccc1C3)C2=O,PI959,5,44,-0.11134475121462686,8.304430321329129e-11,5,3.6786333619149327e-10
*CC(*)c1cc(C)ccc1C,PI192,1,10,0.0006741656576517715,0.0,1,3.7946790792874246e-10
*c1cccc(P(=O)(c2ccccc2)c2cccc(-n3c(=O)c4c(-c5cc(C(F)(F)F)cc(C(F)(F)F)c5)c5c(=O)n(*)c(=O)c5c(-c5cc(C(F)(F)F)cc(C(F)(F)F)c5)c4c3=O)c2)c1,PI1053,5,64,1.7573322376450167,3.672418795629261e-10,5,5.61448462493808e-10
*CC(OC)C1C(=O)OC(=O)C1*,PI387,2,11,-0.791982702126373,2.7910452590203212e-11,2,2.973528175310124e-10
*CCC=C(*)C(C)C,PI69,1,7,-0.10695042189448875,0.0,1,3.6831856564073694e-10
*CCO*,PI524,1,3,0.33080916965721524,0.0,1,4.136681612775415e-10
*CC(*)C(=O)Oc1cccc(C(=O)OC)c1,PI467,3,15,-1.0050248939057878,1.4661600206511883e-11,3,2.7528276484175246e-10
*CC1CC(*)C(OC(=O)CCCCCCCCCCOc2ccc(-c3ccc(C#N)cc3)cc2)C1,PI398,1,34,-1.1292960565334287,0.0,1,2.624089247632228e-10
*CCC=C(*)CCCCCCC,PI68,2,11,0.660196913864078,3.495414644332619e-11,2,4.4779100243460644e-10
*c1ccc(S(=O)(=O)c2ccc(N3C(=O)c4ccc(Oc5ccc6c(c5)C(=O)N(*)C6=O)cc4C3=O)cc2)cc1,PI987,4,38,-1.3344539880070823,1.6257985416740337e-11,4,2.4115564005269336e-10
*CC(*)c1cccs1,PI373,1,7,-0.5228344746812466,0.0,1,3.252351609828921e-10
*C(OC(F)(F)F)C(*)(F)F,PI313,1,9,0.41187516667958834,0.0,1,4.2206617300774205e-10
*C(=O)Oc1ccc(OC(=O)c2ccc3c(c2)C(=O)N(c2ccc(-c4ccc(N5C(=O)c6ccc(*)cc6C5=O)cc4C(F)(F)F)c(C(F)(F)F)c2)C3=O)cc1,PI1089,2,54,-0.924251473859666,5.5440944144033936e-11,2,2.836504671331156e-10
*C(F)(F)C(*)(OC(F)(F)F)OC(F)(F)F,PI312,1,14,3.607247954616628,0.0,1,7.530900195170613e-10
*CC(*)C(=O)OCC(F)(F)C(F)(F)C(F)(F)F,PI436,1,16,0.4597761680089402,0.0,1,4.2702846528598576e-10
*c1ccc(Oc2ccc(NC(=O)CN3C(=O)c4ccc(C(c5ccc6c(c5)C(=O)N(CC(=O)Nc5ccc(Oc7ccc(-c8nnc(*)o8)cc7)cc5)C6=O)(C(F)(F)F)C(F)(F)F)cc4C3=O)cc2)cc1,PI1021,2,70,-0.3795113470688065,1.4027846698922805e-10,2,3.4008268461929565e-10
*c1ccc(Oc2ccc(C3(c4ccc(Oc5ccc(N6C(=O)c7ccc(Oc8ccc(C9(c%10ccc(Oc%11ccc%12c(c%11)C(=O)N(*)C%12=O)cc%10)CCCCCCCCCCC9)cc8)cc7C6=O)cc5)cc4)CCC(C(C)(C)C)CC3)cc2)cc1,PI1047,3,84,-0.5556444483478354,8.730518866379224e-12,3,3.21836219949162e-10
*c1ccc(Oc2ccc(C3(c4ccc(Oc5ccc(N6C(=O)c7ccc(Oc8ccc(C9(c%10ccc(Oc%11ccc%12c(c%11)C(=O)N(*)C%12=O)cc%10)CCCCCCCCCCC9)cc8)cc7C6=O)cc5)cc4)C4CC5CC(C4)CC3C5)cc2)cc1,PI1048,5,84,-0.3559275027005172,8.043588317556878e-11,5,3.4252584709089835e-10
*Oc1ccc(Oc2ccc(Oc3ccc(S(=O)(=O)c4ccc(*)cc4)cc3)cc2)cc1,PI546,1,30,-0.0517251510665408,0.0,1,3.7403961378979767e-10
*CC(*)c1ccc(C(C)(O)CCC)cc1,PI141,2,14,-0.20532221065593764,2.213239566490308e-11,2,3.5812776473426735e-10
*c1ccc(Oc2ccc(Oc3ccc(N4C(=O)c5ccc(Oc6ccc(C7(c8ccc(Oc9ccc%10c(c9)C(=O)N(*)C%10=O)cc8)CCCCCCCCCCC7)cc6)cc5C4=O)cc3)c(C(C)(C)C)c2)cc1,PI1044,1,72,-0.21667778643562577,0.0,1,3.5695138669533837e-10
*CC(*)C(=O)c1ccc(CCC)cc1,PI329,2,13,0.3919639284996899,7.859864349573066e-11,2,4.2000347325766736e-10
*CC(*)c1ccc(Cl)cc1C,PI190,2,10,1.5610147276041502,4.314272616681587e-11,2,5.411109990353378e-10
*c1ccc(Oc2ccc(-c3ccc(Oc4ccc(N5C(=O)c6ccc(Oc7ccc(C8(c9ccc(Oc%10ccc%11c(c%10)C(=O)N(*)C%11=O)cc9)CCCCCCCCCCC8)cc7)cc6C5=O)cc4)cc3C)c(C)c2)cc1,PI1042,1,76,-0.8320354370963124,0.0,1,2.9320356444761007e-10
*CC(*)C1CCC(C)CC1,PI66,1,9,0.5197354988218574,0.0,1,4.3323993719772807e-10
*CC(*)OC,PI253,1,4,-0.7468095550724542,0.0,1,3.0203251842637284e-10
*CC(*)c1ccc(C(C)(C)C)cc1,PI122,1,12,0.7025938725872589,0.0,1,4.5218310479268684e-10
*c1ccc(Oc2ccc(S(=O)(=O)c3ccc(Oc4ccc(-n5c(=O)c6cc7c(=O)n(*)c(=O)c7cc6c5=O)cc4)cc3)cc2)cc1,PI966,5,45,-1.2323427436316585,1.595620013815204e-10,4,2.5173382893025097e-10
*CC(*)C(=O)Oc1cccc(N(C)C)c1,PI475,2,14,-1.0335567783112796,1.0920865073709537e-11,2,2.7232701139735926e-10
*c1ccc(S(=O)(=O)c2ccc(N3C(=O)c4ccc(C(c5ccc6c(c5)C(=O)N(*)C6=O)(C(F)(F)F)C(F)(F)F)cc4C3=O)cc2)cc1,PI975,5,46,0.456004438435463,5.981121908165067e-11,5,4.266377339021176e-10
*c1ccc(-c2ccc(N3C(=O)c4cc5c(cc4C3=O)C(C(F)(F)F)(C(F)(F)F)c3cc4c(cc3O5)C(=O)N(*)C4=O)cc2OC(F)(F)F)c(OC(F)(F)F)c1,PI1112,3,54,0.5444158766866978,9.746778809301017e-11,3,4.357966947832483e-10
*CC(*)C(=O)NC(C)C,PI456,1,8,1.5031446288418364,0.0,1,5.351159605964761e-10
*CC(*)c1ccc(OCC)cc1,PI179,2,11,0.22539133552290352,4.441589761647781e-11,2,4.027474270591249e-10
*CC(*)C(=O)Oc1ccc(C(=O)OCCCC)cc1,PI471,2,18,-0.5683983297465531,3.2112186316390697e-12,2,3.2051498478859946e-10
*CC(*)c1cc(C)c(C)cc1C,PI211,1,11,0.42994227845508715,0.0,1,4.2393783094318456e-10
*c1ccc(-c2sc(-c3ccc(-n4c(=O)c5cc6c(=O)n(*)c(=O)c6cc5c4=O)cc3)c(-c3ccccc3)c2-c2ccccc2)cc1,PI993,5,45,0.533151927519755,3.0171751663289257e-11,5,4.3462980878039974e-10
*CC(*)OC(C)C,PI274,1,6,1.174339322995697,0.0,1,5.010534569960334e-10
*CC(*)OCC(C)(C)CC,PI316,1,9,1.2872375698669076,0.0,1,5.127491227050709e-10
*c1cccc(P(=O)(c2cccc(-n3c(=O)c4c(-c5cc(C(F)(F)F)cc(C(F)(F)F)c5)c5c(=O)n(*)c(=O)c5c(-c5cc(C(F)(F)F)cc(C(F)(F)F)c5)c4c3=O)c2)c2cc(C(F)(F)F)cc(C(F)(F)F)c2)c1,PI1051,4,72,2.3836798585847747,2.9228224432460943e-10,4,6.263347879698717e-10
*C(=O)Nc1ccc(NC(=O)c2ccc(N3C(=O)c4ccc(*)cc4C3=O)cc2)cc1,PI960,5,29,-1.684087005071421,3.9341601069237774e-11,5,2.0493549490649383e-10
*c1ccc(Oc2ccc(Oc3ccc(N4C(=O)c5ccc(Oc6cccc7c6C(=O)N(*)C7=O)cc5C4=O)cc3)cc2)cc1,PI1063,5,43,-1.125579560626235,3.783030757037768e-11,5,2.627939342292168e-10
*CC(*)OCC(F)(F)F,PI376,2,8,0.6233169156085868,9.811292569164983e-11,2,4.4397042821932956e-10
*C(=O)Nc1cccc(NC(=O)c2ccc(N3C(=O)c4ccc(*)cc4C3=O)cc2)c1,PI990,3,29,-0.4041088297292733,1.9421282656405612e-10,3,3.3753451454178467e-10
*CC(*)c1ccccc1C(=O)OCCCC,PI102,1,15,0.44323420930317203,0.0,1,4.2531480520217535e-10
*c1ccc(Oc2ccc(N3C(=O)C4CCC5C(=O)N(*)C(=O)C5C4C3=O)cc2)cc1,PI1064,5,29,-1.536102207293207,4.198724951100994e-11,5,2.2026594310032548e-10
*CC(*)C(=O)c1ccc(Br)c(OC)c1,PI322,2,13,-0.268589579536516,2.9017537175869468e-11,2,3.5157359744448016e-10
*CC(*)O[N+](=O)[O-],PI267,1,6,-0.8021397638128814,0.0,1,2.9630059926045776e-10
*c1ccc(Oc2ccc(C3(c4ccc(Oc5ccc(N6C(=O)c7ccc(Oc8ccccc8Oc8ccc9c(c8)C(=O)N(*)C9=O)cc7C6=O)cc5C(F)(F)F)cc4)c4ccccc4-c4ccccc43)cc2)c(C(F)(F)F)c1,PI1078,5,77,-0.12595810035191546,4.072570562649531e-11,5,3.6634946993461375e-10
*CC(*)OC(=O)c1cccc([N+](=O)[O-])c1,PI369,2,14,-1.1037489511156364,1.9417731680052948e-11,2,2.650554707732852e-10
*CC(*)c1ccccc1C(=O)OCCN(C)C,PI108,2,16,-0.07503025845240317,1.4829490435858773e-11,2,3.7162532700632616e-10
*CC(*)CC1CCCC1,PI23,1,8,0.6980838132779061,0.0,1,4.5171588632409276e-10
*c1ccc(-c2ccc(N3C(=O)c4ccc(-c5cccc6c5C(=O)N(*)C6=O)cc4C3=O)c(C)c2)cc1C,PI1104,2,36,0.12989367985979336,9.836116841153412e-12,2,3.9285437125369124e-10
*c1ccc2c(c1)C(=O)N(c1ccc(Oc3ccc(-c4ccc(Oc5ccc(N6C(=O)c7ccc(C(*)(C(F)(F)F)C(F)(F)F)cc7C6=O)cc5)cc4)cc3)cc1)C2=O,PI981,2,57,-0.8408774326496925,1.5182655291234646e-11,2,2.922875801249208e-10
*CC(*)c1ccccc1C(=O)NC,PI94,2,12,0.060853549181900043,8.477781549147143e-11,2,3.857021761461974e-10
*CC(*)c1ccc(CCCC)cc1,PI121,2,12,0.8133890848337965,3.780513453368073e-11,2,4.636609071546277e-10
*CC(*)c1cc(Cl)ccc1Cl,PI195,2,10,0.7207273594935489,4.55350163376992e-11,2,4.540616388432387e-10
*CC(*)OC(=O)C(F)(F)F,PI278,2,9,-0.14519503845681261,1.1449698967719014e-11,2,3.643566241325263e-10
*CC(*)c1ccc(COCCOCCCC)cc1,PI154,1,17,-0.02664081185619343,0.0,1,3.766382196500906e-10
*CC(*)c1cccc(C)c1,PI113,1,9,-0.2933633945187379,0.0,1,3.4900716026410355e-10
*CC(*)(C)C(=O)OCC(C)C,PI443,1,10,0.4580537112196988,0.0,1,4.268500278047713e-10
*CC(*)C(=O)OCCc1ccccc1,PI474,1,13,-1.257237381233377,0.0,1,2.4915487516076086e-10
*CC(*)OCCCCCCCCCCCCCCCCCC,PI402,1,21,0.5020432203186076,0.0,1,4.3140711002157847e-10
*c1ccc(-c2ccc(-n3c(=O)c4cc5c(=O)n(*)c(=O)c5cc4c3=O)cc2C(F)(F)F)c(C(F)(F)F)c1,PI967,3,36,1.6351347471331257,7.6352100790837e-11,3,5.48789443960591e-10
*c1ccc(Oc2ccc(C(C)(C)c3ccc(Oc4ccc(N5C(=O)c6ccc(C(c7ccc8c(c7)C(=O)N(*)C8=O)(C(F)(F)F)C(F)(F)F)cc6C5=O)cc4)cc3)cc2)cc1,PI982,1,60,-1.029769347466453,0.0,1,2.727193693505144e-10
*c1ccc(Cc2ccc(N3C(=O)C4CCC5C(=O)N(*)C(=O)C5C4C3=O)c(C)c2)cc1C,PI1066,5,31,-0.84219576755073,2.588562951161819e-11,5,2.9215100754985967e-10
*CC/C=C(\*)C(C)(C)C,PI81,1,8,-0.1904405052473989,0.0,1,3.596694312920944e-10
*CC(*)C(=O)OC(F)(C(F)(F)F)C(F)(F)F,PI432,1,15,1.8208812351066554,0.0,1,5.680318050261652e-10
*CC(*)c1ccc(C(=O)CCCCC)cc1,PI170,1,15,-0.09316000851169139,0.0,1,3.697471800735069e-10
*CC(*)OC(=O)c1cccc(C)c1,PI361,1,12,-0.422152868931003,0.0,1,3.3566524680386363e-10
*c1cc(C(c2ccc(O)c(N3C(=O)c4ccc(Oc5ccc6c(c5)C(=O)N(*)C6=O)cc4C3=O)c2)(C(F)(F)F)C(F)(F)F)ccc1O,PI1083,5,46,-0.9754952423557678,4.094493224931155e-11,5,2.783418817244741e-10
*CC(*)c1ccccc1F,PI112,2,9,0.6469318423041873,2.2694629613557453e-11,2,4.4641681065687297e-10
*CC(*)c1ccccc1COCC,PI86,1,12,-0.1925559797186847,0.0,1,3.5945027924219243e-10
*c1ccc(C(=O)Oc2ccc(N3C(=O)c4ccc(-c5ccc6c(c5)C(=O)N(*)C6=O)cc4C3=O)cc2)cc1,PI1091,3,37,-1.2844648597687522,5.0331075738373265e-12,3,2.463342513169468e-10
*CC(*)c1ccc(C(=O)N(C)C)cc1,PI155,3,13,-0.3612618892755494,2.5734360999674697e-11,3,3.4197323264494043e-10
*CC(*)C(=O)OCC,PI412,1,7,1.2326872935631714,0.0,1,5.070980004452901e-10
*/C=C/C(C*)OC,PI279,3,6,-0.08401590938332504,5.400837869773316e-11,3,3.70694460740652e-10
*CC(*)OC(=O)C(C)(C)C(C)C(C)C,PI366,3,13,0.4174877684796451,6.10135797460226e-11,3,4.2264760909050327e-10
*Oc1ccc(-c2ccc(OC(=O)CCCCCCCCCCCC(*)=O)cc2)cc1,PI585,1,29,-0.6085214355530721,0.0,1,3.1635844165594384e-10
*CC(*)P(=O)(OCC)N(C)C,PI381,3,10,-0.12343757932327075,2.485710554776969e-11,3,3.6661058268153936e-10
*CC(*)C(=O)OCC(F)(F)C(F)(F)F,PI430,1,13,-0.3660683693610803,0.0,1,3.414753065400148e-10
*C(F)C(*)(F)OC(F)(F)F,PI314,1,9,-0.453745874014761,0.0,1,3.323923773267577e-10
*CC(*)OC(=O)c1ccncc1,PI354,2,11,-0.607273471158975,1.6705963643920702e-11,2,3.164877242159006e-10
*CC1(*)CCC(C)CC1,PI44,2,8,-0.4808075520345512,8.197893205862064e-12,2,3.2958892954597745e-10
*c1ccc(Oc2ccc3ccc(Oc4ccc(-n5c(=O)c6cc7c(=O)n(*)c(=O)c7cc6c5=O)cc4)cc3c2)cc1,PI1050,5,40,-1.1967259645873929,8.995225050956178e-11,5,2.5542354026659776e-10
*CC(*)c1ccc(C(C)=NO)cc1,PI138,2,12,-0.6982154613452803,2.7615889305137424e-11,2,3.070666114385965e-10
*CC(*)OC(=O)CCCCCCCCCCC,PI243,2,16,0.0836986136203879,6.312816824309895e-12,2,3.880688048953468e-10
*c1ccc(-c2ccc(-n3c(=O)c4cc5c(=O)n(*)c(=O)c5cc4c3=O)cc2OC(F)(F)F)c(OC(F)(F)F)c1,PI977,5,38,0.3966104052357283,7.821217516358939e-11,5,4.2048482385553376e-10
*CC(*)c1ccccc1COC,PI85,2,11,0.4077959697433026,5.440304915942733e-11,2,4.216435896191572e-10
*CC(*)C(=O)c1ccc(OC)cc1,PI327,1,12,-0.31082861669199113,0.0,1,3.4719785493179437e-10
*Oc1cccc2c(OC(=O)Oc3ccc(OC(*)=O)cc3)cccc12,PI817,1,24,-0.514038912773031,0.0,1,3.261463350236988e-10
*c1cccc(Oc2ccc(-n3c(=O)c4cc5c(=O)n(*)c(=O)c5cc4c3=O)cc2)c1,PI953,1,29,-0.626323653824618,0.0,1,3.1451422529693487e-10
*CC(*)OC(=O)C(F)(F)C(F)(F)F,PI352,1,12,0.2529720435485482,0.0,1,4.0560464362382927e-10
*CC(*)c1ccccc1C(=O)OCCCCC,PI104,1,16,0.7916146216231921,0.0,1,4.61405187072495e-10
*CC(*)CCCCCCCCCCC,PI63,1,13,0.7944704573041844,0.0,1,4.6170103665714735e-10
*Oc1ccc(C2(c3ccc(OC(*)=O)cc3)CCCCC2)cc1,PI801,1,22,-0.8081331268502933,0.0,1,2.956797183123379e-10
*Oc1ccc(C(C)(CCC#N)c2ccc(OC(*)=O)cc2)cc1,PI1119,2,22,-0.9503088324316624,6.228768988275092e-12,2,2.8095106157488536e-10
*c1ccc(Oc2cccc(Oc3ccc(N4C(=O)c5ccc(C(=O)c6ccc7c(c6)C(=O)N(*)C7=O)cc5C4=O)cc3)c2)cc1,PI965,4,44,-1.3467735658806241,2.750469318186997e-11,4,2.398793964574339e-10
*Oc1ccc(S(=O)(=O)c2ccc(Oc3ccc(-c4ccc(*)cc4)cc3)cc2)cc1,PI545,1,29,-0.940438918552559,0.0,1,2.8197353283999427e-10
*c1cccc(Oc2cccc(Oc3cccc(-n4c(=O)c5cc6c(=O)n(*)c(=O)c6cc5c4=O)c3)c2)c1,PI962,5,36,-1.2662389512272254,2.4108522476550068e-11,5,2.4822235976373567e-10
*c1ccc(Oc2c(C)cc(Cc3cc(C)c(Oc4ccc(N5C(=O)c6ccc(-c7ccc8c(c7)C(=O)N(*)C8=O)cc6C5=O)cc4)c(C)c3)cc2C)cc1,PI998,3,53,-0.7990960276678829,7.591047181435693e-11,3,2.9661591434678525e-10
*CC(*)c1ccc(CC)cc1,PI119,1,10,2.361976607745794,0.0,1,6.240864451156052e-10
*CC(*)(C)C(=O)OC(C)CC,PI442,1,10,0.5438448030522274,0.0,1,4.35737534552606e-10
*C=CC(C)CCCCC*,PI80,1,9,0.5031053412801587,0.0,1,4.3151714017752087e-10
*c1ccc(C(c2ccc(N3C(=O)c4cc5c(cc4C3=O)C(C(F)(F)F)(C(F)(F)F)c3cc4c(cc3O5)C(=O)N(*)C4=O)cc2)(C(F)(F)F)C(F)(F)F)cc1,PI995,5,53,0.2571811011939605,1.0808443001123844e-10,5,4.0604067990016727e-10
*CC(*)OC(=O)c1cccc(Br)c1,PI334,1,12,-0.9767465031906868,0.0,1,2.7821225767055305e-10
*CCC(C)C(*)C,PI51,2,6,-0.24743527824531447,4.049094901873919e-11,2,3.5376507200734377e-10
*CC(*)c1ccccc1C(=O)N(C)C,PI95,1,13,4.28024346120441,0.0,1,8.228088210650968e-10
*CC(*)c1ccccc1C(=O)OCCCCCC,PI106,1,17,1.0940267451465335,0.0,1,4.927334955370535e-10
*CC(*)c1c(F)c(F)c(F)c(F)c1F,PI212,1,13,0.6929787957574072,0.0,1,4.5118703330809645e-10
*CC(*)(C)C(=O)OCCC,PI439,1,9,1.5337028718066374,0.0,1,5.382816341501104e-10
*c1ccc(S(=O)(=O)c2ccc(N3C(=O)c4ccc(-c5ccc6c(c5)C(=O)N(*)C6=O)cc4C3=O)cc2)cc1,PI968,4,37,-0.8793426389411501,1.8510355673674287e-11,4,2.8830278667877233e-10
*CC(*)Cc1cc(C)ccc1C,PI291,1,11,-0.13097043301117348,0.0,1,3.658302185836867e-10
*c1cccc(N2C(=O)c3ccc(-c4cccc5c4C(=O)N(*)C5=O)cc3C2=O)c1,PI1103,1,28,-1.0899721286706776,0.0,1,2.664826772562416e-10
*CC(*)C(=O)Oc1ccccc1C(=O)OCC,PI466,1,16,-0.7992201229031798,0.0,1,2.9660305873185465e-10
*CC(*)c1ccc(F)cc1C,PI189,1,10,0.6084513349181079,0.0,1,4.4243043209764576e-10
*CC(*)C(=O)OCCC#N,PI460,1,9,-1.6244642003509153,0.0,1,2.111121044816783e-10
*CC(*)N1CCCC1=O,PI408,1,8,-0.7336499964244461,0.0,1,3.033957796203323e-10
*c1ccc(Oc2c(C)cc(Cc3cc(C)c(Oc4ccc(-n5c(=O)c6cc7c(=O)n(*)c(=O)c7cc6c5=O)cc4)c(C)c3)cc2C)cc1,PI997,1,47,0.8328432041605709,0.0,1,4.656762517911944e-10
*c1cc(C(c2ccc(O)c(N3C(=O)c4ccc(-c5ccc6c(c5)C(=O)N(*)C6=O)cc4C3=O)c2)(C(F)(F)F)C(F)(F)F)ccc1O,PI1097,2,45,-0.04934614434007807,8.221042140260466e-11,2,3.7428606639790593e-10
*CC(*)C(=O)C(C)(C)C,PI299,1,8,-0.19538645756931378,0.0,1,3.591570565956481e-10
*CC(*)(C)C(=O)OC,PI437,1,7,-0.2946028393275404,0.0,1,3.488787602884592e-10
*CC(*)c1ccc(Cl)cc1Cl,PI191,1,10,1.5634700096211394,0.0,1,5.413653533631325e-10
*c1cccc(P(=O)(c2cccc(-n3c(=O)c4c(-c5ccc(C(F)(F)F)cc5)c5c(=O)n(*)c(=O)c5c(-c5ccc(C(F)(F)F)cc5)c4c3=O)c2)c2cc(C(F)(F)F)cc(C(F)(F)F)c2)c1,PI1054,5,64,0.7406965084604119,8.085554990989148e-11,5,4.561303378468364e-10
