smiles_list,monomer_ID,replicate_count,heavy_atom_count,Cv,Cv_std,Cv_count,Cv_raw
*CC(*)c1nc(C)nc(C)n1,PI383,1,10,-0.008468965794210468,0.0,1,3073.54415432157
*C(C)C(*)OCC,PI286,1,6,1.0469257521868516,0.0,1,3801.5409811964
*CC(*)OC(=O)CCCCC,PI385,1,10,0.8589424722584033,0.0,1,3671.8726884128
*C(C)C(*)O,PI297,2,4,0.7971913127078165,268.514848715244,2,3629.2775840004288
*CC(*)OC(=O)c1ccccc1OC(C)=O,PI331,2,15,-0.2766776739014861,108.23025081739083,2,2888.537459560191
*CC(*)C(=O)Oc1ccccc1C(=O)OCC,PI466,1,16,-0.45878640132876053,0.0,1,2762.921352662404
*/C=C\CCCCC*,PI74,1,7,1.7198793504331071,0.0,1,4265.735159744548
*C(C)C(*)OC(C)(C)C,PI285,2,8,1.0995384810884992,69.78077010761162,2,3837.8325212629406
*CC(*)C(=O)N1CCCCC1,PI461,1,10,0.8554551953075383,0.0,1,3669.467212516995
*C=CC(C*)OC,PI303,3,6,0.7046915319067614,177.93423876272863,3,3565.4725016340853
*Nc1ccc(*)cc1,PI1131,2,7,-0.15338476810243068,76.9449872494677,2,2973.583217956246
*c1ccc(N2C(=O)c3ccc(-c4ccc5c(c4)C(=O)N(*)C5=O)cc3C2=O)nc1,PI715,1,28,-0.907931491556691,0.0,1,2453.107218744965
*CC(*)c1ccccc1C(=O)OCC(C)C,PI103,1,15,0.18090874234345247,0.0,1,3204.1743045925327
*CC(*)OC(=O)c1ccc(OC)cc1,PI359,2,13,-0.22906607164507112,146.37290569001297,2,2921.3792909381255
*C(=O)Oc1ccc(OC(=O)c2ccc3c(c2)C(=O)N(c2ccc(C(=O)Oc4ccc(N5C(=O)c6ccc(*)cc6C5=O)cc4)cc2)C3=O)cc1,PI1092,2,49,-0.9683944219454048,59.9573390604912,2,2411.400717171089
*C(=O)c1ccc2c(c1)C(=O)N(c1cc(C(c3ccc(O)c(N4C(=O)c5ccc(*)cc5C4=O)c3)(C(F)(F)F)C(F)(F)F)ccc1O)C2=O,PI1041,1,47,-1.2317163040895733,0.0,1,2229.7648880526963
*CC(*)Cc1ccccc1,PI26,1,9,0.46368564024383124,0.0,1,3399.2299372176312
*CC(*)c1ccc(C(=O)CCC)cc1,PI168,2,13,0.5221096397134845,8.573549114121834,2,3439.530012158889
*CC(*)CCCCCC,PI30,1,8,1.8529187135597927,0.0,1,4357.503890964797
*C(=O)c1ccc2c(c1)C(=O)N(c1ccc(C3(c4ccc(N5C(=O)c6ccc(*)cc6C5=O)cc4)c4ccccc4-c4ccccc43)cc1)C2=O,PI969,4,49,-0.7725901354254787,4.248573985910521,4,2546.4638332227596
*c1ccc(-c2nc3cc4nc(*)oc4cc3o2)cc1,PI547,1,18,-0.9690026993419921,0.0,1,2410.9811357509525
*CC(*)c1ccc(Br)cc1,PI136,1,9,-1.6988845113511921,0.0,1,1907.5186547629785
*CC(*)c1ccccc1C(=O)OC,PI98,1,12,-0.06649494905680162,0.0,1,3033.5186255106364
*c1ccc(Oc2ccc(N3C(=O)c4cccc(Oc5cccc6c5C(=O)N(*)C6=O)c4C3=O)cc2)cc1,PI1060,5,36,-0.9642387991070754,28.38956828550006,5,2414.26720890963
*C(CC)C(*)CC,PI62,1,6,1.982743460778071,0.0,1,4447.055224143281
*c1ccc(Oc2ccc(Oc3ccc(N4C(=O)c5ccc(Oc6ccccc6Oc6ccc7c(c6)C(=O)N(*)C7=O)cc5C4=O)cc3C(F)(F)F)cc2)c(C(F)(F)F)c1,PI1072,5,58,-1.091785268335546,89.30129670185867,5,2326.2874006962247
*CCCCCCCCCCN1C(=O)C2C3C=CC(C4C(=O)N(*)C(=O)C34)C2C1=O,PI1080,3,28,0.19921995592053288,108.91296963919238,3,3216.8051290160647
*CCC=C(*)CCC,PI77,1,7,1.3615764735914648,0.0,1,4018.582740884783
*CC(*)c1ccc(OC(C)=O)cc1,PI232,1,12,-0.02911482199922701,0.0,1,3059.302925377277
*CC(*)c1ccccc1C(=O)NC,PI94,2,12,0.02693963633391585,3.0328074658212634,2,3097.9685232843603
*CC(*)c1ccc(I)cc1,PI176,1,9,-2.2407567385548233,0.0,1,1533.7426113026977
*CCCCOC(=O)NCC(F)(F)C(F)(F)C(F)(F)C(F)(F)CNC(=O)O*,PI658,1,26,-1.1617811149620296,0.0,1,2278.005224018312
*CC(*)NC(=O)OC(C)(C)C,PI348,2,10,0.41756133376815197,95.20187719514423,2,3367.414022106429
*CC(*)c1ccc(C(=O)OCC)cc1,PI161,1,13,-0.025595963234788566,0.0,1,3061.730185975693
*CC(*)OC(=O)c1ccc(CC)cc1,PI344,2,13,0.16666614939929955,9.251507215033852,2,3194.3499589774174
*CC(*)C(=O)OC(F)(C(F)(F)Cl)C(F)(F)Cl,PI434,1,15,-2.225081079736759,0.0,1,1544.5554661372885
*C1CCC1*,PI72,2,4,0.958053126090279,24.752930544992818,2,3740.237860485217
*c1ccc(-c2ccc(N3C(=O)c4ccc(-c5cccc6c5C(=O)N(*)C6=O)cc4C3=O)cc2C(F)(F)F)c(C(F)(F)F)c1,PI1106,1,42,-1.3803729449569697,0.0,1,2127.223572465709
*CC(*)c1ccc(COCCOCC)cc1,PI133,2,15,0.5927378285976085,35.29145452264641,2,3488.2483698686165
*CC1CC(*)C(OC(=O)CCCCCCCCCCOc2ccc(-c3ccc(C#N)cc3)cc2)C1,PI398,1,34,0.2749083267590469,0.0,1,3269.013930958119
*CC(*)c1ccc(CCCCCCCCC)cc1,PI126,1,17,1.2896830642343466,0.0,1,3968.9916514151328
*CC(*)CC(C)C,PI7,1,6,1.7574046781230757,0.0,1,4291.619617019447
*C(=O)Oc1ccc(C(C)(C)c2ccc(OC(=O)c3ccc4c(c3)C(=O)N(c3ccc(-c5ccc(N6C(=O)c7ccc(*)cc7C6=O)cc5)cc3)C4=O)cc2)cc1,PI958,2,55,-0.7305691311651863,84.45256003364187,2,2575.449346644796
*Cc1cc(*)c(O)cc1C,PI1138,1,9,-0.08535328498261968,0.0,1,3020.5104035816903
*CC(*)C(=O)Oc1ccc(C(=O)OCCCC)cc1,PI471,2,18,0.028273359377217838,216.72642873846027,2,3098.888507179401
*c1cc(C(c2ccc(O)c(N3C(=O)c4ccc(Oc5ccc6c(c5)C(=O)N(*)C6=O)cc4C3=O)c2)(C(F)(F)F)C(F)(F)F)ccc1O,PI1083,5,46,-1.236930055454162,28.08187477939554,5,2226.1685137437594
*C(=O)c1ccc2c(c1)C(=O)N(c1c(C(C)C)cc(Cc3cc(C(C)C)c(N4C(=O)c5ccc(*)cc5C4=O)c(C(C)C)c3)cc1C(C)C)C2=O,PI1071,5,49,-0.21022260284155717,36.140231935723186,5,2934.3772577296545
*C(=O)Oc1ccc(OC(=O)c2ccc3c(c2)C(=O)N(C2CCC(N4C(=O)c5ccc(*)cc5C4=O)CC2)C3=O)cc1,PI1088,1,40,-0.8433189392678476,0.0,1,2497.6760726923712
*CC(*)c1cc(C)cc(C)c1,PI205,1,10,0.4291311312322182,0.0,1,3375.394709993078
*C(=O)Nc1cccc(NC(=O)c2ccc(N3C(=O)c4ccc(*)cc4C3=O)cc2)c1,PI990,3,29,-0.6272503388901763,431.6313006539834,3,2646.717235000948
*CC(*)CCC,PI4,2,5,1.7756279757105868,144.27035100323823,2,4304.189798197047
*c1ccc(Oc2ccc(C3(c4ccc(Oc5ccc(N6C(=O)c7ccc(Oc8ccc(C9(c%10ccc(Oc%11ccc%12c(c%11)C(=O)N(*)C%12=O)cc%10)CCCCCCCCCCC9)cc8)cc7C6=O)cc5)cc4)CCC(C(C)(C)C)CC3)cc2)cc1,PI1047,3,84,-0.07639475216873183,51.968685214497306,3,3026.6898768639144
*CC(*)c1cc(Cl)ccc1Cl,PI195,2,10,-1.5735102654009339,1.434001061840531,2,1994.000093099351
*CC(*)C(=O)OCCCC,PI415,1,9,1.0321924337223785,0.0,1,3791.3781398359743
*c1ccc2c(c1)C(=O)N(c1ccc(Oc3c(C)cc(C(c4cc(C)c(Oc5ccc(N6C(=O)c7ccc(C(*)(C(F)(F)F)C(F)(F)F)cc7C6=O)cc5)c(C)c4)c4cccc5ccccc45)cc3C)cc1)C2=O,PI1006,5,72,-0.7942190604981586,62.21990481479432,5,2531.5444968329152
*CC(*)C(=O)N1CCOCC1,PI462,1,10,0.2828129780316536,0.0,1,3274.466451182039
*c1ccc2c(c1)C(=O)N(c1ccc(Oc3ccc(N4C(=O)c5ccc(C(C)(C)CCCCCCCCC(*)(C)C)cc5C4=O)cc3)cc1)C2=O,PI989,4,49,-0.14060719863778853,67.43336307992432,4,2982.39701043308
*C(=O)Nc1ccc(NC(=O)c2ccc(N3C(=O)c4ccc(*)cc4C3=O)cc2)cc1,PI960,5,29,-0.6462143163577977,148.2200483178626,5,2633.6361429828225
*CC(*)(C)c1ccccc1,PI213,1,9,0.47664153620977606,0.0,1,3408.1667368735657
*CC(*)c1ccc(O)cc1,PI231,1,9,0.24563030580789944,0.0,1,3248.81835295638
*CC(*)c1ccc(CCCCCC)cc1,PI124,2,14,1.019830466220093,109.67363921409918,2,3782.8510239026964
*CC(*)CCCC(C)(C)C,PI41,1,9,1.8544174408014698,0.0,1,4358.537692496777
*CC(*)c1ccccc1,PI82,1,8,0.4418333894374071,0.0,1,3384.1565537942406
*c1ccc(Oc2ccc(C(c3ccc(Oc4ccc(N5C(=O)c6ccc(Oc7ccc(C8(c9ccc(Oc%10ccc%11c(c%10)C(=O)N(*)C%11=O)cc9)CCC(C(C)(C)C)CC8)cc7)cc6C5=O)cc4)cc3)(C(F)(F)F)C(F)(F)F)cc2)cc1,PI1013,4,81,-0.668116293928343,29.174798070776916,4,2618.5284587183587
*c1ccc(Oc2ccc(C3(c4ccc(Oc5ccc(N6C(=O)c7ccc(Oc8ccccc8Oc8ccc9c(c8)C(=O)N(*)C9=O)cc7C6=O)cc5C(F)(F)F)cc4)c4ccccc4-c4ccccc43)cc2)c(C(F)(F)F)c1,PI1078,5,77,-0.8925520987332853,43.39202148723957,5,2463.7157133526684
*c1cccc(P(=O)(c2ccc(C(F)(F)F)cc2)c2cccc(-n3c(=O)c4c(-c5cc(C(F)(F)F)cc(C(F)(F)F)c5)c5c(=O)n(*)c(=O)c5c(-c5cc(C(F)(F)F)cc(C(F)(F)F)c5)c4c3=O)c2)c1,PI1052,5,68,-1.4479789671857266,191.12129030277967,5,2080.589863937856
*CC(*)P(=O)(Oc1ccccc1)N(C)C,PI382,1,14,-0.2819773607548439,0.0,1,2884.8818081276586
*CC(*)Cc1cccc(C)c1,PI294,1,10,0.5281010926741526,0.0,1,3443.6628343811567
*CC(*)CCc1ccccc1C,PI281,1,11,1.1082786737336545,0.0,1,3843.8613864861054
*CC(*)c1cc(Br)ccc1OC(C)C,PI202,1,13,-1.1125160159563312,0.0,1,2311.987614815597
*CC(*)(C)C(=O)OCc1ccccc1Cl,PI452,1,14,-0.7475375377888372,0.0,1,2563.7447720731416
*/C=C/CCC*,PI58,1,5,1.4305071046296074,0.0,1,4066.130146433906
*c1ccc2c(c1)C(=O)N(c1ccc(C(c3ccc(C)c(N4C(=O)c5ccc(C(*)(C(F)(F)F)C(F)(F)F)cc5C4=O)c3)(C(F)(F)F)C(F)(F)F)cc1C)C2=O,PI980,2,54,-1.2693933246860258,118.13869797257071,2,2203.7757950877576
*CC(*)c1ccccc1COCC,PI86,1,12,0.4319813486934907,0.0,1,3377.360750975052
*CC(CCl)O*,PI526,1,5,-1.2203858533013043,0.0,1,2237.5804778793163
*CC/C=C(\*)C(C)(C)C,PI81,1,8,1.4795323368187796,0.0,1,4099.947080385208
*CC(*)c1c(F)c(F)c(F)c(F)c1F,PI212,1,13,-1.6382078930870971,0.0,1,1949.3725553076551
*CC(*)CNc1ccc([N+](=O)[O-])cc1C,PI394,1,14,-0.24608170262891266,0.0,1,2909.642141649368
*CC(*)c1ccc(C(=O)OCCC)cc1,PI162,1,14,0.18361439036543573,0.0,1,3206.0406235546097
*c1ccc(-c2ccc(Oc3ccc(C4(C)CC(C)(C)c5ccc(Oc6ccc(-c7ccc(N8C(=O)c9ccc(Oc%10ccc%11c(c%10)C(=O)N(*)C%11=O)cc9C8=O)cc7)cc6C(F)(F)F)cc54)cc3)c(C(F)(F)F)c2)cc1,PI1101,2,75,-0.7744438017332691,34.659695594692444,2,2545.1851995825064
*Oc1ccc(C(C)(CCC#N)c2ccc(OC(*)=O)cc2)cc1,PI1119,2,22,-0.2671592295762881,85.6571263558794,2,2895.1031521370733
*c1ccc(Oc2ccc(C(C)(C)c3ccc(Oc4ccc(N5C(=O)C6CCC7C(=O)N(*)C(=O)C7C6C5=O)cc4)cc3)cc2)cc1,PI1068,5,45,-0.4148634207207621,46.49056018190728,5,2793.2188233288066
*CC(*)C(=O)OCCCCCCCCCCCCCC,PI423,1,19,1.222649832375686,0.0,1,3922.753045842402
*CC(*)c1ccccc1C(=O)OCCCCC,PI104,1,16,0.5016572436023146,0.0,1,3425.422229338636
*CC(*)c1ccc(C(O)CCN(C)C)cc1,PI144,2,15,0.8551028395246778,224.98778780893574,2,3669.2241623221407
*CC(*)C(=O)c1ccc(CC)cc1,PI325,1,12,0.07642924981342705,0.0,1,3132.1057810918155
*C(C)C(*)C,PI49,1,4,1.8397358413974696,0.0,1,4348.410526236171
*c1ccc2c(c1)C(=O)N(c1c(C)cc(C(c3cc(C)c(N4C(=O)c5ccc(C(*)(C(F)(F)F)C(F)(F)F)cc5C4=O)c(C)c3)c3cccc4ccccc34)cc1C)C2=O,PI1003,1,58,-0.7962857958666646,0.0,1,2530.118891071745
*CC(*)C1CCC1,PI21,1,6,1.3294202647439446,0.0,1,3996.4018282778857
*Oc1ccc(C2(c3ccc(OC(*)=O)cc3)CCCC2)cc1,PI800,1,21,-0.015514033839218427,0.0,1,3068.684562839348
*c1ccc(-c2sc(-c3ccc(-n4c(=O)c5cc6c(=O)n(*)c(=O)c6cc5c4=O)cc3)c(-c3ccccc3)c2-c2ccccc2)cc1,PI993,5,45,-0.7932604204411805,56.63859381793885,5,2532.2057536193147
*c1ccc(Oc2ccc(Oc3ccc(N4C(=O)c5ccc(-c6ccc7c(c6)C(=O)N(*)C7=O)cc5C4=O)cc3)c(-c3ccccc3)c2)cc1,PI1036,1,48,-0.7114328717829557,0.0,1,2588.6492763688784
*CC(*)CCCCCCCCCCCCCC,PI56,1,16,2.431908845183629,0.0,1,4756.883356706596
*CC(*)CCCCCCCCCCCCC,PI61,1,15,1.830114773560725,0.0,1,4341.77404536606
*CC(*)c1ccccc1C(=O)OCCC(C)C,PI105,2,16,0.45748107843877817,92.44768536153308,2,3394.950115432216
*CC1CC(*)C(OC(=O)CCCCCCCCCCOc2ccc(-c3ccc(C#N)cc3)cc2)C1OC(=O)CCCCCCCCCCOc1ccc(-c2ccc(C#N)cc2)cc1,PI397,1,62,0.3173878907906996,0.0,1,3298.31575263222
*c1ccc(Oc2ccc(NC(=O)CN3C(=O)c4ccc(C(c5ccc6c(c5)C(=O)N(CC(=O)Nc5ccc(Oc7ccc(-c8nnc(*)o8)cc7)cc5)C6=O)(C(F)(F)F)C(F)(F)F)cc4C3=O)cc2)cc1,PI1021,2,70,-0.8548875946496269,168.89492070239885,2,2489.6961725984474
*CC(*)OC(=O)C(C)(C)C(C)C(C)C,PI366,3,13,1.3755910121592165,191.19997175635066,3,4028.249777713388
*c1ccc(Oc2ccc(Oc3ccc(N4C(=O)c5ccc(Oc6ccc(C7(c8ccc(Oc9ccc%10c(c9)C(=O)N(*)C%10=O)cc8)CCC(c8ccccc8)CC7)cc6)cc5C4=O)cc3)c(C(C)(C)C)c2)cc1,PI1025,2,72,-0.3634959722943248,91.431614894425,2,2828.651385972894
*CC(*)c1ccc(C(C)(O)CCC)cc1,PI141,2,14,0.6694002363232476,74.7819198744119,2,3541.129049119705
*C(F)(F)C(*)(F)F,PI513,1,6,-2.20890224447063,0.0,1,1555.7154051966802
*c1ccc(N2C(=O)c3ccc(Oc4ccc(C(C)(C)c5cccc(Oc6ccc7c(c6)C(=O)N(*)C7=O)c5)cc4)cc3C2=O)cc1,PI1079,4,45,-0.6165021606880097,63.78211584110417,4,2654.131181169668
*CC(*)c1ccncc1,PI226,1,8,0.08643796845331984,0.0,1,3139.009658178545
*CC(*)OC(=O)C1CCCC1,PI378,1,10,0.430026559375102,0.0,1,3376.01236406658
*c1cccc(Oc2ccc(-n3c(=O)c4cc5c(=O)n(*)c(=O)c5cc4c3=O)cc2)c1,PI953,1,29,-1.0671629243738145,0.0,1,2343.27155645233
*/C=C\CC*,PI47,1,4,1.2320241582512896,0.0,1,3929.219327485904
*CC(*)C=C,PI521,2,4,1.0958578786607065,109.72101805556203,2,3835.2936921000028
*CC(*)c1ccc(C(C)(O)CCCCC)cc1,PI143,2,16,1.1023498641033953,32.630274087778055,2,3839.771774775493
*CC(*)c1ccc(COCCCCCC)cc1,PI153,1,16,0.7618178939537986,0.0,1,3604.877484047397
*CC(*)c1ccccc1COCCCC,PI89,2,14,0.9054968010345489,92.16067812668464,2,3703.9852270193555
*C(F)(F)C(*)(F)OC(F)C(F)F,PI405,1,11,-1.9096431881620235,0.0,1,1762.1402050317413
*CC(*)CCCCCCCCCCC,PI63,1,13,1.8466763360030845,0.0,1,4353.197984391632
*CC(*)OC(=O)C1CCCCC1,PI340,1,11,0.5346930565498431,0.0,1,3448.20988081091
*CC(*)C(=O)NC(C)C,PI456,1,8,1.1787309295560529,0.0,1,3892.458387978584
*CC(*)c1cccc(CC)c1,PI114,1,10,0.6498647420550254,0.0,1,3527.6537326372586
*c1ccc(Oc2ccc(Oc3ccc(-n4c(=O)c5cc6c(=O)n(*)c(=O)c6cc5c4=O)cc3)cc2C(C)(C)C)cc1,PI1030,2,40,-0.6490443489892006,69.00193693074817,2,2631.6840252201387
*CC(*)OC,PI253,1,4,0.6975773210784821,0.0,1,3560.565216406608
*C(F)(F)C(*)(F)OC(F)(F)C(F)(F)C(F)(F)C(F)(F)F,PI310,1,19,-2.2480169011346747,0.0,1,1528.7346505552364
*c1ccc(Oc2ccc(Oc3ccc(N4C(=O)c5ccc(Oc6ccc(C7(c8ccc(Oc9ccc%10c(c9)C(=O)N(*)C%10=O)cc8)CCC(C(C)(C)C)CC7)cc6)cc5C4=O)cc3)c(C(C)(C)C)c2)cc1,PI1014,5,70,-0.2623813771848815,52.19805829528659,5,2898.398849302276
*CC(*)c1cc(C(C)C)ccc1C(C)C,PI194,1,14,0.9044210122168869,0.0,1,3703.24316262174
*CC(*)C(=O)OC(F)(C(F)(F)F)C(F)(F)Cl,PI433,1,15,-1.9357058535669538,0.0,1,1744.1625352638032
*CCCCCCCCCCCCSC(=O)S*,PI1125,1,16,0.24344411376944616,0.0,1,3247.3103476197816
*CC(*)C(=O)OCCCCCCC,PI420,1,12,0.7469960883802074,0.0,1,3594.6536054905937
*c1ccc(S(=O)(=O)c2ccc(N3C(=O)c4ccc(-c5ccc6c(c5)C(=O)N(*)C6=O)cc4C3=O)cc2)cc1,PI968,4,37,-1.0227891132578926,71.87698014044271,4,2373.8800038307013
*Oc1cccc2c(OC(=O)Oc3ccc(OC(*)=O)cc3)cccc12,PI817,1,24,-0.759302735044283,0.0,1,2555.629300085651
*CCC=C(*)C,PI522,1,5,1.231916874875922,0.0,1,3929.1453248824105
*CC(*)c1ccc(C#N)cc1,PI134,2,10,-0.23214875327135043,30.218542517191725,2,2919.252899357836
*CC(*)c1ccc(C(C)CC)cc1,PI123,1,12,0.5524815097229346,0.0,1,3460.480112264972
*CC(*)c1ccc(Cl)c(Cl)c1,PI208,1,10,-1.4130757889407273,0.0,1,2104.6655984259096
*c1cccc(P(=O)(c2ccc(C(F)(F)F)cc2)c2cccc(-n3c(=O)c4cc5c(=O)n(*)c(=O)c5cc4c3=O)c2)c1,PI1010,5,40,-1.2012483334166275,21.00661778954865,5,2250.781277080728
*C1CCC(N2C(=O)c3ccc(-c4ccc5c(c4)C(=O)N(*)C5=O)cc3C2=O)CC1,PI978,5,28,-0.5319277435340105,51.68666197608709,5,2712.469456199773
*CCCC=C(*)c1ccc(OC)cc1,PI389,2,13,0.5046031229165536,65.07459792994405,2,3427.4542565570637
*C=CCCCCCCCC*,PI53,2,10,1.7004557813509789,129.01589761724748,2,4252.337047723082
*CC(*)(C)C(=O)OCc1ccccc1,PI450,1,13,0.05437177105266423,0.0,1,3116.890834235333
*CC(*)OCCOC,PI375,2,7,0.5438379837194812,0.0,1,3454.5179263677737
*c1ccc(Oc2ccc(C(C)(C)c3ccc(Oc4ccc(N5C(=O)c6ccc(C(c7ccc8c(c7)C(=O)N(*)C8=O)(C(F)(F)F)C(F)(F)F)cc6C5=O)cc4)cc3)cc2)cc1,PI982,1,60,-0.8743632685781791,0.0,1,2476.262119367295
*CC(*)SCCCC,PI307,2,7,0.46690779483731104,16.79121923739426,2,3401.4525353411473
*c1ccc(Oc2ccc(Oc3ccc(N4C(=O)c5ccc(-c6cccc7c6C(=O)N(*)C7=O)cc5C4=O)cc3)cc2)cc1,PI1108,2,42,-0.7912464022538749,35.44916155833029,2,2533.594995790653
*CC(*)c1ccccc1C(=O)OCCN(C)C,PI108,2,16,0.37403962650404865,27.968974046536477,2,3337.3933442987436
*c1ccc(Oc2cc(C(C)(C)C)ccc2Oc2ccc(N3C(=O)c4ccc(-c5ccc6c(c5)C(=O)N(*)C6=O)cc4C3=O)cc2)cc1,PI1037,3,46,-0.6877446634054962,59.86744918275023,3,2604.989078188362
*CC(*)c1ccc2ccccc2c1,PI225,2,12,0.07072490131989333,52.602945397122035,2,3128.170999600181
*CC(*)C(=O)c1ccc(C(C)(C)C)cc1,PI323,1,14,0.6271731500840309,0.0,1,3512.00138317011
*c1ccc2c(c1)C(=O)N(c1ccc(Oc3ccc(-c4ccc(Oc5ccc(N6C(=O)c7ccc(C(*)(C(F)(F)F)C(F)(F)F)cc7C6=O)cc5)cc4)cc3)cc1)C2=O,PI981,2,57,-1.1444472609448904,34.803860721466776,2,2289.9618791985927
*CC(*)c1cc(Br)ccc1OCC,PI199,1,12,-1.2774142745168235,0.0,1,2198.243053710661
*C(F)C(*)(F)OC(F)(F)F,PI314,1,9,-2.054753427332428,0.0,1,1662.0451487809505
*CCC(C)C(*)C,PI51,2,6,1.7544439843393427,113.59205321782282,2,4289.57737098279
*CC(*)O[N+](=O)[O-],PI267,1,6,-0.654121394930869,0.0,1,2628.181948440275
*c1ccc(C(c2ccc(N3C(=O)c4cc5c(cc4C3=O)C(C(F)(F)F)(C(F)(F)F)c3cc4c(cc3O5)C(=O)N(*)C4=O)cc2)(C(F)(F)F)C(F)(F)F)cc1,PI995,5,53,-1.5033403105595096,32.59507648105458,5,2042.4023672401845
*CC(*)OC(=O)c1ccccc1OC,PI357,3,13,-0.32629315539008813,81.3878832765899,3,2854.3133797233454
*CC(*)c1ccc(COCCCC)cc1,PI150,2,14,0.6694266134110337,69.80184579229022,2,3541.1472436737267
*CC(*)CCCCCCCCC,PI64,3,11,1.9393094854424051,10.267227022607948,3,4417.095062618679
*CCCCO*,PI527,1,5,1.1299675714720514,0.0,1,3858.8220911996655
*CC(*)C(C)C,PI5,3,5,1.9743202528144994,220.20486426773132,3,4441.245010613581
*CC(*)c1ccc(COCCCCCCOc2ccc(-c3ccc(OC)cc3)cc2)cc1,PI234,1,31,0.33210749365077497,0.0,1,3308.469133156515
*C=CCCCCCC*,PI57,1,8,1.949907878760783,0.0,1,4424.405689225291
*CC(*)C(C)=O,PI246,1,5,0.22253768732185358,0.0,1,3232.889380889671
*CC(*)c1ccc(C(=O)CCCCCCC)cc1,PI171,2,17,0.775249350821551,93.7313742055586,2,3614.1423191024132
*c1ccc(Oc2c(C)cc(Cc3cc(C)c(Oc4ccc(-n5c(=O)c6cc7c(=O)n(*)c(=O)c7cc6c5=O)cc4)c(C)c3)cc2C)cc1,PI997,1,47,-0.49086206862822557,0.0,1,2740.795996512647
*CC(*)C(=O)c1ccc(C(C)C)cc1,PI326,2,13,0.2648257466426315,90.63630440788575,2,3262.059105236134
*CC(*)SC,PI317,2,4,-0.46169966337344626,137.91867706571807,2,2760.9118243899457
*CC(*)C(=O)OCCC#N,PI460,1,9,-0.40901076409745224,0.0,1,2797.255905737849
*CC(*)c1ccc(OCCC)cc1,PI180,2,12,0.502587182551975,0.7793242949852451,2,3426.0636884941596
*c1cccc(P(=O)(c2ccc(C(F)(F)F)cc2)c2cccc(-n3c(=O)c4c(-c5ccccc5)c5c(=O)n(*)c(=O)c5c(-c5ccccc5)c4c3=O)c2)c1,PI1058,5,52,-1.025532013320839,65.34411433339567,5,2371.987988920792
*CC(*)C(=O)c1ccc(Br)cc1,PI406,1,11,-1.751353717236439,0.0,1,1871.326114908153
*c1ccc(-c2ccc(-n3c(=O)c4cc5c(=O)n(*)c(=O)c5cc4c3=O)cc2OC(F)(F)F)c(OC(F)(F)F)c1,PI977,5,38,-1.4410704580763505,55.02030586133969,5,2085.355258935931
*c1ccc(Sc2ccc(Oc3ccc(Sc4ccc(N5C(=O)c6ccc(Oc7ccc(C(C)(C)c8ccc(Oc9ccc%10c(c9)C(=O)N(*)C%10=O)cc8)cc7)cc6C5=O)cc4)cc3)cc2)cc1,PI1114,1,66,-0.9228195585963741,0.0,1,2442.8376339360484
*C1CC(*)(C#N)C1,PI290,1,6,-0.19502848461467517,0.0,1,2944.857952457302
*CC(*)c1ccccc1C(=O)OC(C)C,PI101,2,14,0.18525560728576537,49.75509294332133,2,3207.1727125160733
*c1ccc2c(c1)C(=O)N(c1cccc(Oc3ccc(S(=O)(=O)c4ccc(Oc5cccc(N6C(=O)c7ccc(C(*)(C(F)(F)F)C(F)(F)F)cc7C6=O)c5)cc4)cc3)c1)C2=O,PI984,5,60,-1.1208306844472673,109.2591971175257,5,2306.2522703280893
*CC(*)c1cccc2ccccc12,PI217,2,12,-0.015939511020318976,116.13976366092585,2,3068.3910745051053
*CC(*)c1ccc(C(=O)OC(C)C)cc1,PI163,2,14,0.08856001127635894,187.06090732421333,2,3140.4734142646284
*Oc1ccc(OC(=O)Oc2ccc(-c3ccc(OC(*)=O)cc3)cc2)cc1,PI815,1,26,-0.8316836101243007,0.0,1,2505.7019634343205
*CC(*)OC(=O)c1cccnc1,PI368,1,11,-0.30073961439610236,0.0,1,2871.939862443123
*CC(*)OC=O,PI270,1,5,-0.4184764873682712,0.0,1,2790.7265794224645
*CC(*)C(=O)OC(C(F)(F)F)C(F)(F)F,PI431,1,14,-1.7368875376168977,0.0,1,1881.304687550788
*c1ccc(Oc2ccc(S(=O)(=O)c3ccc(Oc4ccc(-n5c(=O)c6cc7c(=O)n(*)c(=O)c7cc6c5=O)cc4)cc3)cc2)cc1,PI966,5,45,-0.9942946376806585,62.2630336065866,4,2393.535102961168
*c1ccc(Oc2ccccc2Oc2ccc(N3C(=O)c4ccc(Oc5ccccc5Oc5ccc6c(c5)C(=O)N(*)C6=O)cc4C3=O)cc2C(F)(F)F)c(C(F)(F)F)c1,PI1073,5,58,-1.1595799303866625,113.29669357988833,5,2279.523571001608
*c1ccc(Oc2ccc3ccc(Oc4ccc(-n5c(=O)c6cc7c(=O)n(*)c(=O)c7cc6c5=O)cc4)cc3c2)cc1,PI1050,5,40,-0.9074103618110123,103.55342367495216,5,2453.466686908658
*C(C)C(*)OCCCC,PI284,1,8,1.3961827436590142,0.0,1,4042.453672177052
*CC(*)C,PI2,1,3,1.5784051170917044,0.0,1,4168.148170533428
*C(=O)c1ccc2c(c1)C(=O)N(c1c(C)cc(C(c3cc(C)c(N4C(=O)c5ccc(*)cc5C4=O)c(C)c3)c3cccc4ccccc34)cc1C)C2=O,PI1002,5,51,-0.5169369950652882,40.396235013402155,5,2722.809869252612
*CC(*)C(C)c1ccccc1,PI28,2,10,0.6373351543276456,159.1761392322841,2,3519.0109945676277
*CC(*)c1ccccc1F,PI112,2,9,-0.32061412237251297,11.722641489786788,2,2858.2306989462622
*CC(*)CCCCC,PI8,1,7,2.0277530804816646,0.0,1,4478.102243580464
*CC(*)SCC,PI309,3,5,0.03677590920519464,153.711813250809,3,3104.7534496408844
*C=CCC(C)(CC*)C(=O)OC,PI280,1,11,0.583914443540048,0.0,1,3482.162119658376
*CC(*)OC(=O)CCl,PI372,1,7,-1.0072907474562531,0.0,1,2384.570564369911
*c1ccc(-c2ccc(-n3c(=O)c4cc5c(=O)n(*)c(=O)c5cc4c3=O)cc2C(F)(F)F)c(C(F)(F)F)c1,PI967,3,36,-1.365299073332983,32.31514254543601,3,2137.621322732996
*CC(*)c1ccc(C(=O)N2CCOCC2)cc1,PI159,2,16,0.06615994874124982,66.04094388464614,2,3125.0221578109745
*CC(*)c1ccc(COC)cc1,PI147,2,11,0.5446707395833887,9.415120202825749,2,3455.092349961295
*CC(*)CC1CCCC1,PI23,1,8,1.6795225781123104,0.0,1,4237.897610729093
*CC(*)C(=O)OCc1ccccc1,PI473,1,12,-0.17388491742481857,0.0,1,2959.442495624692
*Oc1ccc(OC(=O)c2ccc(-c3ccc(C(*)=O)cc3)cc2)cc1C,PI582,2,25,-0.6061692211193054,18.875053333244672,2,2661.2587014141277
*CC(*)C(=O)Oc1ccccc1,PI463,1,11,-0.3635640652379226,0.0,1,2828.604416392672
*CC(*)OC(=O)c1ccccc1Cl,PI337,1,12,-0.9788309664116671,0.0,1,2404.201731686766
*CC(*)C(=O)C(C)C,PI247,1,7,0.712405424450581,0.0,1,3570.793439098598
*c1cccc(N2C(=O)c3ccc(Oc4ccc5c(c4)C4(CC(C)(C)c6ccc(Oc7ccc8c(c7)C(=O)N(*)C8=O)cc64)CC5(C)C)cc3C2=O)c1,PI986,3,51,-0.4978094656980992,35.066733912020645,3,2736.0037771318425
*Oc1ccc(S(=O)(=O)c2ccc(Oc3ccc(-c4ccc(*)cc4)cc3)cc2)cc1,PI545,1,29,-0.8172735736799656,0.0,1,2515.641809283364
*c1ccc(Oc2ccc(N3C(=O)C4CCC5C(=O)N(*)C(=O)C5C4C3=O)cc2)cc1,PI1064,5,29,-0.6943648541090307,35.247058823363645,5,2600.42256127922
*C(F)(F)C(*)(OC(F)(F)F)OC(F)(F)F,PI312,1,14,-2.189006199070602,0.0,1,1569.4394249134796
*CC(*)c1cc(Br)ccc1OCCC,PI201,2,13,-1.1381541059405982,9.332121459048906,2,2294.3028113598984
*CC(*)CCCCCCCCCCCC,PI32,2,14,1.936151208232541,92.76551579562961,2,4414.916526239825
*CC(*)c1ccc(C(=O)CCN2CCCCC2)cc1,PI158,1,18,0.419790782555553,0.0,1,3368.951865356216
*CCCC=C(*)c1ccccc1,PI390,1,11,0.4557669071445104,0.0,1,3393.767703542441
*c1ccc(-c2ccc(N3C(=O)c4ccc(-c5cccc6c5C(=O)N(*)C6=O)cc4C3=O)c(C)c2)cc1C,PI1104,2,36,-0.6000559104325706,98.40926682398045,2,2665.4755794274615
*CC(*)OC(=O)CC1CCCCC1,PI341,2,12,0.642492578741393,26.366495295595225,2,3522.568515317056
*CC(*)C(=O)Oc1cccc(C(=O)OCC)c1,PI468,1,16,-0.3600790277575413,0.0,1,2831.0083475323986
*CC(CC(*)(C#N)C(=O)OC)c1ccccc1,PI238,2,16,-0.09339792249747604,19.46283442159657,2,3014.9613227644422
*CC(*)OC(=O)C(F)(F)C(F)(F)C(F)(F)C(F)(F)C(F)(F)F,PI350,1,21,-1.9452103220681933,0.0,1,1737.6064830189423
*CC(*)CC(C)CC,PI38,1,7,1.8153100205380752,0.0,1,4331.561929425427
*CC(*)c1ccc(C(=O)OCCCCCC)cc1,PI166,1,17,0.5161597973457601,0.0,1,3435.425892353936
*c1ccc(-c2ccc(N3C(=O)c4cc5c(cc4C3=O)C(C(F)(F)F)(C(F)(F)F)c3cc4c(cc3O5)C(=O)N(*)C4=O)cc2C(F)(F)F)c(C(F)(F)F)c1,PI1111,3,52,-1.5886073071509088,61.989143737921836,3,1983.5863603963835
*C=CC1CCC(*)C1,PI75,1,7,1.034760476970375,0.0,1,3793.1495409089257
*CC(*)c1cc(Br)ccc1OCCCCC,PI203,2,15,-0.617785731416087,89.1802352380699,2,2653.245791655025
*CC(OC)C1C(=O)OC(=O)C1*,PI387,2,11,-0.5087181869313937,111.79408540697577,2,2728.479090578273
*CC(*)C(=O)Oc1ccc(C(=O)OC)cc1,PI469,2,15,-0.5045771639711949,5.146488158815456,2,2731.3355115207687
*c1cc(C(c2ccc(O)c(N3C(=O)c4ccc(-c5ccc6c(c5)C(=O)N(*)C6=O)cc4C3=O)c2)(C(F)(F)F)C(F)(F)F)ccc1O,PI1097,2,45,-1.1149631553115833,1.6888487112114259,2,2310.2996115925453
*c1ccc(Oc2c(C)cc(C(C)(C)c3cc(C)c(Oc4ccc(N5C(=O)c6ccc(Oc7ccc(C8(c9ccc(Oc%10ccc%11c(c%10)C(=O)N(*)C%11=O)cc9)CCC(c9ccccc9)CC8)cc7)cc6C5=O)cc4)c(C)c3)cc2C)cc1,PI1023,5,81,-0.2837620534797144,34.14231382707545,5,2883.6507515205744
*CC(*)c1ccc(C(=O)CCCC)cc1,PI169,3,14,0.5172888147952797,32.82048351997116,3,3436.2046731330447
*c1ccc(Oc2ccc(C3(c4ccc(Oc5ccc(N6C(=O)c7ccc(Oc8ccc(C9(c%10ccc(Oc%11ccc%12c(c%11)C(=O)N(*)C%12=O)cc%10)CCC(c%10ccccc%10)CC9)cc8)cc7C6=O)cc5)cc4)CC4CC3C3CCCC43)cc2)cc1,PI1039,2,84,-0.4343956197898455,58.42477522806126,2,2779.745779829611
*CC(*)CCCCCCCCCCCCCCCCCCCC,PI54,3,22,2.1004026881289506,234.1007200639681,3,4528.214948277433
*c1ccc(Oc2cc(C(C)(C)C)ccc2Oc2ccc(-n3c(=O)c4cc5c(=O)n(*)c(=O)c5cc4c3=O)cc2)cc1,PI1032,3,40,-0.6550360733638246,25.73957316593991,3,2627.55101578024
*CC(*)c1ccc(C(=O)OCCN(C)C)cc1,PI109,1,16,0.6211256585170757,0.0,1,3507.8299062844594
*CCC=C(*)C(C)C,PI69,1,7,1.2646862353482005,0.0,1,3951.749181085303
*CC(*)c1ccc(Oc2ccccc2)cc1,PI183,1,15,-0.2700679040271171,0.0,1,2893.096788324048
*c1ccc(Oc2cccc(Oc3ccc(N4C(=O)c5ccc(-c6cccc7c6C(=O)N(*)C7=O)cc5C4=O)cc3)c2)cc1,PI1109,2,42,-0.9026270421988822,51.836296833697645,2,2456.7661552878635
*CC(*)c1ccc(C(C)(O)CC)cc1,PI140,2,13,1.1992462595993805,31.565936414082024,2,3906.6095817636
*CC(*)OCC(CC)CCCC,PI306,1,11,1.3902489872184416,0.0,1,4038.360648224413
*CC(*)OC(=O)c1ccc(C(C)(C)C)cc1,PI298,1,15,0.3480330280760958,0.0,1,3319.454348763902
*CC(*)CCc1ccc(C)cc1,PI282,1,11,0.4532484337664011,0.0,1,3392.030495087068
*CC(*)OC(=O)c1ccc(OC(C)=O)cc1,PI332,1,15,-0.6721620313710055,0.0,1,2615.7377644212893
*CC(*)c1ccc(CCCCCCCCCCCCCC)cc1,PI129,1,22,1.3284458796172205,0.0,1,3995.729710757944
*CC(*)c1ccc(COCCC)cc1,PI149,1,13,0.5252121942769065,0.0,1,3441.6701118191354
*c1cc(C(c2ccc(O)c(-n3c(=O)c4cc5c(=O)n(*)c(=O)c5cc4c3=O)c2)(C(F)(F)F)C(F)(F)F)ccc1O,PI979,4,39,-1.3721677214152974,167.84707986600603,4,2132.883423325644
*CC(*)OC(=O)c1cccc(Cl)c1,PI338,1,12,-1.004621394671226,0.0,1,2386.41184737446
*CC(*)OCC(C)(C)CC,PI316,1,9,1.3437990023068738,0.0,1,4006.3200845870538
*CC(*)c1ccc(-c2ccccc2)cc1,PI132,1,14,0.08192934790730141,0.0,1,3135.899673454192
*c1ccc(Oc2ccc(C(c3ccc(Oc4ccc(N5C(=O)c6ccc(Oc7ccc8c(c7)C(=O)N(*)C8=O)cc6C5=O)cc4)cc3)(C(F)(F)F)C(F)(F)F)cc2)cc1,PI961,4,58,-1.0271074658324093,101.92459251134377,4,2370.901263348099
*CC(*)c1cc(C)ccc1C,PI192,1,10,0.5084934325579764,0.0,1,3430.1377388848264
*CC(*)c1ccc(CCCCCCCCCC)cc1,PI127,2,18,1.2591350176289757,36.49493523677194,2,3947.9200271052473
*CC(*)c1ccc(C(=O)c2ccc(C)cc2)cc1,PI174,1,17,-0.11793362672706047,0.0,1,2998.0369299093727
*c1cccc(P(=O)(c2ccccc2)c2cccc(-n3c(=O)c4c(-c5ccc(C(F)(F)F)cc5)c5c(=O)n(*)c(=O)c5c(-c5ccc(C(F)(F)F)cc5)c4c3=O)c2)c1,PI1056,5,56,-1.1313760048696726,40.746740291388036,5,2298.978252678489
*CC(*)(C)C(=O)OC(C)CC,PI442,1,10,0.7951761929658485,0.0,1,3627.887581991766
*CC(*)C(=O)c1ccccc1,PI321,1,10,-0.04193010236384693,0.0,1,3050.4631204379443
*CCCCCCN1C(=O)c2ccc(C(c3ccc4c(c3)C(=O)N(*)C4=O)(C(F)(F)F)C(F)(F)F)cc2C1=O,PI970,4,37,-0.8943884802535793,80.67356953802368,4,2462.449002522181
*CC(*)OCC(C)(C)C,PI276,1,8,1.256725644595116,0.0,1,3946.258074573627
*CC(*)C(=O)OC(F)(C(F)(F)F)C(F)(F)F,PI432,1,15,-1.7929108698544882,0.0,1,1842.660559998264
*CC(*)C1CC=CCC1,PI67,3,8,1.2036666739861068,108.97171246817872,3,3909.658723086919
*C#C/C(COS(=O)(=O)c1ccc(C)cc1)=C(/*)COS(=O)(=O)c1ccc(C)cc1,PI269,1,28,-1.0214601190775472,0.0,1,2374.796725820818
*CC(*)C(=O)Oc1cccc(N(C)C)c1,PI475,2,14,-0.03711049116478402,41.05488403837638,2,3053.7876222569416
*C(O)C(*)O,PI305,2,4,0.44635398433927714,418.6259551807547,2,3387.2747982653173
*C(=O)Oc1ccc(OC(=O)c2ccc3c(c2)C(=O)N(c2ccc(-c4ccc(N5C(=O)c6ccc(*)cc6C5=O)cc4C(F)(F)F)c(C(F)(F)F)c2)C3=O)cc1,PI1089,2,54,-1.2079199068437165,46.72208062315382,2,2246.179317072368
*C(F)(F)C(*)(F)c1ccccc1,PI215,1,11,-1.0772437265191386,0.0,1,2336.3179571504616
*c1ccc(Oc2c(C)cc(Cc3cc(C)c(Oc4ccc(N5C(=O)c6ccc(-c7ccc8c(c7)C(=O)N(*)C8=O)cc6C5=O)cc4)c(C)c3)cc2C)cc1,PI998,3,53,-0.46271637408008104,102.50305559970319,3,2760.210511264468
*CC(*)Cc1ccc(C)c(C)c1,PI292,2,11,0.5847936636783859,49.70800678241873,2,3482.768593672249
*c1ccc(Oc2ccc(C(c3ccc(Oc4ccc(N5C(=O)c6ccc(Oc7ccccc7Oc7ccc8c(c7)C(=O)N(*)C8=O)cc6C5=O)cc4C(F)(F)F)cc3)(C(F)(F)F)C(F)(F)F)cc2)c(C(F)(F)F)c1,PI1077,5,73,-1.280604363550146,19.34715343182423,5,2196.0425739715265
*CC(*)c1ccccc1C(=O)O,PI97,1,11,-0.32653496589034176,0.0,1,2854.146582150939
*CC(*)OC(=O)C(C)(C)C(C)(C)CC,PI365,2,13,0.8423276708547869,1.669614974565348,2,3660.412025880656
*CC(*)(C)C(=O)OC(C)(C)C,PI444,1,10,0.7659232904206553,0.0,1,3607.709330322554
*/C=C/CCCCCCCCCC*,PI55,1,12,1.6713491876952262,0.0,1,4232.259717922666
*CC(*)(C(=O)OC)c1ccccc1,PI220,2,12,-0.06652113993312336,90.4892005689956,2,3033.5005594027334
*CC(*)CC(C)(C)C,PI39,1,7,1.711875950185078,0.0,1,4260.214523829371
*CC(*)c1ccc(Cl)c(C)c1,PI207,2,10,-0.5947568045605418,8.280875858756215,2,2669.1308301070276
*CC(*)c1ccc(F)cc1C,PI189,1,10,-0.1253054496796618,0.0,1,2992.9519473655496
*c1ccc(Cc2ccc(N3C(=O)C4CCC5C(=O)N(*)C(=O)C5C4C3=O)c(C)c2)cc1C,PI1066,5,31,-0.4740258933433997,31.509855421136074,5,2752.409359717182
*c1ccc2c(c1)C(=O)N(c1ccc3c(c1)-c1cc(N4C(=O)c5ccc(C(*)(C(F)(F)F)C(F)(F)F)cc5C4=O)ccc1C3)C2=O,PI959,5,44,-1.2102317626103325,106.65783202368945,5,2244.5846306165668
*CC(*)c1ccc(C(C)=O)cc1,PI218,1,11,0.10104970791964606,0.0,1,3149.088636010608
*CC(*)OC(=O)c1ccc(C#N)cc1,PI403,2,13,-0.6586172741945544,133.76923393893668,2,2625.080752478032
*c1ccc(S(=O)(=O)c2ccc(N3C(=O)c4ccc(Oc5ccc6c(c5)C(=O)N(*)C6=O)cc4C3=O)cc2)cc1,PI987,4,38,-1.1336071083199364,47.780634124021724,4,2297.4392680649134
*CCC=C(*)CCCCCCC,PI68,2,11,1.6849921165529287,116.95008779709342,2,4241.670423461051
*CC(*)C(=O)C1CCCCC1,PI300,1,10,0.7999488010230812,0.0,1,3631.179661687057
*C(F)(F)C(*)(F)OC(F)(F)C(F)(F)F,PI311,1,13,-2.2251901466669306,0.0,1,1544.48023326211
*CC(*)C(=O)Oc1ccc(C#N)cc1,PI476,2,13,-0.5631636243587036,85.81003571215143,2,2690.9233732626544
*CC(*)OCC(F)(F)F,PI376,2,8,-0.8176329325969602,269.7020643744651,2,2515.3939284224653
*CC(*)(C)c1ccc(C)cc1,PI221,1,10,0.4337338188288116,0.0,1,3378.5695808810297
*CC(*)c1ccccc1OC,PI110,1,10,0.23511115574125954,0.0,1,3241.5623872598835
*C(=O)c1ccc2c(c1)C(=O)N(c1ccc(Oc3c(C)cc(Cc4cc(C)c(Oc5ccc(N6C(=O)c7ccc(*)cc7C6=O)cc5)c(C)c4)cc3C)cc1)C2=O,PI999,3,55,-0.6020120496730754,39.87122929679682,3,2664.126261361196
*c1cccc(P(=O)(c2cccc(-n3c(=O)c4c(-c5ccccc5)c5c(=O)n(*)c(=O)c5c(-c5ccccc5)c4c3=O)c2)c2cc(C(F)(F)F)cc(C(F)(F)F)c2)c1,PI1057,5,56,-1.1214064160523158,90.47016789400777,5,2305.855138549366
*CC(*)CCCCCCCC,PI12,1,10,1.917085992312599,0.0,1,4401.765601323361
*c1ccc(S(*)(=O)=O)cc1,PI1137,1,9,-1.3785856231172904,0.0,1,2128.4564426001925
*CC(*)c1cc(C)ccc1F,PI197,2,10,-0.21381724939337632,48.341671138067014,2,2931.8977197531267
*CC(*)(C)C(=O)OC,PI437,1,7,0.40428392136722197,0.0,1,3358.255444815578
*C(c1ccccc1)C(*)[N+](=O)[O-],PI222,1,11,-0.6366017937353113,0.0,1,2640.266729481132
*CC(*)Cc1cc(C)ccc1C,PI291,1,11,0.6711693091121825,0.0,1,3542.349331308836
*CC(*)OC(=O)c1ccc(OCC)cc1,PI343,2,14,-0.21144381562849018,52.77684575817275,2,2933.53488186906
*CC(*)c1ccccc1C(=O)OCC,PI99,2,13,0.09250976796647818,81.04453638199415,2,3143.1979023526824
*CC(*)OC(=O)c1cccc(C)c1,PI361,1,12,-0.14472818501270995,0.0,1,2979.5544104527844
*CC(*)C(=O)OC1CC2CCC1(C)C2(C)C,PI428,1,15,0.7239803892533063,0.0,1,3578.777691344707
*CC(*)c1ccc(Cl)c(F)c1,PI209,2,10,-1.2177546523222431,20.373903609779845,2,2239.395444290453
*Oc1ccc(S(=O)(=O)c2ccc(OC(=O)c3ccc(C(*)=O)cc3)cc2)cc1,PI583,1,27,-0.8859151453470844,0.0,1,2468.2937929308127
*CC(*)CCC1CCCCC1,PI42,1,10,1.5117105597638183,0.0,1,4122.143178015175
*CC(*)OC(=O)c1ccncc1,PI354,2,11,-0.39415749208338907,42.6103171132879,2,2807.5014894144774
*CC(*)c1ccc(CCC)cc1,PI233,2,11,0.8518768650127138,130.63080209214996,2,3666.9989292711534
*CC(*)OC(=O)c1ccc(Br)cc1,PI335,1,12,-1.8010972239267118,0.0,1,1837.0137250400096
*c1ccc(C(C)(C)c2ccc(N3C(=O)c4ccc(Oc5ccc6c(c5)C(=O)N(*)C6=O)cc4C3=O)cc2)cc1,PI985,4,38,-0.6313670919990543,27.785585083075276,4,2643.877555069611
*c1ccc(Oc2c(C)cc(C(c3cc(C)c(Oc4ccc(-n5c(=O)c6cc7c(=O)n(*)c(=O)c7cc6c5=O)cc4)c(C)c3)c3cccc4ccccc34)cc2C)cc1,PI1004,5,57,-0.4668022133850232,105.40347631419857,5,2757.3921552518395
*CC(*)c1ccc(C(C)=NO)cc1,PI138,2,12,0.23381225572874562,167.61586024160914,2,3240.6664238147123
*CC(*)c1ccc(S(=O)(=O)OCCC)cc1,PI185,2,15,-0.4350760555794814,33.90158893724562,2,2779.276424537882
*CC(*)(C)C(=O)OC(C)C,PI440,1,9,0.48249086186138257,0.0,1,3412.201521623932
*CC(*)C(=O)OCCCCCCCC,PI421,1,13,0.8039396663454185,0.0,1,3633.9325059467897
*c1cccc(Oc2cccc(Oc3cccc(-n4c(=O)c5cc6c(=O)n(*)c(=O)c6cc5c4=O)c3)c2)c1,PI962,5,36,-0.9386112552358922,23.191010867628187,5,2431.944737800912
*CC(*)c1ccc(C(C)(C)O)cc1,PI139,1,12,0.8528231439713333,0.0,1,3667.651659541143
*CC(*)C(=O)OCC(C)(C)C,PI459,1,10,0.5276468654471625,0.0,1,3443.349514658881
*CC(*)OC(=O)C(F)(F)C(F)(F)C(F)(F)F,PI346,1,15,-1.7935741013960513,0.0,1,1842.2030719613097
*CC(*)c1ccc(C(=O)C(F)(F)F)cc1,PI223,1,14,-0.7474579885903125,0.0,1,2563.7996440211623
*CC(*)C(=O)OC(CC)CC,PI457,2,10,0.8140358477554636,134.49464103968094,2,3640.8967136549027
*c1ccc2c(c1)C(=O)N(c1ccc(Oc3c(C)cc(Cc4cc(C)c(Oc5ccc(N6C(=O)c7ccc(C(*)(C(F)(F)F)C(F)(F)F)cc7C6=O)cc5)c(C)c4)cc3C)cc1)C2=O,PI1000,5,62,-0.7982097497983526,87.57931644179497,5,2528.791773990847
*CC(*)OC(C)=O,PI259,2,6,-0.12733489704777645,104.90451810718633,2,2991.552062356533
*CC(*)C1CCC(C)CC1,PI66,1,9,1.5394452920608814,0.0,1,4141.274216632754
*CC(*)c1cccs1,PI373,1,7,-0.8559853642557645,0.0,1,2488.938946153884
*c1ccc(S(=O)(=O)c2ccc(N3C(=O)c4ccc(C(c5ccc6c(c5)C(=O)N(*)C6=O)(C(F)(F)F)C(F)(F)F)cc4C3=O)cc2)cc1,PI975,5,46,-1.3531024853304516,11.845791830002966,5,2146.034362151582
*CC(*)OC(=O)CCCCCCC,PI370,1,12,1.035572267799052,0.0,1,3793.709503108181
*C([2H])([2H])C(*)([2H])c1c([2H])c([2H])c([2H])c([2H])c1[2H],PI240,2,8,0.8055395329296752,18.589249451097015,2,3635.0360720125645
*CCCC=C(*)c1ccc(Cl)cc1,PI391,2,12,-0.494248564609972,119.9207512544765,2,2738.4600379495305
*C1Cc2ccccc2C1*,PI386,1,9,0.1730626611964375,0.0,1,3198.7621852393527
*c1cccc(P(=O)(c2ccccc2)c2cccc(-n3c(=O)c4cc5c(=O)n(*)c(=O)c5cc4c3=O)c2)c1,PI1011,5,36,-0.9740006157534303,56.41331864686882,5,2407.5336414376657
*c1ccc(Oc2ccc(N3C(=O)c4ccc(Oc5ccc(C6(c7ccc(Oc8ccc9c(c8)C(=O)N(*)C9=O)cc7)CCC(c7ccccc7)CC6)cc5)cc4C3=O)cc2)cc1,PI1028,2,61,-0.45328944180170855,4.179652230645787,2,2766.713080084357
*c1ccc(Oc2ccc(C3(c4ccc(Oc5ccc(N6C(=O)c7ccc(Oc8ccc(C9(c%10ccc(Oc%11ccc%12c(c%11)C(=O)N(*)C%12=O)cc%10)CCC(C(C)(C)C)CC9)cc8)cc7C6=O)cc5)cc4)CC4CC3C3CCCC43)cc2)cc1,PI1017,4,82,-0.16618153482857978,85.19428510704097,4,2964.756183471257
*CC(*)CC1CCCCC1,PI25,1,9,1.5246552463507097,0.0,1,4131.072245594908
*CC(*)OC(=O)CCCC(=O)c1ccccc1,PI333,1,16,0.3521651726868804,0.0,1,3322.304645542527
*CC(*)c1ccccc1COC,PI85,2,11,0.3507295689015078,17.11507238290565,2,3321.3143857064724
*CC(*)c1ccc(C(C)C)cc1,PI120,1,11,0.6223898806541687,0.0,1,3508.701949405946
*C=CC(C)C(*)C(=O)OC,PI268,2,9,0.1324423631918247,66.39059099185137,2,3170.7428598151764
*CC(*)OC(C)CC,PI277,1,7,1.2131820017930448,0.0,1,3916.222265932174
*CC(*)N1CCCC1=O,PI408,1,8,0.12842718905569295,0.0,1,3167.9732476685044
*c1ccc(Oc2c(C)cc(C(c3cc(C)c(Oc4ccc(N5C(=O)c6ccc(-c7ccc8c(c7)C(=O)N(*)C8=O)cc6C5=O)cc4)c(C)c3)c3cccc4ccccc34)cc2C)cc1,PI1005,5,63,-0.4639280572105698,65.27056377759479,5,2759.3747088304167
*CC(*)c1ccc(C(=O)N(C)C)cc1,PI155,3,13,0.10636191855896628,98.77911118108749,3,3152.752926179232
*CC(*)OC(=O)c1ccccc1C,PI360,1,12,-0.21025742153274515,0.0,1,2934.3532402731817
*CC(*)P(=O)(OCC)N(C)C,PI381,3,10,0.23535152916049507,58.72411234900911,3,3241.728193553479
*CC(*)OC(=O)c1cccc([N+](=O)[O-])c1,PI369,2,14,-0.8808834756342055,102.51263454146138,2,2471.764569809311
*CC(*)OC(=O)c1ccc(OC(=O)CCC)cc1,PI336,1,17,-0.1874523534497551,0.0,1,2950.083864008764
*CC(*)c1ccccc1C(=O)N(C)C,PI95,1,13,0.2352683281265596,0.0,1,3241.6708026193896
*Oc1ccc(-c2ccc(OC(=O)CCCCCCCCCCCC(*)=O)cc2)cc1,PI585,1,29,0.21517145079863628,0.0,1,3227.808251788352
*C(F)(F)C(*)(F)c1c(F)c(F)c(F)c(F)c1F,PI216,2,16,-2.088326035545491,9.127162327289193,2,1638.8872232838662
*Oc1ccc(C(C)(C)c2ccc(OC(*)=O)c(CC)c2)cc1CC,PI1118,2,23,0.07455673430632231,28.74368281791638,2,3130.814145531943
*CC(*)c1cc(Br)ccc1OCCCC,PI198,2,14,-0.8759236931752736,57.43479276936845,2,2475.1857598442575
*CC(*)C=O,PI242,1,4,0.12060140584770869,0.0,1,3162.575129555765
*CC(*)c1ccc(OCCC(C)C)cc1,PI182,1,14,0.6800016311038003,0.0,1,3548.441746093832
*CC(*)c1ccccc1C,PI83,1,9,0.5487385819068568,0.0,1,3457.8982919025025
*CC(*)c1ccc(C(=O)OC)cc1,PI160,2,12,-0.05760800204852634,14.607133233679484,2,3039.6487198842424
*CC(*)c1ccc(OCC)cc1,PI179,2,11,0.3742231884387497,74.37017416639435,2,3337.5199628081227
*CC(*)C(=O)OC,PI411,1,6,-0.13582614657937947,0.0,1,2985.694914684774
*CC(*)c1ccccc1COCCCCC,PI90,2,15,0.7292147567224543,56.57871844428248,2,3582.3882863603103
*CC(*)OCCCCCCCCCCCCCCCCCC,PI402,1,21,1.5345588173944715,0.0,1,4137.90359330942
*CC(*)C(=O)OCCc1ccccc1,PI474,1,13,0.05811026427673226,0.0,1,3119.4695956769488
*c1ccc(Oc2ccc(S(=O)(=O)c3ccc(Oc4ccc(N5C(=O)c6ccc(C(c7ccc8c(c7)C(=O)N(*)C8=O)(C(F)(F)F)C(F)(F)F)cc6C5=O)cc4)cc3)cc2)cc1,PI983,1,60,-1.181180900154799,0.0,1,2264.623517798097
*CC(*)c1ccc(C(=O)N2CCCCC2)cc1,PI157,2,16,0.264763290311637,18.159647899651578,2,3262.0160237141145
*CC(*)c1ccc(COCC(CC)CCCC)cc1,PI235,2,18,0.9289792444203353,149.76385853494511,2,3720.1830949647465
*c1cccc(P(=O)(c2ccccc2)c2cccc(-n3c(=O)c4c(-c5ccccc5)c5c(=O)n(*)c(=O)c5c(-c5ccccc5)c4c3=O)c2)c1,PI1059,4,48,-0.8454314571016721,69.01526575160639,4,2496.21888681344
*CC(*)O,PI241,1,3,2.0329840192803252,0.0,1,4481.710473546108
*CC(*)CNc1ccc([N+](=O)[O-])cc1[N+](=O)[O-],PI396,1,16,-0.45632059273614745,0.0,1,2764.622233669784
*/C=C/C(C*)OC,PI279,3,6,0.5703418107671787,63.91272949823278,3,3472.7999033968736
*CC(*)C(=O)Oc1ccc(C(=O)OCC)cc1,PI470,1,16,-0.1486593995713807,0.0,1,2976.84271247314
*CC(*)OC(=O)CC(C)(C)c1ccccc1,PI363,1,15,0.1728288916921108,0.0,1,3198.600934235846
*CC(*)C(=O)OCC(F)(F)C(F)(F)F,PI430,1,13,-1.3936156760689935,0.0,1,2118.088917853118
*CC(*)Cc1ccccc1C,PI295,1,10,0.6366343585596063,0.0,1,3518.527595241548
*CC(*)C(=O)c1ccc(C)cc1,PI330,1,11,0.16832520799489945,0.0,1,3195.494354882209
*c1ccc(Oc2ccc(Oc3ccc(N4C(=O)c5ccc(-c6ccc7c(c6)C(=O)N(*)C7=O)cc5C4=O)cc3)cc2)cc1,PI1033,2,42,-0.724125862853155,26.58279608247961,2,2579.8938249105536
*CC(*)c1ccccc1COC(C)C,PI88,1,13,0.47792466270346434,0.0,1,3409.051819961409
*CC(*)c1ccc(C(C)C)cc1C(C)C,PI188,2,14,0.6911596330065862,1.3420750043974292,2,3556.138383040273
*CC(*)c1ccc(C(=O)CC)cc1,PI167,1,12,0.14904076865098617,0.0,1,3182.192212649315
*CC(*)CCCN(CC(C)C)CC(C)C,PI266,1,14,2.829172665278814,0.0,1,5030.910500801757
