smiles_list,monomer_ID,replicate_count,heavy_atom_count,isentropic_compressibility,isentropic_compressibility_std,isentropic_compressibility_count,isentropic_compressibility_raw
*C(C)C(*)OC(C)(C)C,PI285,2,8,0.35936402763969816,2.1821581330288753e-12,2,4.0261851666976075e-10
*CC(*)CCC,PI4,2,5,0.11575330133515092,1.046403197857985e-11,2,3.7863755993579676e-10
*C=CCCCCCC*,PI57,1,8,0.37277953599884733,0.0,1,4.0393913473286975e-10
*CC(*)CCCCCCCCCCCC,PI32,2,14,0.5505933287773457,4.6941788232620514e-11,2,4.214430637921856e-10
*CC(*)OC(=O)c1ccccc1Cl,PI337,1,12,-0.4067539225964561,0.0,1,3.272021271846831e-10
*CC(*)c1ccc(COCCCC)cc1,PI150,2,14,0.19085793268077883,5.596007258447119e-11,2,3.8603083420635666e-10
*/C=C\CCCC*,PI60,2,6,0.3812923715862129,2.989105956737227e-11,2,4.047771353619913e-10
*C(=O)Oc1ccc(OC(=O)c2ccc3c(c2)C(=O)N(c2ccc(C(=O)Oc4ccc(N5C(=O)c6ccc(*)cc6C5=O)cc4)cc2)C3=O)cc1,PI1092,2,49,-1.235153097025343,3.664085403599179e-11,2,2.4565479525154147e-10
*c1ccc(Oc2ccc(C3(c4ccc(Oc5ccc(N6C(=O)c7ccc(Oc8ccc(C9(c%10ccc(Oc%11ccc%12c(c%11)C(=O)N(*)C%12=O)cc%10)CCC(C(C)(C)C)CC9)cc8)cc7C6=O)cc5)cc4)CC4CC3C3CCCC43)cc2)cc1,PI1017,4,82,-0.8436618951181071,2.1177855901512356e-11,4,2.8419305552062447e-10
*C(=O)c1ccc2c(c1)C(=O)N(c1cc(C(c3ccc(O)c(N4C(=O)c5ccc(*)cc5C4=O)c3)(C(F)(F)F)C(F)(F)F)ccc1O)C2=O,PI1041,1,47,-1.1305157832407373,0.0,1,2.5595525669957256e-10
*c1cccc(P(=O)(c2ccccc2)c2cccc(-n3c(=O)c4c(-c5ccccc5)c5c(=O)n(*)c(=O)c5c(-c5ccccc5)c4c3=O)c2)c1,PI1059,4,48,1.0195335483440797,1.0710437386394733e-10,4,4.676053789202429e-10
*C(=O)Nc1cccc(C#Cc2cccc(N3C(=O)c4ccc(*)cc4C3=O)c2)c1,PI1018,4,28,-1.1971580407091993,2.8577772387407196e-11,4,2.493950156246087e-10
*/C=C\CCCCC*,PI74,1,7,0.06718724966446919,0.0,1,3.73856734388739e-10
*C(=O)c1ccc2c(c1)C(=O)N(c1ccc(C3(c4ccc(N5C(=O)c6ccc(*)cc6C5=O)cc4)c4ccccc4-c4ccccc43)cc1)C2=O,PI969,4,49,-0.15110989069203049,5.2128964743725664e-11,4,3.523676384139877e-10
*CC(*)c1ccc(CCCCCCCCCCCC)cc1,PI128,2,20,0.5861164568518074,3.469795899915509e-11,2,4.249399483930047e-10
*CC(*)CNc1ccc([N+](=O)[O-])cc1,PI392,2,13,-1.6690369404031353,6.106058518053509e-12,2,2.0294341782803176e-10
*CC(*)c1ccccc1C(=O)OCC,PI99,2,13,1.4145336456471753,3.198073808168597e-11,2,5.06489053654233e-10
*c1ccc(Oc2ccc(N3C(=O)c4cccc(Oc5cccc6c5C(=O)N(*)C6=O)c4C3=O)cc2)cc1,PI1060,5,36,-1.3070996834810025,9.022844692951294e-12,5,2.3857239784186156e-10
*CC(*)C(=O)OC(F)(C(F)(F)Cl)C(F)(F)Cl,PI434,1,15,0.041767422058931705,0.0,1,3.713544152370316e-10
*c1ccc(Oc2ccc(C(c3ccc(Oc4ccc(N5C(=O)c6ccc(Oc7ccccc7Oc7ccc8c(c7)C(=O)N(*)C8=O)cc6C5=O)cc4C(F)(F)F)cc3)(C(F)(F)F)C(F)(F)F)cc2)c(C(F)(F)F)c1,PI1077,5,73,-0.6101353389527351,3.265307933315488e-11,5,3.0718132998860657e-10
*CC(*)c1ccc(C(=O)CCCCCCC)cc1,PI171,2,17,-0.1869971443344692,4.575029704581255e-12,2,3.4883490941656157e-10
*CC(*)c1ccc(C(=O)C(F)(F)F)cc1,PI223,1,14,2.096598285481061,0.0,1,5.736312639573014e-10
*CC(*)OC(=O)CCCC(=O)c1ccccc1,PI333,1,16,-0.5941426323614255,0.0,1,3.0875564656588947e-10
*CC(OC)C(C(=O)O)C(*)C(=O)O,PI388,1,12,-2.1610846889639883,0.0,1,1.5450640543420618e-10
*C(CC)C(*)CC,PI62,1,6,0.7264184376414428,0.0,1,4.3875122748586167e-10
*CC(*)OC(=O)C(F)(F)C(F)(F)C(F)(F)C(F)(F)C(F)(F)F,PI350,1,21,0.9028544358927384,0.0,1,4.561195269222691e-10
*CC(*)C,PI2,1,3,-0.5920537952070086,0.0,1,3.0896127098228624e-10
*CC(*)N1Cc2ccccc2N1,PI229,2,11,-0.4586581247201926,3.670337503823559e-11,2,3.2209269524659927e-10
*Oc1ccc(C(C)(C)c2ccc(OC(*)=O)c(CC)c2)cc1CC,PI1118,2,23,-0.07236842278296148,4.725134162052679e-11,2,3.6011892163431506e-10
*CC(*)c1ccc(OC)cc1,PI178,1,10,0.09513317927628988,0.0,1,3.766077221595881e-10
*c1ccc2c(c1)C(=O)N(c1ccc(Oc3ccc(N4C(=O)c5ccc(C(C)(C)CCCCCCCCC(*)(C)C)cc5C4=O)cc3)cc1)C2=O,PI989,4,49,-1.153542002387015,1.3474890846960608e-11,4,2.536885635474683e-10
*CC(*)C=O,PI242,1,4,-1.8903446568135407,0.0,1,1.8115796177427983e-10
*c1ccc(Oc2ccc(Oc3ccc(N4C(=O)c5ccc(Oc6ccc(C7(c8ccc(Oc9ccc%10c(c9)C(=O)N(*)C%10=O)cc8)CCC(c8ccccc8)CC7)cc6)cc5C4=O)cc3)c(C(C)(C)C)c2)cc1,PI1025,2,72,-1.263251591686885,2.4615391794057432e-12,2,2.4288878902928025e-10
*c1ccc2c(c1)C(=O)N(c1ccc(Oc3ccc4ccc(Oc5ccc(N6C(=O)c7ccc(C(*)(C(F)(F)F)C(F)(F)F)cc7C6=O)cc5)cc4c3)cc1)C2=O,PI1049,5,55,-0.48123360634807394,9.336792720274523e-12,5,3.198703725419339e-10
*CC(*)C(=O)Oc1ccccc1C(=O)OC,PI465,2,15,-1.1369615221650808,4.4057675453256245e-12,2,2.5532074036029665e-10
*CC(*)c1ccc(C(=O)OC(C)C)cc1,PI163,2,14,0.29149816061975875,5.967876839471213e-11,2,3.9593782388826337e-10
*C(=O)Oc1ccc(C(C)(C)c2ccc(OC(=O)c3ccc4c(c3)C(=O)N(c3ccc(-c5ccc(N6C(=O)c7ccc(*)cc7C6=O)cc5)cc3)C4=O)cc2)cc1,PI958,2,55,-1.4547120485414886,2.3052894297533975e-11,2,2.240414870169898e-10
*CC(*)C(=O)c1ccccc1,PI321,1,10,-0.7823532741001221,0.0,1,2.90228255244192e-10
*c1ccc2c(c1)Cc1cc(-n3c(=O)c4cc5c(=O)n(*)c(=O)c5cc4c3=O)ccc1-2,PI676,1,29,-0.7361069317425268,0.0,1,2.9478072939836836e-10
*CC(*)(C)C(=O)OCc1ccccc1,PI450,1,13,-0.13241044481329223,0.0,1,3.542084054827026e-10
*C(=O)Oc1ccc(OC(=O)c2ccc3c(c2)C(=O)N(C2CCC(N4C(=O)c5ccc(*)cc5C4=O)CC2)C3=O)cc1,PI1088,1,40,-1.35991475528629,0.0,1,2.3337330020327716e-10
*/C=C/CCCCCCCCCC*,PI55,1,12,-0.05095404628482998,0.0,1,3.6222694554638416e-10
*Oc1ccc(-c2ccc(OC(=O)CCCCCCCCCCCCC(*)=O)cc2)cc1,PI586,1,30,-0.37731361819680054,0.0,1,3.3010022069949926e-10
*CC(*)OC(=O)CC(C)(C)c1ccccc1,PI363,1,15,-0.9362523820190732,0.0,1,2.750784795984916e-10
*c1c(C)cc(C(c2cc(C)c(N3C(=O)c4ccc(-c5ccc6c(c5)C(=O)N(*)C6=O)cc4C3=O)c(C)c2)c2cccc3ccccc23)cc1C,PI1001,5,49,0.7716044445419794,5.2900825375562155e-11,5,4.4319932257962085e-10
*c1ccc2c(c1)C(=O)N(c1cccc(Oc3ccc(S(=O)(=O)c4ccc(Oc5cccc(N6C(=O)c7ccc(C(*)(C(F)(F)F)C(F)(F)F)cc7C6=O)c5)cc4)cc3)c1)C2=O,PI984,5,60,-0.3308695870748161,1.6996039944504438e-11,5,3.346721552681554e-10
*CC(*)c1ccc(COCC(CC)CCCC)cc1,PI235,2,18,0.22332544294162315,2.3427117363668883e-11,2,3.892269248327254e-10
*CC(*)c1ccc(CCC)cc1,PI233,2,11,0.8669884654338951,7.409326611954237e-11,2,4.5258889303417045e-10
*C(F)(F)C(*)(F)OC(F)C(F)F,PI405,1,11,0.22482220506277173,0.0,1,3.893742655849689e-10
*CC(*)OC(C)=O,PI259,2,6,-0.36710205776211424,6.787216981222843e-11,2,3.3110544322268296e-10
*CC(*)(C)C(=O)OC(C)(C)C,PI444,1,10,3.473567375231873,0.0,1,7.09179631084778e-10
*CC(*)OC(=O)C(F)(F)C(F)(F)C(F)(F)F,PI346,1,15,0.4639927248096046,0.0,1,4.1291812990118237e-10
*CC(*)c1ccc(COCCCCCC)cc1,PI153,1,16,-0.15107357280317324,0.0,1,3.5237121353456867e-10
*CC(*)C(=O)OCCCCCCCCCCCCCCCC,PI424,2,21,-0.03284792029371214,2.3017549730599863e-11,2,3.640093064079083e-10
*CC(*)c1ccc(COC)cc1,PI147,2,11,-0.09002467684610231,3.286926680737548e-11,2,3.583808460118044e-10
*CC(*)C(=O)C1CCCCC1,PI300,1,10,-0.21527614667142447,0.0,1,3.460511340803541e-10
*CC(*)OC(=O)CCCCCCC,PI370,1,12,0.24129808061228603,0.0,1,3.90996145149554e-10
*CC(*)(C)CCC,PI45,1,6,0.9390939560399584,0.0,1,4.5968693291416967e-10
*/C=C/CCC*,PI58,1,5,1.438413146119983,0.0,1,5.08839743528829e-10
*CC(*)C(=O)N1CCOCC1,PI462,1,10,-0.8870115996212139,0.0,1,2.799257254079942e-10
*CC(*)c1ccccc1COCCC,PI87,2,13,0.7282464738649045,1.7485257407025162e-11,2,4.3893117874764704e-10
*CC(*)OC(=O)c1ccc(OC)cc1,PI359,2,13,-0.06719184699423082,5.5849399810032365e-11,2,3.606285019877862e-10
*CC(*)c1ccc(C(O)CCN(C)C)cc1,PI144,2,15,-0.7228208064250402,5.2903771866832974e-11,2,2.960886110390247e-10
*CC(*)Cc1cc(C)cc(C)c1,PI293,2,11,0.09701042982238146,1.0284024923637501e-11,2,3.7679251806249243e-10
*CC(*)c1ccc(O)cc1,PI231,1,9,-1.316331497467256,0.0,1,2.3766362122459724e-10
*CC(*)C(C)c1ccccc1,PI28,2,10,1.288692083765977,4.973345384446441e-11,2,4.94101253262247e-10
*Oc1ccc(OC(=O)c2ccc(-c3ccc(C(*)=O)cc3)cc2)cc1C,PI582,2,25,0.12058484835332081,1.6275283688581843e-10,2,3.791131757748793e-10
*CC(*)OC(=O)c1ccccc1C,PI360,1,12,-0.9341288485674856,0.0,1,2.752875195065373e-10
*c1ccc(Oc2ccc(Oc3ccc(N4C(=O)c5ccc(Oc6ccc(C7(c8ccc(Oc9ccc%10c(c9)C(=O)N(*)C%10=O)cc8)CCC(C(C)(C)C)CC7)cc6)cc5C4=O)cc3)c(C(C)(C)C)c2)cc1,PI1014,5,70,-0.9477602530869054,2.397950631865098e-11,5,2.7394564869911355e-10
*CC(*)OC(=O)C(C)(C)CC(C)(C)C,PI367,1,13,-0.47590487671939263,0.0,1,3.2039493086746773e-10
*CC(*)C(=O)Oc1cccc(C(=O)OCC)c1,PI468,1,16,-0.7754356152666987,0.0,1,2.9090922721821447e-10
*c1ccc(Oc2ccc(S(=O)(=O)c3ccc(Oc4ccc(N5C(=O)c6ccc(C(=O)c7ccc8c(c7)C(=O)N(*)C8=O)cc6C5=O)cc4)cc3)cc2)cc1,PI963,3,53,-1.3158979493528953,3.749590979880648e-11,3,2.3770629955297093e-10
*CC(*)c1ccc(COCCCCO)cc1,PI151,3,15,-1.0865687670953788,2.964350812818799e-11,3,2.6028138596635677e-10
*CC(*)C(=O)Oc1ccc(C(=O)OC)cc1,PI469,2,15,-0.8390917723899024,1.1799608925287053e-11,2,2.8464293684184746e-10
*CC(*)c1ccc(C(=O)OC)cc1,PI160,2,12,0.7947178940326088,5.5949888769010704e-11,2,4.454746026570445e-10
*c1ccc(Oc2c(C)cc(-c3cc(C)c(Oc4ccc(N5C(=O)c6ccc(Oc7ccccc7Oc7ccc8c(c7)C(=O)N(*)C8=O)cc6C5=O)cc4C(F)(F)F)c(C)c3)cc2C)c(C(F)(F)F)c1,PI1075,5,68,-0.31544772908283836,1.6800862894955982e-11,5,3.361902777041955e-10
*CC(*)CC(C)C,PI7,1,6,0.24763683821610055,0.0,1,3.9162013028415815e-10
*CC(*)c1ccc(CCCCCCCCC)cc1,PI126,1,17,0.6199336719321712,0.0,1,4.2826890350104677e-10
*C1CCC(N2C(=O)c3ccc(-c4ccc5c(c4)C(=O)N(*)C5=O)cc3C2=O)CC1,PI978,5,28,-1.392843703833787,2.676075117020837e-11,5,2.3013178574949543e-10
*C(C)C(*)OCC,PI286,1,6,1.1556062553209505,0.0,1,4.810003297427543e-10
*C(O)C(*)O,PI305,2,4,-2.2334385147123585,3.550504590911665e-11,2,1.473839195275745e-10
*CC(*)c1ccncc1,PI226,1,8,-0.7329098711244469,0.0,1,2.950954469542045e-10
*c1ccc(S(*)(=O)=O)cc1,PI1137,1,9,-1.1307064063327903,0.0,1,2.559364918274655e-10
*CC(*)c1nc(C)nc(C)n1,PI383,1,10,0.24157630443662598,0.0,1,3.910235334078424e-10
*c1ccc(Oc2ccc(C3(c4ccc(Oc5ccc(N6C(=O)c7ccc(Oc8ccc(C9(c%10ccc(Oc%11ccc%12c(c%11)C(=O)N(*)C%12=O)cc%10)CCC(c%10ccccc%10)CC9)cc8)cc7C6=O)cc5)cc4)CC4CC3C3CCCC43)cc2)cc1,PI1039,2,84,-0.5120002851190335,4.0989703020697024e-11,2,3.1684171118680217e-10
*CC(*)c1ccc(C(C)CC)cc1,PI123,1,12,2.957751951059602,0.0,1,6.58402936817537e-10
*CC(*)c1cc(Br)ccc1OC(C)C,PI202,1,13,1.302029735076454,0.0,1,4.954142071040634e-10
*CC(CCl)O*,PI526,1,5,-1.2199408009522663,0.0,1,2.4715228848382486e-10
*CC(*)C(N)=O,PI455,1,5,-2.290876488818106,0.0,1,1.4172974496469214e-10
*CC(*)SCC,PI309,3,5,-0.11531937804668475,6.734680546622384e-11,3,3.558908442606853e-10
*C(F)(F)C(*)(F)OC(F)(F)C(F)(F)F,PI311,1,13,2.8261701196385376,0.0,1,6.45450066251651e-10
*CC(*)c1ccc(C(=O)N2CCCCC2)cc1,PI157,2,16,0.15238430374736253,7.893439305894035e-12,2,3.822435033082195e-10
*CC(*)c1ccc(C(C)(O)CCCC)cc1,PI142,1,15,1.171580607267108,0.0,1,4.825728394950343e-10
*CCC=C(*)CCC,PI77,1,7,0.2803587449733077,0.0,1,3.9484126361478334e-10
*CC(*)CCCCCCCCCCCCC,PI61,1,15,-0.06266834800726749,0.0,1,3.6107379368383775e-10
*CC(*)c1ccccc1C(=O)OC(C)C,PI101,2,14,0.5794615402301273,1.4913584202731466e-12,2,4.2428484067261174e-10
*CC(*)c1ccc(C(=O)CCCC)cc1,PI169,3,14,-0.28101620619729817,4.5421398725196005e-11,3,3.3957970506286765e-10
*CC(*)c1ccccc1C(=O)OC,PI98,1,12,0.5282861010289266,0.0,1,4.192471479078384e-10
*/C=C\CC*,PI47,1,4,0.507653947159304,0.0,1,4.1721612572428574e-10
*CC(*)CCCC(C)(C)C,PI41,1,9,0.006509987614906265,0.0,1,3.6788368542649055e-10
*CC(*)OC1CCCCC1,PI308,2,9,-0.1277447716492086,3.221729335583574e-11,2,3.5466769275621463e-10
*CCCC=C(*)c1ccc(OC)cc1,PI389,2,13,-0.39071893590577944,3.8564974001449436e-11,2,3.2878060580051415e-10
*CC(*)c1ccc(C(=O)N(CC)CC)cc1,PI156,1,15,-0.28508384477785803,0.0,1,3.3917928810960155e-10
*CC(*)CCCCCCCC,PI12,1,10,0.5764485345520561,0.0,1,4.2398824142223767e-10
*CC(*)C1CC=CCC1,PI67,3,8,0.5430540161023283,5.109038121841132e-11,3,4.207008964262159e-10
*CC(*)c1ccccc1COCCCC,PI89,2,14,0.6710525235922934,1.3173478178232215e-10,2,4.333010258075941e-10
*CC(*)c1cccc2ccccc12,PI217,2,12,0.4095745658612924,6.881051832490568e-11,2,4.0756122491149805e-10
*CC(*)OC(=O)C(C)(C(C)C)C(C)C,PI356,2,13,1.1624846329484209,6.41499590720772e-12,2,4.816774348882725e-10
*CCCCOC(=O)NCC(F)(F)C(F)(F)C(F)(F)C(F)(F)CNC(=O)O*,PI658,1,26,-1.341816351210312,0.0,1,2.3515490092211103e-10
*C(F)(F)C(*)(F)OC(F)(F)C(F)(F)C(F)(F)C(F)(F)F,PI310,1,19,2.3273361470113905,0.0,1,5.963450202774102e-10
*CC(*)c1ccc(Br)cc1,PI136,1,9,-0.13516655009758285,0.0,1,3.53937095419392e-10
*CC(*)c1ccc(COCCO)cc1,PI148,1,13,-1.1487765308749134,0.0,1,2.5415767493629025e-10
*CC(*)c1ccc(-c2ccccc2)cc1,PI132,1,14,0.1972199741207987,0.0,1,3.866571113938483e-10
*CC(*)c1ccc(CCCCCCCCCCCCCC)cc1,PI129,1,22,1.3484831615123072,0.0,1,4.999870665442094e-10
*CC(*)C(=O)c1ccc(CC)cc1,PI325,1,12,-0.0026068987415053604,0.0,1,3.6698622224587405e-10
*CC(*)C(=O)c1ccc(Br)cc1,PI406,1,11,-0.363582305400848,0.0,1,3.3145192644355835e-10
*C1CCC(CC2CCC(N3C(=O)C4C5C=CC(C6C(=O)N(*)C(=O)C56)C4C3=O)C(C)C2)CC1C,PI1082,4,33,-0.8193267761492544,2.883759994830628e-11,4,2.865885963244328e-10
*CC(*)c1ccccc1COC(C)C,PI88,1,13,0.5223657961881404,0.0,1,4.1866435512037597e-10
*CCCC(*)(C)C,PI17,1,6,-0.7390159382070517,0.0,1,2.944943677950727e-10
*c1ccc2c(c1)C(=O)N(c1ccc(Oc3c(C)cc(Cc4cc(C)c(Oc5ccc(N6C(=O)c7ccc(C(*)(C(F)(F)F)C(F)(F)F)cc7C6=O)cc5)c(C)c4)cc3C)cc1)C2=O,PI1000,5,62,0.12250554258139405,1.6213570179256906e-11,5,3.793022482590072e-10
*c1ccc(-c2ccc(N3C(=O)c4ccc(-c5cccc6c5C(=O)N(*)C6=O)cc4C3=O)cc2C(F)(F)F)c(C(F)(F)F)c1,PI1106,1,42,1.7517757287634894,0.0,1,5.396870491890185e-10
*CC(*)c1ccc(C(=O)OCCC)cc1,PI162,1,14,0.8207934988252295,0.0,1,4.480414762911802e-10
*Nc1ccc(*)cc1,PI1131,2,7,-1.2781717403089807,1.2198172407457298e-10,2,2.4142005469233856e-10
*CC(*)(C)C,PI13,1,4,-1.3654657766035991,0.0,1,2.328268595598004e-10
*c1ccc2c(c1)C(=O)N(c1c(CC)cc(Cc3cc(CC)c(N4C(=O)c5ccc(C(*)(C(F)(F)F)C(F)(F)F)cc5C4=O)c(CC)c3)cc1CC)C2=O,PI972,5,52,0.962455607512625,8.343299317450539e-11,5,4.619866459099743e-10
*c1ccc(Oc2ccc(Oc3ccc(N4C(=O)c5ccc(-c6cccc7c6C(=O)N(*)C7=O)cc5C4=O)cc3)cc2)cc1,PI1108,2,42,-1.0095190436444743,5.572533836903303e-12,2,2.6786613443974755e-10
*CC(*)(C(=O)OC)c1ccccc1,PI220,2,12,0.610290834595964,3.4663555624980606e-11,2,4.2731966588552754e-10
*c1cccc(P(=O)(c2ccc(C(F)(F)F)cc2)c2cccc(-n3c(=O)c4c(-c5cc(C(F)(F)F)cc(C(F)(F)F)c5)c5c(=O)n(*)c(=O)c5c(-c5cc(C(F)(F)F)cc(C(F)(F)F)c5)c4c3=O)c2)c1,PI1052,5,68,3.714214139642843,1.4855065877830876e-10,5,7.32868816421771e-10
*CC(*)C1CCCCC1,PI24,1,8,-0.02687387238326979,0.0,1,3.6459738964480096e-10
*C(C)C(*)C,PI49,1,4,0.494011194624229,0.0,1,4.1587313782207487e-10
*CCCCCCN1C(=O)c2ccc(C(c3ccc4c(c3)C(=O)N(*)C4=O)(C(F)(F)F)C(F)(F)F)cc2C1=O,PI970,4,37,-0.01201415972784049,1.3872586829054935e-10,4,3.6606017468581553e-10
*c1cccc(Oc2cccc(Oc3cccc(N4C(=O)c5ccc(-c6cccc7c6C(=O)N(*)C7=O)cc5C4=O)c3)c2)c1,PI1110,1,42,-0.7258082586708017,0.0,1,2.957945272598038e-10
*CC(*)C(=O)c1ccc(C)cc1,PI330,1,11,-0.0850107588258205,0.0,1,3.588744143900773e-10
*c1ccc(Oc2ccc(Oc3ccc(N4C(=O)c5ccc(Oc6ccccc6Oc6ccc7c(c6)C(=O)N(*)C7=O)cc5C4=O)cc3C(F)(F)F)cc2)c(C(F)(F)F)c1,PI1072,5,58,-0.6438874681041865,5.491949762664342e-11,5,3.038587819171877e-10
*CC(*)OCC(C)(C)C,PI276,1,8,1.3601263881776815,0.0,1,5.01133221802402e-10
*CC(*)C(=O)OC,PI411,1,6,0.043265627537376075,0.0,1,3.7150189807287457e-10
*CC(*)C(=O)c1ccc(C)c(C)c1,PI328,1,12,-0.37390167922938905,0.0,1,3.3043609080668877e-10
*CC(*)OCCOC,PI375,2,7,-0.21489183738823256,0.0,1,3.460889653549966e-10
*CC(*)c1ccccc1C(=O)OCCC(C)C,PI105,2,16,0.06512994436154114,3.420635219549862e-11,2,3.736542139570385e-10
*CC(*)c1ccc(C(C)(O)CCCCC)cc1,PI143,2,16,1.1257692601806795,1.559213358205143e-10,2,4.780631861268536e-10
*CC(*)C(C)C,PI5,3,5,0.33344554418869454,1.4950632073860617e-10,3,4.0006711000685603e-10
*C=CC(C*)OC,PI303,3,6,0.012448231474956903,2.5348914101160924e-11,3,3.6846824412488537e-10
*C(C)C(*)OCCCC,PI284,1,8,1.1909455805633127,0.0,1,4.844791208555279e-10
*c1cccc(P(=O)(c2ccc(C(F)(F)F)cc2)c2cccc(-n3c(=O)c4c(-c5ccc(C(F)(F)F)cc5)c5c(=O)n(*)c(=O)c5c(-c5ccc(C(F)(F)F)cc5)c4c3=O)c2)c1,PI1055,5,60,1.4353329712043263,1.5473442947404142e-10,5,5.085365321616371e-10
*CC(*)C(=O)OC(C(F)(F)F)C(F)(F)F,PI431,1,14,0.07008220492322217,0.0,1,3.7414171279613525e-10
*CC(*)OC(=O)C(C)(C)C(C)(C)CC,PI365,2,13,0.05886476574977478,4.7213577873990196e-11,2,3.7303747191329325e-10
*CC(*)c1ccc(C(=O)CCN2CCCCC2)cc1,PI158,1,18,-1.1860758868083554,0.0,1,2.5048593907139907e-10
*CC(*)C(C)CC,PI35,1,6,0.8012307872517425,0.0,1,4.4611572964217455e-10
*CC(*)OC(=O)CC1CCCCC1,PI341,2,12,0.3900269220630881,5.7826843745993716e-11,2,4.0563696152914744e-10
*CC(*)c1c(C)cc(C)cc1C,PI210,1,11,1.1396893345182209,0.0,1,4.794334734926276e-10
*CCCCCCCC(*)C,PI19,1,9,1.2588009384211074,0.0,1,4.911587791186913e-10
*CC(*)CNc1ccc([N+](=O)[O-])cc1C,PI394,1,14,-0.46175034941358895,0.0,1,3.2178829770340025e-10
*CC(*)c1cc(C(C)C)ccc1C(C)C,PI194,1,14,1.8909655472241296,0.0,1,5.533888474018774e-10
*CC(*)c1ccc(COCCOCC)cc1,PI133,2,15,-0.0940456551397048,2.289468785240705e-11,2,3.5798502228125754e-10
*CC(*)CCCCCCCCCCCCCCCCCCCC,PI54,3,22,0.19914487051608187,1.0744012510496934e-11,3,3.868465975378818e-10
*CC(*)c1ccc(Oc2ccccc2)cc1,PI183,1,15,-0.33042111513288364,0.0,1,3.3471630269302056e-10
*CCCCCCCCCCN1C(=O)C2C3C=CC(C4C(=O)N(*)C(=O)C34)C2C1=O,PI1080,3,28,-1.2925786679478148,2.3986774832953585e-11,3,2.4000184165378657e-10
*C#C/C(COS(=O)(=O)c1ccc(C)cc1)=C(/*)COS(=O)(=O)c1ccc(C)cc1,PI269,1,28,-1.4430522180213388,0.0,1,2.2518927675297832e-10
*c1ccc(-c2ccc(-n3c(=O)c4cc5c(=O)n(*)c(=O)c5cc4c3=O)c(C)c2)cc1C,PI687,1,30,0.2611669284394088,0.0,1,3.929520277468592e-10
*CC(*)c1ccccc1C,PI83,1,9,-0.010106651335412309,0.0,1,3.662479491607839e-10
*c1ccc(Oc2ccc(Oc3ccc(N4C(=O)C5CCC6C(=O)N(*)C(=O)C6C5C4=O)cc3)cc2)cc1,PI1067,3,36,-1.2525113495665618,2.1503246623492117e-11,3,2.439460547971175e-10
*C(=O)c1ccc2c(c1)C(=O)N(c1ccc(Oc3c(C)cc(Cc4cc(C)c(Oc5ccc(N6C(=O)c7ccc(*)cc7C6=O)cc5)c(C)c4)cc3C)cc1)C2=O,PI999,3,55,-0.8757101085339164,5.492633907356192e-11,3,2.810382403325421e-10
*c1ccc(Oc2c(C)cc(C(c3cc(C)c(Oc4ccc(-n5c(=O)c6cc7c(=O)n(*)c(=O)c7cc6c5=O)cc4)c(C)c3)c3cccc4ccccc34)cc2C)cc1,PI1004,5,57,0.28274296929012244,7.821719043973117e-11,5,3.9507596584260775e-10
*CC(*)(C)C(=O)OC1CCCCC1,PI448,1,12,-0.37205450050650873,0.0,1,3.3061792644958207e-10
*c1ccc(Sc2ccc(Oc3ccc(Sc4ccc(N5C(=O)c6ccc(Oc7ccc(C(C)(C)c8ccc(Oc9ccc%10c(c9)C(=O)N(*)C%10=O)cc8)cc7)cc6C5=O)cc4)cc3)cc2)cc1,PI1114,1,66,-0.9607408313305552,0.0,1,2.7266784500809853e-10
*CC(*)c1ccc(COCCCCCCOc2ccc(-c3ccc(OC)cc3)cc2)cc1,PI234,1,31,-1.0968126071350732,0.0,1,2.5927298584987564e-10
*CCCC=C(*)c1ccccc1,PI390,1,11,-0.8554876412262236,0.0,1,2.8302893311079653e-10
*c1ccc(-c2ccc(N3C(=O)c4cc5c(cc4C3=O)C(C(F)(F)F)(C(F)(F)F)c3cc4c(cc3O5)C(=O)N(*)C4=O)cc2C(F)(F)F)c(C(F)(F)F)c1,PI1111,3,52,0.9506069217684339,4.748479257971014e-11,3,4.6082026533020224e-10
*CC(*)c1ccc(C(=O)c2ccc(C)cc2)cc1,PI174,1,17,-0.8398695665974741,0.0,1,2.845663710455763e-10
*CC(*)CCCCCCCCCCCCCCCC,PI33,2,18,0.05745788468279399,3.6147177702990887e-12,2,3.7289897902133856e-10
*CC(*)c1ccc(Cl)c(F)c1,PI209,2,10,0.740458696405267,1.9673953970180155e-11,2,4.4013334576553055e-10
*c1ccc(Oc2ccc(-c3ccc(Oc4ccc(N5C(=O)c6ccc(Oc7cccc(Oc8ccc9c(c8)C(=O)N(*)C9=O)c7)cc6C5=O)cc4)cc3)cc2)cc1,PI1038,3,56,-1.2023260663289483,3.830729284472141e-11,3,2.4888627694685323e-10
*CCC=C(*)C,PI522,1,5,0.8030467442034459,0.0,1,4.4629449182457164e-10
*c1ccc(Oc2ccc(S(=O)(=O)c3ccc(Oc4ccc(N5C(=O)c6ccc(C(c7ccc8c(c7)C(=O)N(*)C8=O)(C(F)(F)F)C(F)(F)F)cc6C5=O)cc4)cc3)cc2)cc1,PI983,1,60,-0.9404435165988699,0.0,1,2.746659057412195e-10
*CC(*)c1cccc(CC)c1,PI114,1,10,0.8856632594748226,0.0,1,4.5442723338438685e-10
*CC(*)C(=O)OC1CC2CCC1(C)C2(C)C,PI428,1,15,-0.048289850178906975,0.0,1,3.6248920810155205e-10
*CC(*)C(=O)c1ccc(C(C)(C)C)cc1,PI323,1,14,-0.16610646491510234,0.0,1,3.50891380766976e-10
*CC(*)CCCC,PI6,1,6,0.6352245556309367,0.0,1,4.2977413287237485e-10
*C(F)(F)C(*)(F)F,PI513,1,6,-0.4415173759553638,0.0,1,3.2378002470352653e-10
*OC(C)COC(*)=O,PI1116,2,7,-0.7470873115295504,1.549382737012038e-12,2,2.9369982456059894e-10
*CC(*)Cc1ccccc1C,PI295,1,10,0.37658298444437655,0.0,1,4.0431354489943226e-10
*c1cccc(P(=O)(c2ccccc2)c2cccc(-n3c(=O)c4c(-c5ccc(C(F)(F)F)cc5)c5c(=O)n(*)c(=O)c5c(-c5ccc(C(F)(F)F)cc5)c4c3=O)c2)c1,PI1056,5,56,2.0263286462570385,6.75211069791882e-11,5,5.667139446606301e-10
*C(=O)c1ccc2c(c1)C(=O)N(c1c(C(C)C)cc(Cc3cc(C(C)C)c(N4C(=O)c5ccc(*)cc5C4=O)c(C(C)C)c3)cc1C(C)C)C2=O,PI1071,5,49,0.696452367150466,5.887643733790418e-11,5,4.3580137773650104e-10
*CC(*)CNc1ccc([N+](=O)[O-])cn1,PI393,3,13,-1.6730031574019462,2.3943341367228616e-11,3,2.0255298478064987e-10
*CC(*)c1c(Cl)cccc1Cl,PI186,2,10,1.0302497720994857,5.7705986798040406e-11,2,4.68660280328437e-10
*CC1CC(*)C(OC(=O)CCCCCCCCCCOc2ccc(-c3ccc(C#N)cc3)cc2)C1OC(=O)CCCCCCCCCCOc1ccc(-c2ccc(C#N)cc2)cc1,PI397,1,62,-1.154357005536088,0.0,1,2.536083349156981e-10
*CC(*)C(=O)OCCCC,PI415,1,9,1.141050741687393,0.0,1,4.795674899496058e-10
*c1ccc(Oc2cc(C(C)(C)C)ccc2Oc2ccc(-n3c(=O)c4cc5c(=O)n(*)c(=O)c5cc4c3=O)cc2)cc1,PI1032,3,40,-0.9239404740429578,1.1041851115273264e-11,3,2.7629045961664016e-10
*C=CC(C)C(*)C(=O)OC,PI268,2,9,0.0362885727076052,1.9482906585583875e-11,2,3.708150791772482e-10
*CC(*)c1ccc(C(=O)OCCN(C)C)cc1,PI109,1,16,0.6545333752127074,0.0,1,4.316748864803892e-10
*CC(*)(C)CC,PI14,2,5,-0.37878632129215645,1.0487597525901627e-10,2,3.2995524830954155e-10
*CC(*)C(=O)O,PI410,2,5,-2.367778855978739,1.0545033259656696e-11,2,1.3415950219421142e-10
*CC(*)c1ccccc1,PI82,1,8,0.2771936849547035,0.0,1,3.9452969618703527e-10
*CC(*)OC(=O)c1ccc(C(C)(C)C)cc1,PI298,1,15,0.6583987867736981,0.0,1,4.3205539627488485e-10
*CC(*)c1ccc(S(=O)(=O)OCCC)cc1,PI185,2,15,-0.0519440030867052,1.3894071574136015e-10,2,3.621294945367575e-10
*CC(*)c1ccc(C#N)cc1,PI134,2,10,-0.2562375912772439,5.451813671253931e-11,2,3.420189034567123e-10
*CC(*)CCN(C(C)C)C(C)C,PI264,2,11,-0.05122596058643866,3.730564481149178e-12,2,3.622001783953595e-10
*CC(*)SCCCC,PI307,2,7,0.5118523100824479,1.9624509360807234e-11,2,4.1762941113720935e-10
*CC(*)Cc1ccccc1,PI26,1,9,-0.7121986637637558,0.0,1,2.9713425113643077e-10
*CC(*)c1ccc(C(=O)CC)cc1,PI167,1,12,-0.3018248165426276,0.0,1,3.3753131256408486e-10
*CC(*)c1ccc(C(=O)OCC(C)C)cc1,PI165,1,15,-0.05767336569058184,0.0,1,3.615654980379129e-10
*C1CCC1*,PI72,2,4,2.0005029762939093,3.2448932544758384e-10,2,5.641716745257872e-10
*CC(*)CCCCCC,PI30,1,8,1.4185422764454743,0.0,1,5.068836619015573e-10
*c1ccc2c(c1)C(=O)N(c1c(C(C)C)cc(Cc3cc(C(C)C)c(N4C(=O)c5ccc(C(*)(C(F)(F)F)C(F)(F)F)cc5C4=O)c(C(C)C)c3)cc1C(C)C)C2=O,PI973,5,56,0.9377035948768967,1.8162365468645994e-11,5,4.5955006623591724e-10
*CC(*)c1ccc2ccccc2c1,PI225,2,12,0.7269453269661873,1.1694888025503314e-10,2,4.3880309429112085e-10
*CC(*)C(=O)OCc1ccccc1,PI473,1,12,-1.2361746521009456,0.0,1,2.4555423371863606e-10
*CC(*)c1ccccc1C(=O)O,PI97,1,11,-1.0870031804477525,0.0,1,2.6023862246424847e-10
*c1ccc(-c2ccc(Oc3ccc(C4(C)CC(C)(C)c5ccc(Oc6ccc(-c7ccc(N8C(=O)c9ccc(Oc%10ccc%11c(c%10)C(=O)N(*)C%11=O)cc9C8=O)cc7)cc6C(F)(F)F)cc54)cc3)c(C(F)(F)F)c2)cc1,PI1101,2,75,-0.4632953067815979,2.212962075554256e-11,2,3.216362126275086e-10
*c1ccc(Oc2ccccc2Oc2ccc(N3C(=O)c4ccc(Oc5ccccc5Oc5ccc6c(c5)C(=O)N(*)C6=O)cc4C3=O)cc2C(F)(F)F)c(C(F)(F)F)c1,PI1073,5,58,-0.5661890021871483,3.8695418463581345e-11,5,3.1150739237747797e-10
*C=CCCCCCCCC*,PI53,2,10,0.11988424845347471,7.338490567859807e-12,2,3.7904420895990817e-10
*C(=O)c1ccc2c(c1)C(=O)N(c1c(C)cc(C(c3cc(C)c(N4C(=O)c5ccc(*)cc5C4=O)c(C)c3)c3cccc4ccccc34)cc1C)C2=O,PI1002,5,51,1.2221059241461691,4.9070919170060727e-11,5,4.87546534440354e-10
*c1cc(C(c2ccc(O)c(-n3c(=O)c4cc5c(=O)n(*)c(=O)c5cc4c3=O)c2)(C(F)(F)F)C(F)(F)F)ccc1O,PI979,4,39,-0.5466445638613658,4.787823919159209e-11,4,3.1343134021421765e-10
*CC(*)C(=O)Oc1ccc(OC)cc1,PI464,1,13,0.590445113373342,0.0,1,4.2536605986327446e-10
*c1ccc(-c2nc3cc4nc(*)oc4cc3o2)cc1,PI547,1,18,-0.2675390548015235,0.0,1,3.4090639124545846e-10
*CC(*)OC(=O)c1ccccc1OC(C)=O,PI331,2,15,-0.670999987115251,4.1525764713659135e-11,2,3.011898348013686e-10
*CC(*)CC(C)CC,PI38,1,7,0.6103286243233913,0.0,1,4.273233858933949e-10
*c1ccc2c(c1)C(=O)N(c1cc(N3C(=O)c4ccc(C(*)(C(F)(F)F)C(F)(F)F)cc4C3=O)ccc1C)C2=O,PI974,5,38,0.5432036213269139,8.132514730422144e-11,5,4.207156235134521e-10
*c1ccc(Oc2ccc(Oc3ccc(N4C(=O)c5ccc(-c6ccc7c(c6)C(=O)N(*)C7=O)cc5C4=O)cc3)c(-c3ccccc3)c2)cc1,PI1036,1,48,-0.8947412747849735,0.0,1,2.7916481882361833e-10
*c1ccc(Oc2cc(C(C)(C)C)ccc2Oc2ccc(N3C(=O)c4ccc(-c5ccc6c(c5)C(=O)N(*)C6=O)cc4C3=O)cc2)cc1,PI1037,3,46,-0.5125439958028719,3.9463960870242366e-11,3,3.1678818849269624e-10
*CC(*)C(=O)OCC(C)(C)C,PI459,1,10,-0.24859866512566095,0.0,1,3.4277087673930923e-10
*CCC1CC(OC(=O)CCCCCCCCCCOc2ccc(-c3ccc(C#N)cc3)cc2)CC1*,PI399,1,35,-1.3360820457776434,0.0,1,2.3571938399133455e-10
*Cc1cccc(COC(=O)Nc2ccc(Cc3ccc(NC(=O)O*)cc3)cc2)c1,PI660,4,29,-1.1682243230740565,4.534465099360962e-11,4,2.5224324091126405e-10
*CC(*)C(=O)OCCCCCCCC,PI421,1,13,0.6740771268220946,0.0,1,4.3359876671700135e-10
*c1ccc(C(C)(C)c2ccc(N3C(=O)c4ccc(Oc5ccc6c(c5)C(=O)N(*)C6=O)cc4C3=O)cc2)cc1,PI985,4,38,-0.9123572027084541,4.282553060319541e-11,4,2.774307128925293e-10
*c1ccc2c(c1)C(=O)N(c1ccc(Sc3ccc(Oc4ccc(Sc5ccc(N6C(=O)c7ccc(C(*)(C(F)(F)F)C(F)(F)F)cc7C6=O)cc5)cc4)cc3)cc1)C2=O,PI1115,1,58,-0.3641613359397796,0.0,1,3.313949268749745e-10
*c1ccc(C(C)(C)c2ccc(C(C)(C)c3ccc(N4C(=O)c5ccc(Oc6ccc7c(c6)C(=O)N(*)C7=O)cc5C4=O)cc3)cc2)cc1,PI1084,4,47,-0.7923533954093727,4.523216730101189e-11,4,2.8924384671633545e-10
*CC(*)C=C,PI521,2,4,1.922511192162969,1.3251350171715141e-10,2,5.56494189920653e-10
*CC(*)OC(=O)c1ccc(CC)cc1,PI344,2,13,0.710209263151193,5.38198131621528e-11,2,4.371556018825046e-10
*CCCCO*,PI527,1,5,-0.045132945544513546,0.0,1,3.627999727160625e-10
*CC(C)C(*)(C)C,PI16,2,6,-0.09692872112140845,5.962726872626537e-11,2,3.5770121425023527e-10
*CC(*)c1cc(C)ccc1F,PI197,2,10,0.839798530795364,1.030049792630901e-10,2,4.499123251504116e-10
*c1ccc(Oc2ccc(Oc3ccc(N4C(=O)c5cccc(Oc6cccc7c6C(=O)N(*)C7=O)c5C4=O)cc3)cc2)cc1,PI1062,4,43,-1.2922823887033552,1.2468578810694544e-11,4,2.400310072814678e-10
*c1ccc2c(c1)C(=O)N(c1c(C)cc(Cc3cc(C)c(N4C(=O)c5ccc(C(*)(C(F)(F)F)C(F)(F)F)cc5C4=O)c(C)c3)cc1C)C2=O,PI971,5,48,0.9755813630360275,1.5292272493656995e-10,5,4.6327874080284775e-10
*CC(*)c1ccc(C(C)C)cc1,PI120,1,11,2.301106029850607,0.0,1,5.937629364984998e-10
*CC(*)c1ccc(C(C)(O)CC)cc1,PI140,2,13,-0.19423125428637913,1.938358657393794e-11,2,3.481227861024649e-10
*CC(*)C(=O)OC(CC)CC,PI457,2,10,0.981875017863236,4.856598576895658e-11,2,4.6389828603551994e-10
*c1ccc2c(c1)C(=O)N(c1ccc3c(c1)-c1cc(N4C(=O)c5ccc(C(*)(C(F)(F)F)C(F)(F)F)cc5C4=O)ccc1C3)C2=O,PI959,5,44,-0.030261844843445674,8.050136315969432e-11,5,3.642638787924021e-10
*CC(*)c1cc(C)ccc1C,PI192,1,10,0.02857244862627515,0.0,1,3.7005550655680064e-10
*c1cccc(P(=O)(c2ccccc2)c2cccc(-n3c(=O)c4c(-c5cc(C(F)(F)F)cc(C(F)(F)F)c5)c5c(=O)n(*)c(=O)c5c(-c5cc(C(F)(F)F)cc(C(F)(F)F)c5)c4c3=O)c2)c1,PI1053,5,64,1.8700099191985606,3.442086953354211e-10,5,5.513259825328406e-10
*CC(OC)C1C(=O)OC(=O)C1*,PI387,2,11,-0.7323551416000799,3.017705391641264e-11,2,2.951500543392105e-10
*CCC=C(*)C(C)C,PI69,1,7,-0.11681415680172902,0.0,1,3.55743698750324e-10
*CCO*,PI524,1,3,-0.05012331636895443,0.0,1,3.6230872231570965e-10
*CC(*)C(=O)Oc1cccc(C(=O)OC)c1,PI467,3,15,-1.023158352242444,1.670501556975968e-11,3,2.6652348555752965e-10
*CC1CC(*)C(OC(=O)CCCCCCCCCCOc2ccc(-c3ccc(C#N)cc3)cc2)C1,PI398,1,34,-1.1336957260645046,0.0,1,2.556422242135649e-10
*CCC=C(*)CCCCCCC,PI68,2,11,0.6137955889132362,3.4478582361355275e-11,2,4.2766467270407216e-10
*c1ccc(S(=O)(=O)c2ccc(N3C(=O)c4ccc(Oc5ccc6c(c5)C(=O)N(*)C6=O)cc4C3=O)cc2)cc1,PI987,4,38,-1.3033746696841448,1.5594152984156814e-11,4,2.389390869283847e-10
*CC(*)c1cccs1,PI373,1,7,-0.48887945510470954,0.0,1,3.191177178004588e-10
*C(OC(F)(F)F)C(*)(F)F,PI313,1,9,0.49634221489377733,0.0,1,4.161026026616491e-10
*C(=O)Oc1ccc(OC(=O)c2ccc3c(c2)C(=O)N(c2ccc(-c4ccc(N5C(=O)c6ccc(*)cc6C5=O)cc4C(F)(F)F)c(C(F)(F)F)c2)C3=O)cc1,PI1089,2,54,-0.8850800654384889,5.401460927682958e-11,2,2.8011586497355746e-10
*C(F)(F)C(*)(OC(F)(F)F)OC(F)(F)F,PI312,1,14,3.8424199915408908,0.0,1,7.45489356715898e-10
*CC(*)C(=O)OCC(F)(F)C(F)(F)C(F)(F)F,PI436,1,16,0.4342181053472015,0.0,1,4.099871265257173e-10
*c1ccc(Oc2ccc(NC(=O)CN3C(=O)c4ccc(C(c5ccc6c(c5)C(=O)N(CC(=O)Nc5ccc(Oc7ccc(-c8nnc(*)o8)cc7)cc5)C6=O)(C(F)(F)F)C(F)(F)F)cc4C3=O)cc2)cc1,PI1021,2,70,-0.2914575866735296,1.4082989266321564e-10,2,3.3855185913324986e-10
*c1ccc(Oc2ccc(C3(c4ccc(Oc5ccc(N6C(=O)c7ccc(Oc8ccc(C9(c%10ccc(Oc%11ccc%12c(c%11)C(=O)N(*)C%12=O)cc%10)CCCCCCCCCCC9)cc8)cc7C6=O)cc5)cc4)CCC(C(C)(C)C)CC3)cc2)cc1,PI1047,3,84,-0.5233655707684639,9.280066296772902e-12,3,3.15722916347336e-10
*c1ccc(Oc2ccc(C3(c4ccc(Oc5ccc(N6C(=O)c7ccc(Oc8ccc(C9(c%10ccc(Oc%11ccc%12c(c%11)C(=O)N(*)C%12=O)cc%10)CCCCCCCCCCC9)cc8)cc7C6=O)cc5)cc4)C4CC5CC(C4)CC3C5)cc2)cc1,PI1048,5,84,-0.2741104633537559,7.143453526228377e-11,5,3.4025950403091406e-10
*Oc1ccc(Oc2ccc(Oc3ccc(S(=O)(=O)c4ccc(*)cc4)cc3)cc2)cc1,PI546,1,30,-0.13219985454740013,0.0,1,3.54229135916586e-10
*CC(*)c1ccc(C(C)(O)CCC)cc1,PI141,2,14,-0.16821727441393294,1.9204628454976994e-11,2,3.50683593400496e-10
*c1ccc(Oc2ccc(Oc3ccc(N4C(=O)c5ccc(Oc6ccc(C7(c8ccc(Oc9ccc%10c(c9)C(=O)N(*)C%10=O)cc8)CCCCCCCCCCC7)cc6)cc5C4=O)cc3)c(C(C)(C)C)c2)cc1,PI1044,1,72,-0.18196387589615592,0.0,1,3.493303826433797e-10
*CC(*)C(=O)c1ccc(CCC)cc1,PI329,2,13,0.2544367980983463,6.554950268330987e-11,2,3.9228951601360655e-10
*CC(*)c1ccc(Cl)cc1C,PI190,2,10,1.6360913721868584,4.007894149339215e-11,2,5.282991206197629e-10
*c1ccc(Oc2ccc(-c3ccc(Oc4ccc(N5C(=O)c6ccc(Oc7ccc(C8(c9ccc(Oc%10ccc%11c(c%10)C(=O)N(*)C%11=O)cc9)CCCCCCCCCCC8)cc7)cc6C5=O)cc4)cc3C)c(C)c2)cc1,PI1042,1,76,-0.7876178916381739,0.0,1,2.8971000809097325e-10
*CC(*)C1CCC(C)CC1,PI66,1,9,0.5929920518902434,0.0,1,4.256167796214083e-10
*CC(*)OC,PI253,1,4,-0.7582785219493546,0.0,1,2.9259816562731165e-10
*CC(*)c1ccc(C(C)(C)C)cc1,PI122,1,12,0.781967825341102,0.0,1,4.4421949024765146e-10
*c1ccc(Oc2ccc(S(=O)(=O)c3ccc(Oc4ccc(-n5c(=O)c6cc7c(=O)n(*)c(=O)c7cc6c5=O)cc4)cc3)cc2)cc1,PI966,5,45,-1.2056568355707387,1.4842026165562773e-10,4,2.485583971597443e-10
*CC(*)C(=O)Oc1cccc(N(C)C)c1,PI475,2,14,-1.0848857744356923,1.292656297460621e-11,2,2.6044705918923887e-10
*c1ccc(S(=O)(=O)c2ccc(N3C(=O)c4ccc(C(c5ccc6c(c5)C(=O)N(*)C6=O)(C(F)(F)F)C(F)(F)F)cc4C3=O)cc2)cc1,PI975,5,46,0.5959269525056727,5.7033038637277856e-11,5,4.2590569023607927e-10
*c1ccc(-c2ccc(N3C(=O)c4cc5c(cc4C3=O)C(C(F)(F)F)(C(F)(F)F)c3cc4c(cc3O5)C(=O)N(*)C4=O)cc2OC(F)(F)F)c(OC(F)(F)F)c1,PI1112,3,54,0.6410630141195756,9.908315474235908e-11,3,4.3034886873287247e-10
*CC(*)C(=O)NC(C)C,PI456,1,8,1.0473997058785955,0.0,1,4.703485139550346e-10
*CC(*)c1ccc(OCC)cc1,PI179,2,11,0.24045540091135112,4.1639048131990636e-11,2,3.9091319204746665e-10
*CC(*)C(=O)Oc1ccc(C(=O)OCCCC)cc1,PI471,2,18,-0.6165311836007835,4.130470848168241e-12,2,3.065517252248563e-10
*CC(*)c1cc(C)c(C)cc1C,PI211,1,11,0.46768214856997936,0.0,1,4.1328131551666384e-10
*c1ccc(-c2sc(-c3ccc(-n4c(=O)c5cc6c(=O)n(*)c(=O)c6cc5c4=O)cc3)c(-c3ccccc3)c2-c2ccccc2)cc1,PI993,5,45,0.6487982053098001,2.7506215103036296e-11,5,4.311103183130105e-10
*CC(*)OC(C)C,PI274,1,6,1.302889502695052,0.0,1,4.95498842334932e-10
*CC(*)OCC(C)(C)CC,PI316,1,9,1.2162343052566582,0.0,1,4.869685342813148e-10
*c1cccc(P(=O)(c2cccc(-n3c(=O)c4c(-c5cc(C(F)(F)F)cc(C(F)(F)F)c5)c5c(=O)n(*)c(=O)c5c(-c5cc(C(F)(F)F)cc(C(F)(F)F)c5)c4c3=O)c2)c2cc(C(F)(F)F)cc(C(F)(F)F)c2)c1,PI1051,4,72,2.5659020036875755,2.7093220415329215e-10,4,6.19829361767368e-10
*C(=O)Nc1ccc(NC(=O)c2ccc(N3C(=O)c4ccc(*)cc4C3=O)cc2)cc1,PI960,5,29,-1.660290967767493,3.9715812712621654e-11,5,2.0380436838859766e-10
*c1ccc(Oc2ccc(Oc3ccc(N4C(=O)c5ccc(Oc6cccc7c6C(=O)N(*)C7=O)cc5C4=O)cc3)cc2)cc1,PI1063,5,43,-1.0979344288955126,3.624605440391486e-11,5,2.591625540987438e-10
*CC(*)OCC(F)(F)F,PI376,2,8,0.4540600320714218,7.162716935096037e-11,2,4.1194035901884305e-10
*C(=O)Nc1cccc(NC(=O)c2ccc(N3C(=O)c4ccc(*)cc4C3=O)cc2)c1,PI990,3,29,-0.3098030192878022,1.7427644761215394e-10,3,3.367459410094365e-10
*CC(*)c1ccccc1C(=O)OCCCC,PI102,1,15,0.4134179547371204,0.0,1,4.0793956680038437e-10
*c1ccc(Oc2ccc(N3C(=O)C4CCC5C(=O)N(*)C(=O)C5C4C3=O)cc2)cc1,PI1064,5,29,-1.5387425040668548,4.242642061467672e-11,5,2.1576955766126063e-10
*CC(*)C(=O)c1ccc(Br)c(OC)c1,PI322,2,13,-0.25025623202948305,2.7655278755711726e-11,2,3.426077064191546e-10
*CC(*)O[N+](=O)[O-],PI267,1,6,-1.030441484543586,0.0,1,2.6580653650010973e-10
*c1ccc(Oc2ccc(C3(c4ccc(Oc5ccc(N6C(=O)c7ccc(Oc8ccccc8Oc8ccc9c(c8)C(=O)N(*)C9=O)cc7C6=O)cc5C(F)(F)F)cc4)c4ccccc4-c4ccccc43)cc2)c(C(F)(F)F)c1,PI1078,5,77,-0.06125340608456734,3.754873061445848e-11,5,3.6121308008367765e-10
*CC(*)OC(=O)c1cccc([N+](=O)[O-])c1,PI369,2,14,-1.0940212674436374,1.7364847096663016e-11,2,2.595477643761973e-10
*CC(*)c1ccccc1C(=O)OCCN(C)C,PI108,2,16,-0.12131970013989778,1.3413741495557985e-11,2,3.5530017460221014e-10
*CC(*)CC1CCCC1,PI23,1,8,0.8318408662709479,0.0,1,4.4912897537120336e-10
*c1ccc(-c2ccc(N3C(=O)c4ccc(-c5cccc6c5C(=O)N(*)C6=O)cc4C3=O)c(C)c2)cc1C,PI1104,2,36,0.2078349672631953,1.2992155559017461e-11,2,3.8770204769505574e-10
*c1ccc2c(c1)C(=O)N(c1ccc(Oc3ccc(-c4ccc(Oc5ccc(N6C(=O)c7ccc(C(*)(C(F)(F)F)C(F)(F)F)cc7C6=O)cc5)cc4)cc3)cc1)C2=O,PI981,2,57,-0.7871115842813404,1.4443264552810866e-11,2,2.897598488143375e-10
*CC(*)c1ccccc1C(=O)NC,PI94,2,12,0.14467484616500378,8.651252595161583e-11,2,3.814845869356549e-10
*CC(*)c1ccc(CCCC)cc1,PI121,2,12,0.7617311992026424,2.950326218928603e-11,2,4.4222740367892985e-10
*CC(*)c1cc(Cl)ccc1Cl,PI195,2,10,0.8121676193142965,4.564005335723674e-11,2,4.4719234765681343e-10
*CC(*)OC(=O)C(F)(F)F,PI278,2,9,-0.18376643828449266,9.572953033325033e-12,2,3.491529390172278e-10
*CC(*)c1ccc(COCCOCCCC)cc1,PI154,1,17,-0.134867054384611,0.0,1,3.5396657767513556e-10
*CC(*)c1cccc(C)c1,PI113,1,9,-0.27156093700042905,0.0,1,3.4051047853478217e-10
*CC(*)(C)C(=O)OCC(C)C,PI443,1,10,0.4145316096817324,0.0,1,4.0804919461295416e-10
*CC(*)C(=O)OCCc1ccccc1,PI474,1,13,-1.2599283329445148,0.0,1,2.432159294853902e-10
*CC(*)OCCCCCCCCCCCCCCCCCC,PI402,1,21,0.3739210550689262,0.0,1,4.040515054804383e-10
*c1ccc(-c2ccc(-n3c(=O)c4cc5c(=O)n(*)c(=O)c5cc4c3=O)cc2C(F)(F)F)c(C(F)(F)F)c1,PI967,3,36,1.8161607697427453,7.599325501357083e-11,3,5.4602509064335e-10
*c1ccc(Oc2ccc(C(C)(C)c3ccc(Oc4ccc(N5C(=O)c6ccc(C(c7ccc8c(c7)C(=O)N(*)C8=O)(C(F)(F)F)C(F)(F)F)cc6C5=O)cc4)cc3)cc2)cc1,PI982,1,60,-0.9889264797797227,0.0,1,2.6989325939673587e-10
*c1ccc(Cc2ccc(N3C(=O)C4CCC5C(=O)N(*)C(=O)C5C4C3=O)c(C)c2)cc1C,PI1066,5,31,-0.8036793084589257,2.6494265429735867e-11,5,2.8812892770216025e-10
*CC/C=C(\*)C(C)(C)C,PI81,1,8,-0.15652442284043894,0.0,1,3.5183463371770305e-10
*CC(*)C(=O)OC(F)(C(F)(F)F)C(F)(F)F,PI432,1,15,1.827609166045847,0.0,1,5.471520668671914e-10
*CC(*)c1ccc(C(=O)CCCCC)cc1,PI170,1,15,-0.10596370798201048,0.0,1,3.5681181322802755e-10
*CC(*)OC(=O)c1cccc(C)c1,PI361,1,12,-0.4159255430038896,0.0,1,3.26299276002769e-10
*c1cc(C(c2ccc(O)c(N3C(=O)c4ccc(Oc5ccc6c(c5)C(=O)N(*)C6=O)cc4C3=O)c2)(C(F)(F)F)C(F)(F)F)ccc1O,PI1083,5,46,-0.920849453019182,3.9563432507157546e-11,5,2.7659473867101264e-10
*CC(*)c1ccccc1F,PI112,2,9,0.697307030476511,1.4378594216493472e-11,2,4.3588551050255326e-10
*CC(*)c1ccccc1COCC,PI86,1,12,-0.20158338733552006,0.0,1,3.4739904463496736e-10
*c1ccc(C(=O)Oc2ccc(N3C(=O)c4ccc(-c5ccc6c(c5)C(=O)N(*)C6=O)cc4C3=O)cc2)cc1,PI1091,3,37,-1.2454725209360251,4.6755400163421826e-12,3,2.44638954684603e-10
*CC(*)c1ccc(C(=O)N(C)C)cc1,PI155,3,13,-0.3932196380282879,2.7876129843254884e-11,3,3.2853443753726027e-10
*CC(*)C(=O)OCC,PI412,1,7,0.9246211036366322,0.0,1,4.5826223026430637e-10
*/C=C/C(C*)OC,PI279,3,6,-0.16978388672810898,4.46347896825375e-11,3,3.5052937661909623e-10
*CC(*)OC(=O)C(C)(C)C(C)C(C)C,PI366,3,13,0.4675596747341756,6.60992541042084e-11,3,4.1326925923407725e-10
*Oc1ccc(-c2ccc(OC(=O)CCCCCCCCCCCC(*)=O)cc2)cc1,PI585,1,29,-0.6638413432864909,0.0,1,3.0189452925606493e-10
*CC(*)P(=O)(OCC)N(C)C,PI381,3,10,-0.07473822948536644,2.2426682530336424e-11,3,3.598856386715313e-10
*CC(*)C(=O)OCC(F)(F)C(F)(F)F,PI430,1,13,-0.4182581841084325,0.0,1,3.2606965160875125e-10
*C(F)C(*)(F)OC(F)(F)F,PI314,1,9,-0.41064746217162124,0.0,1,3.268188484780744e-10
*CC(*)OC(=O)c1ccncc1,PI354,2,11,-0.597971755720909,1.9589537513271032e-11,2,3.0837870896956215e-10
*CC1(*)CCC(C)CC1,PI44,2,8,-0.40723327380357494,1.021984671974184e-11,2,3.2715494001549447e-10
*c1ccc(Oc2ccc3ccc(Oc4ccc(-n5c(=O)c6cc7c(=O)n(*)c(=O)c7cc6c5=O)cc4)cc3c2)cc1,PI1050,5,40,-1.1737679739801081,8.300195652498707e-11,5,2.5169752580855536e-10
*CC(*)c1ccc(C(C)=NO)cc1,PI138,2,12,-0.7714795933331932,1.5574444972286478e-11,2,2.9129865666684806e-10
*CC(*)OC(=O)CCCCCCCCCCC,PI243,2,16,-0.0030842876556188372,8.836735204906054e-12,2,3.66939228244139e-10
*c1ccc(-c2ccc(-n3c(=O)c4cc5c(=O)n(*)c(=O)c5cc4c3=O)cc2OC(F)(F)F)c(OC(F)(F)F)c1,PI977,5,38,0.5067406184704616,7.766956759580375e-11,5,4.1712621795994684e-10
*CC(*)c1ccccc1COC,PI85,2,11,0.4887296234432025,5.515852187422413e-11,2,4.153532217580293e-10
*CC(*)C(=O)c1ccc(OC)cc1,PI327,1,12,-0.25162156083462917,0.0,1,3.424733039176699e-10
*Oc1cccc2c(OC(=O)Oc3ccc(OC(*)=O)cc3)cccc12,PI817,1,24,-0.5569533232373192,0.0,1,3.1241654946043725e-10
*c1cccc(Oc2ccc(-n3c(=O)c4cc5c(=O)n(*)c(=O)c5cc4c3=O)cc2)c1,PI953,1,29,-0.5746728208156456,0.0,1,3.1067224816788166e-10
*CC(*)OC(=O)C(F)(F)C(F)(F)F,PI352,1,12,0.24752679815495274,0.0,1,3.9160929797810406e-10
*CC(*)c1ccccc1C(=O)OCCCCC,PI104,1,16,0.7021153978346976,0.0,1,4.363588445438201e-10
*CC(*)CCCCCCCCCCC,PI63,1,13,0.5607398603932969,0.0,1,4.2244188490065247e-10
*Oc1ccc(C2(c3ccc(OC(*)=O)cc3)CCCCC2)cc1,PI801,1,22,-0.775391462461797,0.0,1,2.9091357360525617e-10
*Oc1ccc(C(C)(CCC#N)c2ccc(OC(*)=O)cc2)cc1,PI1119,2,22,-0.9285279156594727,8.286581970201205e-12,2,2.758388734299642e-10
*c1ccc(Oc2cccc(Oc3ccc(N4C(=O)c5ccc(C(=O)c6ccc7c(c6)C(=O)N(*)C7=O)cc5C4=O)cc3)c2)cc1,PI965,4,44,-1.3289410292195598,2.7982411486931492e-11,4,2.3642234322352303e-10
*Oc1ccc(S(=O)(=O)c2ccc(Oc3ccc(-c4ccc(*)cc4)cc3)cc2)cc1,PI545,1,29,-0.9013245738843687,0.0,1,2.785167611076704e-10
*c1cccc(Oc2cccc(Oc3cccc(-n4c(=O)c5cc6c(=O)n(*)c(=O)c6cc5c4=O)c3)c2)c1,PI962,5,36,-1.265248827048764,2.325169579279006e-11,5,2.4269218186207e-10
*c1ccc(Oc2c(C)cc(Cc3cc(C)c(Oc4ccc(N5C(=O)c6ccc(-c7ccc8c(c7)C(=O)N(*)C8=O)cc6C5=O)cc4)c(C)c3)cc2C)cc1,PI998,3,53,-0.7610028593571788,7.737832509658912e-11,3,2.9232998278291556e-10
*CC(*)c1ccc(CC)cc1,PI119,1,10,2.2313933353275015,0.0,1,5.869004426480579e-10
*CC(*)(C)C(=O)OC(C)CC,PI442,1,10,0.6421480541510751,0.0,1,4.30455679703164e-10
*C=CC(C)CCCCC*,PI80,1,9,0.4234853507496069,0.0,1,4.0893059782706135e-10
*c1ccc(C(c2ccc(N3C(=O)c4cc5c(cc4C3=O)C(C(F)(F)F)(C(F)(F)F)c3cc4c(cc3O5)C(=O)N(*)C4=O)cc2)(C(F)(F)F)C(F)(F)F)cc1,PI995,5,53,0.36243388963475176,1.0654216118401644e-10,5,4.0292071283656905e-10
*CC(*)OC(=O)c1cccc(Br)c1,PI334,1,12,-0.977567196933227,0.0,1,2.7101146332233037e-10
*CCC(C)C(*)C,PI51,2,6,-0.274728456823182,3.405440559549557e-11,2,3.401986689647534e-10
*CC(*)c1ccccc1C(=O)N(C)C,PI95,1,13,4.606485316957364,0.0,1,8.207036865144481e-10
*CC(*)c1ccccc1C(=O)OCCCCCC,PI106,1,17,0.9280511110173485,0.0,1,4.5859987901993344e-10
*CC(*)c1c(F)c(F)c(F)c(F)c1F,PI212,1,13,0.7642113873293014,0.0,1,4.4247155255143534e-10
*CC(*)(C)C(=O)OCCC,PI439,1,9,1.683563950053902,0.0,1,5.32972304978879e-10
*c1ccc(S(=O)(=O)c2ccc(N3C(=O)c4ccc(-c5ccc6c(c5)C(=O)N(*)C6=O)cc4C3=O)cc2)cc1,PI968,4,37,-0.8196797647299686,1.7963360480893265e-11,4,2.8655384824905e-10
*CC(*)Cc1cc(C)ccc1C,PI291,1,11,-0.12762769524530307,0.0,1,3.5467921771744773e-10
*c1cccc(N2C(=O)c3ccc(-c4cccc5c4C(=O)N(*)C5=O)cc3C2=O)c1,PI1103,1,28,-1.0600872466992382,0.0,1,2.628882177939321e-10
*CC(*)C(=O)Oc1ccccc1C(=O)OCC,PI466,1,16,-0.7738262131128305,0.0,1,2.91067656216826e-10
*CC(*)c1ccc(F)cc1C,PI189,1,10,0.6673642715175954,0.0,1,4.329379555324507e-10
*CC(*)C(=O)OCCC#N,PI460,1,9,-1.6398932490894416,0.0,1,2.058123128519232e-10
*CC(*)N1CCCC1=O,PI408,1,8,-0.7423338609007502,0.0,1,2.9416775261777237e-10
*c1ccc(Oc2c(C)cc(Cc3cc(C)c(Oc4ccc(-n5c(=O)c6cc7c(=O)n(*)c(=O)c7cc6c5=O)cc4)c(C)c3)cc2C)cc1,PI997,1,47,0.7816544922181176,0.0,1,4.4418864584199005e-10
*c1cc(C(c2ccc(O)c(N3C(=O)c4ccc(-c5ccc6c(c5)C(=O)N(*)C6=O)cc4C3=O)c2)(C(F)(F)F)C(F)(F)F)ccc1O,PI1097,2,45,0.057745177249765724,8.285615775694035e-11,2,3.7292726000355576e-10
*CC(*)C(=O)C(C)(C)C,PI299,1,8,-0.1449794535471382,0.0,1,3.529711165537317e-10
*CC(*)(C)C(=O)OC,PI437,1,7,-0.2689340316187428,0.0,1,3.4076907020378643e-10
*CC(*)c1ccc(Cl)cc1Cl,PI191,1,10,1.6450890744096627,0.0,1,5.29184851354954e-10
*c1cccc(P(=O)(c2cccc(-n3c(=O)c4c(-c5ccc(C(F)(F)F)cc5)c5c(=O)n(*)c(=O)c5c(-c5ccc(C(F)(F)F)cc5)c4c3=O)c2)c2cc(C(F)(F)F)cc(C(F)(F)F)c2)c1,PI1054,5,64,0.8350810574734572,7.529602422358689e-11,5,4.494479386870469e-10
