smiles_list,monomer_ID,replicate_count,heavy_atom_count,thermal_conductivity,thermal_conductivity_std,thermal_conductivity_count,thermal_conductivity_raw
*CC(*)C(=O)Oc1cccc(N(C)C)c1,PI475,2,14,0.7472172883117519,0.0041276214224769065,2,0.2697248135083046
*c1ccc2c(c1)C(=O)N(c1ccc(Oc3c(C)cc(Cc4cc(C)c(Oc5ccc(N6C(=O)c7ccc(C(*)(C(F)(F)F)C(F)(F)F)cc7C6=O)cc5)c(C)c4)cc3C)cc1)C2=O,PI1000,5,62,-0.834605544135154,0.008174889373835066,5,0.1856896584122039
*c1ccc(Oc2ccc(C3(c4ccc(Oc5ccc(N6C(=O)c7ccc(Oc8ccccc8Oc8ccc9c(c8)C(=O)N(*)C9=O)cc7C6=O)cc5C(F)(F)F)cc4)c4ccccc4-c4ccccc43)cc2)c(C(F)(F)F)c1,PI1078,5,77,-0.8032091186151451,0.005641960156937302,4,0.18735760973640864
*CC(*)OC(=O)c1ccccc1Cl,PI337,1,12,-1.1314359395151916,0.0,1,0.1699203903239361
*C(=O)Nc1cccc(NC(=O)c2ccc(N3C(=O)c4ccc(*)cc4C3=O)cc2)c1,PI990,3,29,1.4971911287710835,0.0066688438694994055,3,0.3095675611967589
*c1ccc(S(=O)(=O)c2ccc(N3C(=O)c4ccc(Oc5ccc6c(c5)C(=O)N(*)C6=O)cc4C3=O)cc2)cc1,PI987,4,38,0.30372119681037396,0.0008037708382772535,4,0.24616385455047912
*CC(*)CCCCCCCCCC,PI31,1,12,1.8728746762187294,0.0,1,0.329525943721798
*C(=O)Oc1ccc(OC(=O)c2ccc3c(c2)C(=O)N(c2ccc(C(=O)Oc4ccc(N5C(=O)c6ccc(*)cc6C5=O)cc4)cc2)C3=O)cc1,PI1092,2,49,1.7365023941063582,0.0,1,0.3222810957887366
*CC(*)c1ccc(C(C)(C)C)cc1,PI122,1,12,0.330763677194107,0.0,1,0.2476005002902014
*/C=C/CCC*,PI58,1,5,1.1161708991893524,0.0,1,0.2893256646765761
*CC(*)C(=O)OCC(F)(F)C(F)(F)C(F)(F)F,PI436,1,16,-1.8542327191903458,0.0,1,0.1315214380284979
*c1ccc(Oc2ccc(Oc3ccc(N4C(=O)C5CCC6C(=O)N(*)C(=O)C6C5C4=O)cc3)cc2)cc1,PI1067,3,36,0.7032087706407235,0.01204330689614771,2,0.26738683827354737
*CC(*)c1ccc(CCCCCCCCCCCC)cc1,PI128,2,20,1.4763064901843233,0.004465765732607723,2,0.30845805398345766
*c1ccc(Oc2c(C)cc(Cc3cc(C)c(Oc4ccc(-n5c(=O)c6cc7c(=O)n(*)c(=O)c7cc6c5=O)cc4)c(C)c3)cc2C)cc1,PI997,1,47,0.42266119469137897,0.0,1,0.2524826033787526
*CC(*)c1ccc(CCCCCCCCC)cc1,PI126,1,17,1.0392379704903854,0.0,1,0.2852385630981938
*CC(*)c1ccc(C(=O)O)c(C(=O)O)c1,PI239,2,14,1.3226771373121307,0.007139546604757468,2,0.3002964152517942
*CC(*)c1cc(Br)ccc1OCCCCC,PI203,2,15,-1.2908958573187845,0.004712123254540263,2,0.16144899981839655
*C(C)C(*)OCCC,PI289,1,7,-0.05176442427463068,0.0,1,0.2272784972970999
*CC(*)c1ccccc1C(=O)OCCCC,PI102,1,15,-0.33926264142085066,0.0,1,0.2120050059982278
*CC(*)OC(C)C,PI274,1,6,0.18522945367023055,0.0,1,0.2398689194868689
*CC(*)c1ccccc1C(=O)OCC,PI99,2,13,-0.1770022015758351,0.011167193796641777,2,0.22062517568388385
*CC(*)Cc1cccc(C)c1,PI294,1,10,-0.6794306959578209,0.0,1,0.1939334023803096
*CC(*)C(=O)c1ccc(C)c(C)c1,PI328,1,12,-0.33154705769667486,0.0,1,0.2124149003692144
*CC(*)Cc1ccccc1C,PI295,1,10,-0.3181571043654198,0.0,1,0.2131262485567867
*C(=O)c1ccc2c(c1)C(=O)N(c1c(C)cc(C(c3cc(C)c(N4C(=O)c5ccc(*)cc5C4=O)c(C)c3)c3cccc4ccccc34)cc1C)C2=O,PI1002,5,51,-0.2604161768892643,0.009345393707689923,5,0.2161937651561934
*CC(*)CCCCCCC,PI11,1,9,1.361718625616675,0.0,1,0.3023705144856381
*CC(*)CNc1ccc([N+](=O)[O-])cc1,PI392,2,13,0.5323343692551813,0.012664019039623966,2,0.258309047431336
*CC(*)OC(=O)c1ccc(OC(C)=O)cc1,PI332,1,15,0.6454721027360611,0.0,1,0.2643195479660766
*CC(*)c1ccccc1C(=O)OCCCCCC,PI106,1,17,0.2875311255269447,0.0,1,0.2453037486502404
*CC(*)CCCCCCCCCCCCC,PI61,1,15,2.7885464663240254,0.0,1,0.3781714805797985
*C=CCC(C)(CC*)C(=O)OC,PI280,1,11,0.17165663409800452,0.0,1,0.2391478564357818
*C(C)C(*)OC,PI288,1,5,-0.22469675376458362,0.0,1,0.2180913779612776
*CC(*)c1ccc(Oc2ccccc2)cc1,PI183,1,15,-0.3141815717708504,0.0,1,0.2133374507795144
*CC(*)SCC,PI309,3,5,-0.1666508462802954,0.016878251625986256,3,0.2211750967811599
*CC(*)(C)C,PI13,1,4,0.2379187356697357,0.0,1,0.2426680648107996
*Oc1ccc(S(=O)(=O)c2ccc(Oc3ccc(-c4ccc(*)cc4)cc3)cc2)cc1,PI545,1,29,0.1565555816226221,0.0,1,0.2383456052222751
*CC(*)C(=O)C(C)(C)C,PI299,1,8,-0.20656495899659102,0.0,1,0.21905463892467
*CC(*)c1ccc(C(=O)CCN2CCCCC2)cc1,PI158,1,18,0.7943561302692262,0.0,1,0.2722290888378111
*CC(*)c1ccc(COCCOCCCC)cc1,PI154,1,17,0.26758857499314637,0.0,1,0.2442442903514073
*CC(*)c1ccccc1COCCC(C)C,PI91,2,15,0.3364646000030076,0.004980192106259289,2,0.24790336475935043
*CC(*)c1ccc(Br)cc1,PI136,1,9,-1.9730897448705162,0.0,1,0.1252070971412547
*CC/C=C(\*)C(C)(C)C,PI81,1,8,-0.1659759208395689,0.0,1,0.2212109525438448
*c1ccc(Oc2ccccc2Oc2ccc(N3C(=O)c4ccc(Oc5ccccc5Oc5ccc6c(c5)C(=O)N(*)C6=O)cc4C3=O)cc2C(F)(F)F)c(C(F)(F)F)c1,PI1073,5,58,-1.034299950631571,0.00942745228005437,5,0.1750807899109247
*CC(*)OCCCCCCCCCCCCCCCCCC,PI402,1,21,2.053227415856981,0.0,1,0.3391072761799106
*c1cccc(P(=O)(c2ccccc2)c2cccc(-n3c(=O)c4cc5c(=O)n(*)c(=O)c5cc4c3=O)c2)c1,PI1011,5,36,-0.5909074423310945,0.014234593287055624,5,0.1986362459576943
*C([2H])([2H])C(*)([2H])c1c([2H])c([2H])c([2H])c([2H])c1[2H],PI240,2,8,-0.5700137137041701,0.006579780669189852,2,0.19974623608407488
*CC(*)c1ccc(COCCCCCC)cc1,PI153,1,16,0.656448188780947,0.0,1,0.2649026582071289
*c1ccc(Oc2ccc(C3(c4ccc(Oc5ccc(N6C(=O)c7ccc(Oc8ccc(C9(c%10ccc(Oc%11ccc%12c(c%11)C(=O)N(*)C%12=O)cc%10)CCCCCCCCCCC9)cc8)cc7C6=O)cc5)cc4)CCC(C(C)(C)C)CC3)cc2)cc1,PI1047,3,84,0.4670737004497546,0.008030463694004838,2,0.2548420406893383
*CCCCOC(=O)NCC(F)(F)C(F)(F)C(F)(F)C(F)(F)CNC(=O)O*,PI658,1,26,-0.6443447407320467,0.0,1,0.1957973618760338
*CC(*)OC(=O)c1cccc([N+](=O)[O-])c1,PI369,2,14,-0.649701695315146,0.0017338673928863173,2,0.19551277089656416
*CCC=C(*)CCC,PI77,1,7,0.3276691700164309,0.0,1,0.2474361029978575
*CC(*)C(=O)Oc1ccc(OC)cc1,PI464,1,13,0.08684903149407047,0.0,1,0.2346424087383771
*CC(*)c1ccc(Cl)c(C)c1,PI207,2,10,-1.6087776048402247,0.007680518190724539,2,0.14456136777311795
*CC(*)C(=O)Oc1ccccc1C(=O)OC,PI465,2,15,-0.2698618977137504,0.005904142284044303,2,0.21569195635801575
*C(=O)c1ccc2c(c1)C(=O)N(c1ccc(Oc3c(C)cc(Cc4cc(C)c(Oc5ccc(N6C(=O)c7ccc(*)cc7C6=O)cc5)c(C)c4)cc3C)cc1)C2=O,PI999,3,55,0.1550603735379607,0.015510196989620185,3,0.2382661715203977
*c1ccc2c(c1)C(=O)N(c1c(CC)cc(Cc3cc(CC)c(N4C(=O)c5ccc(C(*)(C(F)(F)F)C(F)(F)F)cc5C4=O)c(CC)c3)cc1CC)C2=O,PI972,5,52,-1.0047236211907054,0.008298676900772977,4,0.1766520476907178
*c1ccc(Oc2ccc(Oc3ccc(N4C(=O)c5ccc(-c6ccc7c(c6)C(=O)N(*)C7=O)cc5C4=O)cc3)cc2)cc1,PI1033,2,42,1.3975779463032647,0.03584279555754334,2,0.3042755594209656
*CC(*)c1ccccc1C(=O)N(C)C,PI95,1,13,-0.7573784732378824,0.0,1,0.1897923864468162
*CC(*)c1cc(Br)ccc1OC(C)C,PI202,1,13,-1.7351986814173628,0.0,1,0.1378451827746109
*CC(*)c1ccccc1COCCCCC,PI90,2,15,0.197758705646997,0.0021700644597154226,2,0.2405345424703714
*CC(*)Cc1ccc(C)c(C)c1,PI292,2,11,-0.1523488022262975,0.00680171370080986,2,0.2219349002595367
*CC(*)c1ccc(OC(C)=O)cc1,PI232,1,12,0.6330075226897858,0.0,1,0.263657360712289
*c1ccc(Oc2ccc(C(c3ccc(Oc4ccc(N5C(=O)c6ccc(Oc7ccc8c(c7)C(=O)N(*)C8=O)cc6C5=O)cc4)cc3)(C(F)(F)F)C(F)(F)F)cc2)cc1,PI961,4,58,-0.4231841114829173,0.0102525387063813,3,0.2075466345498594
*c1ccc(Oc2ccc(C3(c4ccc(Oc5ccc(N6C(=O)c7ccc(Oc8ccc(C9(c%10ccc(Oc%11ccc%12c(c%11)C(=O)N(*)C%12=O)cc%10)CCCCCCCCCCC9)cc8)cc7C6=O)cc5)cc4)C4CC5CC(C4)CC3C5)cc2)cc1,PI1048,5,84,0.09321530961447802,0.005664621790145677,3,0.2349806205521526
*c1ccc2c(c1)C(=O)N(c1cccc(Oc3ccc(S(=O)(=O)c4ccc(Oc5cccc(N6C(=O)c7ccc(C(*)(C(F)(F)F)C(F)(F)F)cc7C6=O)c5)cc4)cc3)c1)C2=O,PI984,5,60,-1.2400077607350488,0.009498000765834845,4,0.16415245623667601
*c1ccc(Oc2ccc(S(=O)(=O)c3ccc(Oc4ccc(-n5c(=O)c6cc7c(=O)n(*)c(=O)c7cc6c5=O)cc4)cc3)cc2)cc1,PI966,5,45,0.588302402320329,0.032011184050911703,5,0.2612823780993337
*CC(*)CCCCCCCCCCCCCCCC,PI33,2,18,2.509884388786427,0.016611950321016002,2,0.36336741376211984
*CC(*)(C)C(=O)OC,PI437,1,7,-0.11655628691794849,0.0,1,0.2238363961246355
*CC(*)CC(C)C,PI7,1,6,0.13512789504242106,0.0,1,0.2372072483038
*C(F)(F)C(*)(F)F,PI513,1,6,-0.39728507182077255,0.0,1,0.20892253441058
*CC(*)(C)C(=O)OC1CCCCC1,PI448,1,12,-0.6306029568846736,0.0,1,0.19652740124152
*C=CC(C*)OC,PI303,3,6,0.24811530945978122,0.015163755123076614,3,0.2432097630606408
*Oc1ccc(C(C)(CCC#N)c2ccc(OC(*)=O)cc2)cc1,PI1119,2,22,-0.07960605328262266,0.008938079143776628,2,0.2257993963738976
*CC(*)(C)CCC,PI45,1,6,0.03251931568928031,0.0,1,0.2317561145211416
*CC(*)c1cccc(CC)c1,PI114,1,10,0.5267714917420059,0.0,1,0.2580135166898324
*c1ccc(Oc2ccc(N3C(=O)c4ccc(Oc5cccc6c5C(=O)N(*)C6=O)cc4C3=O)cc2)cc1,PI1061,3,36,0.45031334353205354,0.005607992001595836,3,0.2539516380701864
*CC(*)c1ccc(OCC)cc1,PI179,2,11,0.2819197334336003,0.01394377369794043,2,0.24500564054660418
*CC(*)c1ccc(C(=O)N(CC)CC)cc1,PI156,1,15,-0.05206861099577399,0.0,1,0.2272623372204054
*CC(*)C(=O)C(C)C,PI247,1,7,-0.06672171125451314,0.0,1,0.2264838836998066
*OC(C)COC(*)=O,PI1116,2,7,-0.3940911854396538,0.009008261366801731,2,0.2090922112744431
*CC(*)CC1CCCC1,PI23,1,8,0.5876450654286943,0.0,1,0.261247456737405
*CC(*)CC(C)(C)C,PI39,1,7,0.2563700334065714,0.0,1,0.2436482995344575
*CC(*)N1CCCC1=O,PI408,1,8,0.30496519925884863,0.0,1,0.2462299428231688
*CC(*)CCCCCCCCCCCCCCCCCCCC,PI54,3,22,3.3073581533747265,0.017566925220839722,3,0.4057336194569655
*CC(*)OCC(C)(C)CC,PI316,1,9,0.3109237028464569,0.0,1,0.2465464914042452
*CC(*)N1CCNC1,PI400,3,7,0.0634438259331119,0.015285004134902108,3,0.2333989951025221
*CCC1CC(OC(=O)CCCCCCCCCCOc2ccc(-c3ccc(C#N)cc3)cc2)CC1*,PI399,1,35,0.19507775967369037,0.0,1,0.240392115830643
*CC(*)C(=O)NC(C)C,PI456,1,8,0.5845678704971866,0.0,1,0.2610839791670818
*c1ccc2c(c1)C(=O)N(c1c(C(C)C)cc(Cc3cc(C(C)C)c(N4C(=O)c5ccc(C(*)(C(F)(F)F)C(F)(F)F)cc5C4=O)c(C(C)C)c3)cc1C(C)C)C2=O,PI973,5,56,-1.2585021809720132,0.006133358322986096,5,0.163169930607923
*CC(*)c1ccc(C(=O)N2CCOCC2)cc1,PI159,2,16,-0.06009323409096057,0.013267976753070267,2,0.22683602497319336
*C=CCCCCCCCCCC*,PI78,2,12,2.4964346284216004,0.0040249538715993625,2,0.36265288829499454
*CC(*)CCCCCCCCCCC,PI63,1,13,1.6714316102837252,0.0,1,0.3188241767845387
*c1cc(C(c2ccc(O)c(-n3c(=O)c4cc5c(=O)n(*)c(=O)c5cc4c3=O)c2)(C(F)(F)F)C(F)(F)F)ccc1O,PI979,4,39,-0.7551846450522752,0.006516689612969575,3,0.1899089347024426
*CC(*)OC(=O)c1cccnc1,PI368,1,11,-0.35075650368558425,0.0,1,0.2113943886280284
*CC(*)c1ccccc1C(=O)OCCC,PI100,2,14,-0.4223982769652211,0.007131682384121284,2,0.2075883824145506
*CC(*)c1c(F)c(F)c(F)c(F)c1F,PI212,1,13,-2.1559984754431647,0.0,1,0.1154899763444038
*CC(*)OC(=O)C(C)(C)C(C)C(C)C,PI366,3,13,-0.27760143069634663,0.008224517883965029,3,0.2152807896703041
*c1ccc(Oc2ccc(Oc3ccc(N4C(=O)c5ccc(Oc6ccc(C7(c8ccc(Oc9ccc%10c(c9)C(=O)N(*)C%10=O)cc8)CCCCCCCCCCC7)cc6)cc5C4=O)cc3)c(C(C)(C)C)c2)cc1,PI1044,1,72,0.353935820550165,0.0,1,0.2488315323760281
*C=CC(C)C(*)C(=O)OC,PI268,2,9,0.24337105444627372,0.013060946217312977,2,0.24295772206230798
*c1ccc(N2C(=O)c3ccc(Oc4ccc(C(C)(C)c5cccc(Oc6ccc7c(c6)C(=O)N(*)C7=O)c5)cc4)cc3C2=O)cc1,PI1079,4,45,0.4932516411295139,0.01943495189264853,3,0.2562327573106916
*CC(*)c1ccc(OCCCC)cc1,PI181,2,13,0.30090453787086496,0.008122823755571305,2,0.24601421808931595
*C(F)(F)C(*)(F)c1ccccc1,PI215,1,11,-0.27652702559061165,0.0,1,0.2153378679965518
*c1ccc(Oc2c(C)cc(Cc3cc(C)c(Oc4ccc(N5C(=O)c6ccc(-c7ccc8c(c7)C(=O)N(*)C8=O)cc6C5=O)cc4)c(C)c3)cc2C)cc1,PI998,3,53,0.7006498474099426,0.01697242127396794,2,0.26725089415504893
*CC(*)c1ccc(I)cc1,PI176,1,9,-2.49060276321167,0.0,1,0.0977139507101358
*c1cc(C(c2ccc(O)c(N3C(=O)c4ccc(Oc5ccc6c(c5)C(=O)N(*)C6=O)cc4C3=O)c2)(C(F)(F)F)C(F)(F)F)ccc1O,PI1083,5,46,-0.6897318421473985,0.004804870851677083,5,0.1933861486677243
*CC(*)c1ccccc1C(=O)OCCC(C)C,PI105,2,16,-0.17166507693844485,0.009908417261700766,2,0.22090871318724414
*CC(*)C(=O)N1CCCCC1,PI461,1,10,0.053044292639399276,0.0,1,0.2328465145242058
*CCCCCCN1C(=O)c2ccc(C(c3ccc4c(c3)C(=O)N(*)C4=O)(C(F)(F)F)C(F)(F)F)cc2C1=O,PI970,4,37,-1.2454691335898964,0.00418341961233735,4,0.16386231798258039
*CC(*)OCCCl,PI374,1,6,-0.8597221585799646,0.0,1,0.1843553252953316
*CC(*)C(C)c1ccccc1,PI28,2,10,-0.8093043209295943,0.015445759707729047,2,0.18703379896485434
*c1ccc(-c2ccc(N3C(=O)c4ccc(-c5cccc6c5C(=O)N(*)C6=O)cc4C3=O)c(C)c2)cc1C,PI1104,2,36,0.6851815789739805,0.012363947625281589,2,0.26642913440394367
*CC(*)C(=O)Oc1ccccc1C(=O)OCC,PI466,1,16,-0.3507440961396162,0.0,1,0.2113950477853173
*CC(*)CNc1ccc([N+](=O)[O-])cn1,PI393,3,13,0.28950209488491707,0.005826285045012502,3,0.2454084574155265
*c1ccc(Oc2ccc(-c3ccc(Oc4ccc(N5C(=O)c6ccc(Oc7cccc(Oc8ccc9c(c8)C(=O)N(*)C9=O)c7)cc6C5=O)cc4)cc3)cc2)cc1,PI1038,3,56,1.3337209890459825,0.026300999774312148,3,0.3008831255800785
*CC(*)c1ccc(C(=O)OCCC)cc1,PI162,1,14,0.11799847194212712,0.0,1,0.2362972388530493
*CC(C)O*,PI525,1,4,0.11163069069095011,0.0,1,0.2359589471846752
*CCC(C)C(*)C,PI51,2,6,0.5445233096954778,0.011258102283544805,2,0.25895659118866876
*CCC=C(*)C,PI522,1,5,0.035300241100449097,0.0,1,0.2319038526201528
*CC(*)C(=O)OCCCCCCC,PI420,1,12,0.36385205717644786,0.0,1,0.2493583375692306
*CC(*)CCCCCCCCCCCC,PI32,2,14,2.208555180855843,0.013613721096002599,2,0.34735914393315226
*CCCC=C(*)c1ccccc1,PI390,1,11,-0.19144675754422108,0.0,1,0.2198578011864378
*c1ccc(Oc2ccc(Oc3ccc(N4C(=O)c5cccc(Oc6cccc7c6C(=O)N(*)C7=O)c5C4=O)cc3)cc2)cc1,PI1062,4,43,0.02622454985310633,0.012243049195109977,4,0.2314217018344071
*c1ccc2c(c1)C(=O)N(c1c(C)cc(C(c3cc(C)c(N4C(=O)c5ccc(C(*)(C(F)(F)F)C(F)(F)F)cc5C4=O)c(C)c3)c3cccc4ccccc34)cc1C)C2=O,PI1003,1,58,-1.2049098543291195,0.0,1,0.1660170506450196
*CC(*)C(=O)Oc1ccc(-c2ccccc2)cc1,PI472,1,17,0.2862789203414526,0.0,1,0.2452372246029094
*CC(*)OC(=O)C(C)(C)C(C)(C)CC,PI365,2,13,-0.5133105996244441,0.002159736837053894,2,0.20275861831069292
*CC(*)OC(=O)C(F)(F)C(F)(F)F,PI352,1,12,-1.802702700297099,0.0,1,0.134258996901068
*c1ccc(Oc2ccc(C(c3ccc(Oc4ccc(N5C(=O)c6ccc(Oc7ccc(C8(c9ccc(Oc%10ccc%11c(c%10)C(=O)N(*)C%11=O)cc9)CCC(C(C)(C)C)CC8)cc7)cc6C5=O)cc4)cc3)(C(F)(F)F)C(F)(F)F)cc2)cc1,PI1013,4,81,-0.3547548212589267,0.022221466790009962,2,0.21118197594153332
*C(F)(F)C(*)(F)OC(F)(F)C(F)(F)C(F)(F)C(F)(F)F,PI310,1,19,-2.5028192312102706,0.0,1,0.0970649445370482
*/C=C\CCCCC*,PI74,1,7,0.6566146000154209,0.0,1,0.2649114988899234
*C(F)C(*)(F)OC(F)(F)F,PI314,1,9,-2.014540738484715,0.0,1,0.123004991693157
*CC(*)OC(=O)CC1CCCCC1,PI341,2,12,-0.4210924506262887,0.006689820649403627,2,0.2076577551133572
*CC(*)c1ccc(N(C)C)cc1,PI177,1,11,0.290383866429128,0.0,1,0.2454553019843095
*c1ccc(Oc2ccc(C3(c4ccc(Oc5ccc(N6C(=O)c7ccc(Oc8ccc(C9(c%10ccc(Oc%11ccc%12c(c%11)C(=O)N(*)C%12=O)cc%10)CCC(c%10ccccc%10)CC9)cc8)cc7C6=O)cc5)cc4)CC4CC3C3CCCC43)cc2)cc1,PI1039,2,84,-0.21612635839791738,0.0111873244241512,2,0.21854668464234162
*CC(*)OCCOC,PI375,2,7,0.4964989878314965,0.021023774718272516,2,0.2564052742817166
*CC(*)OC(F)(C(F)(F)F)C(F)(F)F,PI371,1,13,-2.36551762741042,0.0,1,0.1043591631648167
*C(C)C(*)C,PI49,1,4,0.6400654685868143,0.0,1,0.2640323177339924
*CC(*)(C)C(=O)OCc1ccccc1Cl,PI452,1,14,-1.278488717770109,0.0,1,0.1621081355160771
*CC(*)C(=O)c1ccc(CCC)cc1,PI329,2,13,0.3512346581980975,0.011963242715471183,2,0.24868803173073484
*Oc1ccc(OC(=O)c2ccc(-c3ccc(C(*)=O)cc3)cc2)cc1C,PI582,2,25,2.3180041602699526,0.0,1,0.3531736775025957
*C=CC1CCC(*)C1,PI75,1,7,1.810226890447698,0.0,1,0.3261977477407398
*CC(*)OC(=O)C(C)(C)CC(C)(C)C,PI367,1,13,-0.1448418490904449,0.0,1,0.2223337110227463
*CC(*)OC(=O)CCCCC,PI385,1,10,0.3364892379973474,0.0,1,0.247904673665527
*CCCCCCOC(=O)CCCCCNC(=O)CCCCC(=O)NCCCCCC(=O)O*,PI598,1,32,0.6535941127852634,0.0,1,0.2647510339455279
*c1ccc(Oc2c(C)cc(C(C)(C)c3cc(C)c(Oc4ccc(N5C(=O)c6ccc(Oc7ccc(C8(c9ccc(Oc%10ccc%11c(c%10)C(=O)N(*)C%11=O)cc9)CCC(c9ccccc9)CC8)cc7)cc6C5=O)cc4)c(C)c3)cc2C)cc1,PI1023,5,81,0.28316937305145734,0.011951687625345589,4,0.24507202829682928
*CC(*)C=C,PI521,2,4,0.9905387021326494,0.040368793267471656,2,0.28265138931010375
*CC(*)c1cccc(C)c1,PI113,1,9,0.3654530096662164,0.0,1,0.2494433889972537
*/C=C/C(C*)OC,PI279,3,6,0.37118183815937666,0.009827276312940192,3,0.2497477359702943
*CC(*)c1c(Cl)cccc1Cl,PI186,2,10,-2.331767490163655,0.0025629357865220924,2,0.10615215664036246
*c1ccc(Sc2ccc(Oc3ccc(Sc4ccc(N5C(=O)c6ccc(Oc7ccc(C(C)(C)c8ccc(Oc9ccc%10c(c9)C(=O)N(*)C%10=O)cc8)cc7)cc6C5=O)cc4)cc3)cc2)cc1,PI1114,1,66,-0.10235611990631395,0.0,1,0.2245907873325101
*CC(*)C(=O)OCC(F)(F)C(F)(F)F,PI430,1,13,-1.6780851065622187,0.0,1,0.1408793709419548
*CC(*)c1cc(C)c(C)cc1C,PI211,1,11,0.01805482955678089,0.0,1,0.2309876812234317
*c1ccc(Cc2ccc(N3C(=O)C4CCC5C(=O)N(*)C(=O)C5C4C3=O)c(C)c2)cc1C,PI1066,5,31,0.12073409418303412,0.005784149757479825,5,0.2364425701977381
*CC(*)CCC1CCCCC1,PI42,1,10,0.6602559433353584,0.0,1,0.2651049471348041
*c1ccc(S(=O)(=O)c2ccc(N3C(=O)c4ccc(-c5ccc6c(c5)C(=O)N(*)C6=O)cc4C3=O)cc2)cc1,PI968,4,37,1.0855568016123145,0.010774697169309325,4,0.2876992749284689
*C(=O)Oc1ccc(C(C)(C)c2ccc(OC(=O)c3ccc4c(c3)C(=O)N(c3ccc(-c5ccc(N6C(=O)c7ccc(*)cc7C6=O)cc5)cc3)C4=O)cc2)cc1,PI958,2,55,1.2965807191305823,0.0,1,0.2989100295552704
*CC(*)c1ccc(S(=O)(=O)OCCC)cc1,PI185,2,15,-0.3454043169831902,0.0027034316390363218,2,0.21167872631137263
*CC(*)c1ccc(C(C)C)cc1,PI120,1,11,0.23300695890826081,0.0,1,0.2424071241330693
*C(=O)c1ccc2c(c1)C(=O)N(c1ccc(C3(c4ccc(N5C(=O)c6ccc(*)cc6C5=O)cc4)c4ccccc4-c4ccccc43)cc1)C2=O,PI969,4,49,-0.1594574767188468,0.009072017966385877,4,0.2215572482549914
*CC(*)c1ccccc1C,PI83,1,9,0.5393087487298224,0.0,1,0.2586795649436821
*CC(OC)C(C(=O)O)C(*)C(=O)O,PI388,1,12,1.1465483715334965,0.0,1,0.2909394835869523
*CC(*)C(=O)c1ccc(OC)cc1,PI327,1,12,-0.5120075488534749,0.0,1,0.2028278435560177
*CC(*)(C)C(=O)OCC(C)C,PI443,1,10,-0.3058355503327369,0.0,1,0.2137808374797192
*CC(*)c1cc(C)ccc1C,PI192,1,10,-0.42940337768279513,0.0,1,0.207216232820304
*CC(*)c1ccc(C(C)=O)cc1,PI218,1,11,0.2849811633096292,0.0,1,0.2451682805902113
*CCCCCCCC(*)C,PI19,1,9,1.696919455627301,0.0,1,0.3201782317346747
*C(C)C(*)O,PI297,2,4,0.8818484899534232,0.004674563257912204,2,0.27687716564196996
*CC(*)C(C)CC,PI35,1,6,-0.2053443270584293,0.0,1,0.2191194856269268
*CC(*)c1cccs1,PI373,1,7,-0.7219271142922671,0.0,1,0.1916757582039136
*CC(*)c1cccc(Cl)c1,PI116,2,9,-1.849774763875219,0.02130364151112887,2,0.13175826920746037
*CC(*)(C)C(=O)OC(C)C,PI440,1,9,-0.6185338884435956,0.0,1,0.197168576736972
*CCC=C(*)C(C)C,PI69,1,7,-0.01964154718252971,0.0,1,0.2289850417363352
*CC(*)CCCCCCCCC,PI64,3,11,1.270302789742356,0.01823448435335332,3,0.2975140009821286
*C1CCC1*,PI72,2,4,0.20486673292368193,0.018579308521281222,2,0.24091216009123956
*CC(*)C(=O)OCC(C)(C)C,PI459,1,10,0.09378939447395887,0.0,1,0.2350111191068676
*C#C/C(COS(=O)(=O)c1ccc(C)cc1)=C(/*)COS(=O)(=O)c1ccc(C)cc1,PI269,1,28,0.06393411336731024,0.0,1,0.2334250418757317
*c1ccc(Oc2ccc(Oc3ccc(N4C(=O)c5ccc(Oc6ccccc6Oc6ccc7c(c6)C(=O)N(*)C7=O)cc5C4=O)cc3C(F)(F)F)cc2)c(C(F)(F)F)c1,PI1072,5,58,-0.48548891238371233,0.012580438715551999,5,0.2042366598172082
*Oc1cccc2c(OC(=O)Oc3ccc(OC(*)=O)cc3)cccc12,PI817,1,24,0.6008447418291877,0.0,1,0.2619486963647392
*CC(*)c1ccccc1,PI82,1,8,-0.7107845891693415,0.0,1,0.1922677106069642
*c1ccc(C(C)(C)c2ccc(C(C)(C)c3ccc(N4C(=O)c5ccc(Oc6ccc7c(c6)C(=O)N(*)C7=O)cc5C4=O)cc3)cc2)cc1,PI1084,4,47,0.3208462717731279,0.022452456588682973,4,0.2470736330041769
*C(=O)c1ccc2c(c1)C(=O)N(c1c(C)cc(Cc3cc(C)c(N4C(=O)c5ccc(*)cc5C4=O)c(C)c3)cc1C)C2=O,PI1069,5,41,-0.10911393870374728,0.010766045674577285,5,0.2242317747180094
*C(=O)Oc1ccc(OC(=O)c2ccc3c(c2)C(=O)N(c2ccc(-c4ccc(N5C(=O)c6ccc(*)cc6C5=O)cc4C(F)(F)F)c(C(F)(F)F)c2)C3=O)cc1,PI1089,2,54,1.1491354932556295,0.011272333073199326,2,0.2910769257648703
*CC(*)CCN(C(C)C)C(C)C,PI264,2,11,0.8758068295185445,0.016457846051818412,2,0.27655619931042597
*CC(*)c1ccc(COCC(CC)CCCC)cc1,PI235,2,18,0.32107908255892403,0.006718485756466238,2,0.2470860011974354
*c1ccc(-c2sc(-c3ccc(-n4c(=O)c5cc6c(=O)n(*)c(=O)c6cc5c4=O)cc3)c(-c3ccccc3)c2-c2ccccc2)cc1,PI993,5,45,2.6521289576721396,0.03484490758225552,5,0.3709242299634627
*CC(*)OCC(F)(F)F,PI376,2,8,-1.4795655216485382,0.009563950829393276,2,0.1514258264397734
*CC(*)OC,PI253,1,4,0.3576918641590445,0.0,1,0.2490310741330096
*CC(*)c1ccc(C(=O)CCC)cc1,PI168,2,13,0.33826795742542,0.01390446041804576,2,0.2479991690539766
*c1ccc2c(c1)C(=O)N(c1cc(C(c3ccc(O)c(N4C(=O)c5ccc(C(*)(C(F)(F)F)C(F)(F)F)cc5C4=O)c3)(C(F)(F)F)C(F)(F)F)ccc1O)C2=O,PI996,2,54,-1.8430827655511388,0.0,1,0.1321137850753133
*c1ccc(Oc2ccccc2Oc2ccc(N3C(=O)c4ccc(-c5ccc6c(c5)C(=O)N(*)C6=O)cc4C3=O)cc2)cc1,PI1034,1,42,0.4596907111429259,0.0,1,0.2544498155685816
*C(F)(F)C(*)(OC(F)(F)F)OC(F)(F)F,PI312,1,14,-2.7258847129885533,0.0,1,0.0852144755886215
*c1ccc(Oc2ccc(S(=O)(=O)c3ccc(Oc4ccc(N5C(=O)c6ccc(C(c7ccc8c(c7)C(=O)N(*)C8=O)(C(F)(F)F)C(F)(F)F)cc6C5=O)cc4)cc3)cc2)cc1,PI983,1,60,-0.42930840463756265,0.0,1,0.2072212783123922
*CC(*)c1ccc(C(=O)C(F)(F)F)cc1,PI223,1,14,-1.4901188933721572,0.0,1,0.1508651731154
*CC(*)CCc1ccccc1C,PI281,1,11,-0.008481070651998622,0.0,1,0.229577947817188
*CC1CC(*)C(OC(=O)CCCCCCCCCCOc2ccc(-c3ccc(C#N)cc3)cc2)C1,PI398,1,34,1.0182758109852779,0.0,1,0.2841249375460604
*CC(*)C(=O)Oc1ccccc1,PI463,1,11,-0.3644162432064905,0.0,1,0.2106687079097674
*C1Cc2ccccc2C1*,PI386,1,9,-1.5122330323710085,0.0,1,0.1496903480575833
*CC(*)C(=O)c1ccc(C)cc1,PI330,1,11,-0.420439447458622,0.0,1,0.2076924462439614
*CC(*)c1ccc(C(=O)OCCN(C)C)cc1,PI109,1,16,0.4517539660004665,0.0,1,0.2540281718830033
*CC1(*)CCC(C)CC1,PI44,2,8,-0.32185336909118445,0.005227026605577212,2,0.21292988258385065
*CC(*)OC(=O)CCCCCCCCCCC,PI243,2,16,0.9576432125922741,0.013311641965750777,2,0.2809037994354454
*CC(*)OC(=O)C1CCCC1,PI378,1,10,-0.039460258886754765,0.0,1,0.2279321624392946
*CC(*)c1ccccc1C(=O)OC,PI98,1,12,-0.8861537117732965,0.0,1,0.1829511353781861
*CC(*)C(=O)OC(C)C,PI414,1,8,0.5556624795851167,0.0,1,0.2595483653432178
*CCCCCCCCCCN1C(=O)C2C3C=CC(C4C(=O)N(*)C(=O)C34)C2C1=O,PI1080,3,28,0.395464907478109,0.00844335771973342,3,0.2510377865717592
*CC(*)OC(C)(C)C,PI272,1,7,-0.41586384958897504,0.0,1,0.2079355272444034
*CC(*)c1ccc(COCCOCC)cc1,PI133,2,15,0.33031914857669314,0.004687540232678445,2,0.2475768844777711
*CC(*)C(=O)OC1CC2CCC1(C)C2(C)C,PI428,1,15,-0.6440298981350391,0.0,1,0.1958140880516381
*CC(*)c1ccc(Cl)cc1C,PI190,2,10,-1.3617279590496472,0.016275731139561662,2,0.1576860078241995
*CC(*)c1ccc(C(=O)CCCC)cc1,PI169,3,14,0.5626468806343525,0.019317666065459028,3,0.2599194152568911
*c1ccc(Oc2ccc(Oc3ccc(N4C(=O)c5ccc(-c6ccc7c(c6)C(=O)N(*)C7=O)cc5C4=O)cc3)c(-c3ccccc3)c2)cc1,PI1036,1,48,1.8029445379280347,0.0,1,0.3258108690012872
*CC(*)c1c(C)cc(C)cc1C,PI210,1,11,0.03960335789144152,0.0,1,0.2321324579225357
*c1ccc(Oc2c(C)cc(-c3cc(C)c(Oc4ccc(N5C(=O)c6ccc(Oc7ccccc7Oc7ccc8c(c7)C(=O)N(*)C8=O)cc6C5=O)cc4C(F)(F)F)c(C)c3)cc2C)c(C(F)(F)F)c1,PI1075,5,68,-0.27721616067626953,0.008301080505411383,4,0.21530125733913966
*CC(*)CC1CCCCC1,PI25,1,9,0.41636907505552506,0.0,1,0.2521483312727771
*CC(*)NC(=O)OC(C)(C)C,PI348,2,10,0.1390872260810461,0.008926290771044898,2,0.23741758981049893
*Oc1ccc(Oc2ccc(Oc3ccc(S(=O)(=O)c4ccc(*)cc4)cc3)cc2)cc1,PI546,1,30,-0.06081874232162985,0.0,1,0.2267974819736632
*CC(*)c1ccc(C(C)(C)O)cc1,PI139,1,12,0.813534994294017,0.0,1,0.2732479758963556
*CC(*)C(=O)c1ccc(Br)cc1,PI406,1,11,-1.7702757067703372,0.0,1,0.1359816976829921
*Oc1ccc(C2(c3ccc(OC(*)=O)cc3)CCCC2)cc1,PI800,1,21,-0.2043040203140778,0.0,1,0.2191747524601118
*Nc1ccc(*)cc1,PI1131,2,7,2.5461163430572045,0.01550204558556939,2,0.3652922550490987
*CC(*)c1ccc(C(=O)CC)cc1,PI167,1,12,0.29930226007358346,0.0,1,0.2459290962536466
*CC(*)C(C)C,PI5,3,5,0.07960427927344717,0.0041064019911182985,3,0.2342575275342342
*CC(*)c1cc(C(C)(C)C)ccc1C,PI193,2,13,-0.373612317892891,0.004525870993172254,2,0.21018016169163528
*/C=C\CC*,PI47,1,4,0.8769582787046628,0.0,1,0.2766173706432427
*CC(*)C(=O)OCC,PI412,1,7,0.9871185562011445,0.0,1,0.2824696922907475
*CC(*)OC(=O)c1ccc(OC)cc1,PI359,2,13,-0.2643736139194162,0.024049961339631883,2,0.215983524269673
*c1ccc(Oc2ccc3ccc(Oc4ccc(-n5c(=O)c6cc7c(=O)n(*)c(=O)c7cc6c5=O)cc4)cc3c2)cc1,PI1050,5,40,1.2748038142024662,0.01455568939839447,4,0.29775312023166656
*Oc1ccc(OC(=O)Oc2ccc(-c3ccc(OC(*)=O)cc3)cc2)cc1,PI815,1,26,1.5065131960311438,0.0,1,0.3100628008354507
*CC(*)(C)C(=O)OCCC,PI439,1,9,-0.4684090568159475,0.0,1,0.2051440359671882
*CC(*)c1ccc(CCC)cc1,PI233,2,11,0.32611837005935823,0.01040914452606213,2,0.24735371594904115
*CC(*)OC(=O)CCCCCCC,PI370,1,12,0.7157356200009012,0.0,1,0.2680523336168025
*CC(*)c1ccc(-c2ccccc2)cc1,PI132,1,14,-0.3889332047053774,0.0,1,0.2093662316654101
*CC(*)C(=O)OC(F)(C(F)(F)Cl)C(F)(F)Cl,PI434,1,15,-2.4059986190373106,0.0,1,0.1022085895733688
*Cc1cccc(COC(=O)Nc2ccc(Cc3ccc(NC(=O)O*)cc3)cc2)c1,PI660,4,29,0.4188861440954336,0.009371732532265049,4,0.2522820518657648
*CC(*)C(=O)OCC=C,PI427,2,8,1.0952954340480145,0.016881582908959813,2,0.2882166448073017
*c1cccc(P(=O)(c2ccccc2)c2cccc(-n3c(=O)c4c(-c5cc(C(F)(F)F)cc(C(F)(F)F)c5)c5c(=O)n(*)c(=O)c5c(-c5cc(C(F)(F)F)cc(C(F)(F)F)c5)c4c3=O)c2)c1,PI1053,5,64,-1.8796953950885085,0.008680289402190266,5,0.1301687202181513
*CC(*)CCCCC,PI8,1,7,0.5806402677041234,0.0,1,0.2608753232398182
*CC(*)c1ccc(C(C)(O)CCCC)cc1,PI142,1,15,0.8791389693657512,0.0,1,0.2767332209610926
*CC(*)c1ccc(C(=O)OCCCCCC)cc1,PI166,1,17,0.22520996387242823,0.0,1,0.2419929047440963
*c1c(C)cc(C(c2cc(C)c(N3C(=O)c4ccc(-c5ccc6c(c5)C(=O)N(*)C6=O)cc4C3=O)c(C)c2)c2cccc3ccccc23)cc1C,PI1001,5,49,-0.006622745741356529,0.018209746148584526,5,0.2296766722880209
*CC(*)OC(=O)C(C)(C(C)C)C(C)C,PI356,2,13,-0.3510476153861431,0.00569192591383944,2,0.2113789231685566
*CC(*)CC(C)CC,PI38,1,7,0.6375537051773248,0.0,1,0.2638988790053614
*CC(*)C(=O)c1ccc(CC)cc1,PI325,1,12,0.30986816902457825,0.0,1,0.2464904156247007
*CC(*)C(=O)Oc1ccc(C#N)cc1,PI476,2,13,-0.2847404295360054,0.009268438642140291,2,0.21490152666915396
*C(=O)c1ccc2c(c1)C(=O)N(c1ccc(C(=O)Nc3ccc(N4C(=O)c5ccc(*)cc5C4=O)cc3)cc1)C2=O,PI991,5,39,2.0055622866240395,0.013852630602156354,5,0.3365750415670306
*CC(*)C(=O)Oc1ccc(C(=O)OCCCC)cc1,PI471,2,18,0.7012896425405918,0.0017162615292187784,2,0.2672848836018637
*C(C)C(*)OCCCC,PI284,1,8,0.5183800215897549,0.0,1,0.2575677155032116
*c1ccc2c(c1)C(=O)N(c1ccc3c(c1)-c1cc(N4C(=O)c5ccc(C(*)(C(F)(F)F)C(F)(F)F)cc5C4=O)ccc1C3)C2=O,PI959,5,44,-1.05586182173216,0.00609521623935772,5,0.1739353043704883
*CC(*)C(=O)OC,PI411,1,6,0.21009460847185515,0.0,1,0.2411898936803004
*CC(*)CCCCCCCC,PI12,1,10,1.4274296626535936,0.0,1,0.3058614472725806
*CC(*)c1cc(Br)ccc1OC,PI200,1,11,-2.2288030506548018,0.0,1,0.1116221956776198
*CCO*,PI524,1,3,-0.03136530385254553,0.0,1,0.2283622111070986
*c1ccc(Oc2c(C)cc(C(c3cc(C)c(Oc4ccc(-n5c(=O)c6cc7c(=O)n(*)c(=O)c7cc6c5=O)cc4)c(C)c3)c3cccc4ccccc34)cc2C)cc1,PI1004,5,57,0.14577324342540787,0.018454904772171304,5,0.2377727879357147
*CC(*)c1ccc(COC)cc1,PI147,2,11,-0.07813961085113781,0.004233999020276201,2,0.22587730188559052
*CC(*)C(=O)c1ccc(C(C)(C)C)cc1,PI323,1,14,0.020530202556842327,0.0,1,0.2311191866927636
*CC(*)c1ccc(F)cc1C,PI189,1,10,-1.2043695593630113,0.0,1,0.1660457540941943
*CC(*)c1ccccc1C(=O)OCC(C)C,PI103,1,15,-0.4221411884958416,0.0,1,0.2076020403722906
*CC(*)c1ccc(OC)cc1,PI178,1,10,-0.45780346568536384,0.0,1,0.2057074634745316
*/C=C\CCCC*,PI60,2,6,0.7253432044032211,0.006663128018414467,2,0.26856274150116644
*CC(*)c1cc(Br)ccc1OCCCC,PI198,2,14,-1.527385847385811,0.015308677922658678,2,0.14888534693243094
*C=CCCCCCCCC*,PI53,2,10,2.0032669966352077,0.018583175623546225,2,0.33645310310069576
*C(C)C(*)OC(C)(C)C,PI285,2,8,-0.35933879963207643,0.011547422272005914,2,0.21093844972251363
*CC(*)P(=O)(Oc1ccccc1)N(C)C,PI382,1,14,-0.590993870723685,0.0,1,0.1986316544046916
*c1ccc(Oc2c(C)cc(C(c3cc(C)c(Oc4ccc(N5C(=O)c6ccc(-c7ccc8c(c7)C(=O)N(*)C8=O)cc6C5=O)cc4)c(C)c3)c3cccc4ccccc34)cc2C)cc1,PI1005,5,63,0.5882421864457291,0.004239776054553784,2,0.26127917909988985
*CCCC=C(*)c1ccc(Cl)cc1,PI391,2,12,-1.15407968102893,0.0061417655756211935,2,0.16871742985893923
*CC(*)c1ccc(CCCCCCCCCC)cc1,PI127,2,18,1.7559086513406021,0.0,1,0.3233120632289978
*C(=O)c1ccc2c(c1)C(=O)N(c1c(CC)cc(Cc3cc(CC)c(N4C(=O)c5ccc(*)cc5C4=O)c(CC)c3)cc1CC)C2=O,PI1070,5,45,-0.0751189470333439,0.015136198958739943,5,0.2260377762112954
*c1ccc(C(C)(C)c2ccc(N3C(=O)c4ccc(Oc5ccc6c(c5)C(=O)N(*)C6=O)cc4C3=O)cc2)cc1,PI985,4,38,0.8239157786525126,0.011926999341705232,4,0.27379946042780334
*CC(*)c1ccc(C(C)=NO)cc1,PI138,2,12,0.6804581550619484,0.002238733803661655,2,0.26617820006863746
*CC(*)C1CCC(C)CC1,PI66,1,9,-0.5572316657692409,0.0,1,0.2004252889834416
*c1ccc(Oc2ccc(C(c3ccc(Oc4ccc(N5C(=O)c6ccc(Oc7ccccc7Oc7ccc8c(c7)C(=O)N(*)C8=O)cc6C5=O)cc4C(F)(F)F)cc3)(C(F)(F)F)C(F)(F)F)cc2)c(C(F)(F)F)c1,PI1077,5,73,-1.0721764729601106,0.0074910195902344,4,0.1730685800963426
*CC(*)C=O,PI242,1,4,0.6138685342402654,0.0,1,0.2626405920642793
*CC(*)c1ccc(C#N)cc1,PI134,2,10,-0.9942931077823869,0.0008813674675298232,2,0.17720617410362594
*CC(*)OC1CCCCC1,PI308,2,9,-0.5065733083434495,0.009290947610350236,2,0.2031165403902789
*CC(*)OC(=O)c1ccccc1OC(C)=O,PI331,2,15,-0.12052631252204211,0.005859043061237386,2,0.22362548646362154
*CC(*)P(=O)(OCC)N(C)C,PI381,3,10,-0.3930340525650683,0.018423085597064768,3,0.2091483720044887
*CC(*)c1cc(C)ccc1F,PI197,2,10,-0.8420942431768985,0.00788461877293586,2,0.1852918174071733
*CC(*)C(=O)c1ccc(Br)c(OC)c1,PI322,2,13,-1.5497648498135306,0.007729070468216954,2,0.1476964508681351
*CC(*)c1cc(C)cc(C)c1,PI205,1,10,-0.08883073306408815,0.0,1,0.2253093304953136
*CC(*)c1ccc(CCCCCC)cc1,PI124,2,14,0.6253306191031168,0.023930573887147543,2,0.26324952124358847
*CC(*)c1ccc2ccccc2c1,PI225,2,12,-0.9825120584691015,0.0013056880478985624,2,0.1778320484341319
*CC(CCl)O*,PI526,1,5,-1.3207017356317876,0.0,1,0.1598655471361931
*CC(*)c1ccc(C(C)CC)cc1,PI123,1,12,0.07003702812462755,0.0,1,0.2337492623747974
*Oc1ccc2ccc(OC(=O)Oc3ccc(OC(*)=O)cc3)cc2c1,PI816,1,24,0.9273332272139209,0.0,1,0.2792935658049886
*c1ccc(-c2ccc(N3C(=O)c4ccc(-c5cccc6c5C(=O)N(*)C6=O)cc4C3=O)cc2C(F)(F)F)c(C(F)(F)F)c1,PI1106,1,42,-1.0814089714613804,0.0,1,0.1725780988442301
*c1ccc2c(c1)C(=O)N(c1cc(N3C(=O)c4ccc(C(*)(C(F)(F)F)C(F)(F)F)cc4C3=O)ccc1C)C2=O,PI974,5,38,-1.4527724693529067,0.011535768635031321,5,0.1528492211834682
*CC(*)c1ccccc1COCCC,PI87,2,13,-0.031961268244438255,0.001091564096780688,2,0.2283305501909219
*CC(*)OC(=O)c1ccccc1C,PI360,1,12,-0.13114940762595884,0.0,1,0.2230611290486528
*CC(*)CCc1ccc(C)cc1,PI282,1,11,0.4445248903023333,0.0,1,0.2536441235022157
*C(c1ccccc1)C(*)[N+](=O)[O-],PI222,1,11,-1.003498032835712,0.0,1,0.1767171577051791
*c1ccc(Oc2ccc(N3C(=O)c4ccc(Oc5ccc(C6(c7ccc(Oc8ccc9c(c8)C(=O)N(*)C9=O)cc7)CCC(c7ccccc7)CC6)cc5)cc4C3=O)cc2)cc1,PI1028,2,61,0.13230393541060884,0.0,1,0.2370572239895869
*c1ccc(Oc2ccc(C(C)(C)c3ccc(Oc4ccc(N5C(=O)C6CCC7C(=O)N(*)C(=O)C7C6C5=O)cc4)cc3)cc2)cc1,PI1068,5,45,0.47836930642011855,0.007546773023438056,4,0.25544212559148605
*c1cccc(N2C(=O)c3ccc(Oc4ccc5c(c4)C4(CC(C)(C)c6ccc(Oc7ccc8c(c7)C(=O)N(*)C8=O)cc64)CC5(C)C)cc3C2=O)c1,PI986,3,51,-0.6332192868346229,0.0046434969614125585,2,0.19638840736141114
*CC(*)C1CC1,PI20,1,5,-0.07680524234024241,0.0,1,0.2259481909020267
*c1ccc(Oc2cc(C(C)(C)C)ccc2Oc2ccc(-n3c(=O)c4cc5c(=O)n(*)c(=O)c5cc4c3=O)cc2)cc1,PI1032,3,40,0.8765784623953418,0.010605840160855282,3,0.2765971927056083
*CC(*)c1ccc(CC)cc1,PI119,1,10,0.37836384899018627,0.0,1,0.250129284005693
*c1cccc(P(=O)(c2cccc(-n3c(=O)c4c(-c5ccc(C(F)(F)F)cc5)c5c(=O)n(*)c(=O)c5c(-c5ccc(C(F)(F)F)cc5)c4c3=O)c2)c2cc(C(F)(F)F)cc(C(F)(F)F)c2)c1,PI1054,5,64,-1.7439848126622886,0.01048877075249477,4,0.13737841501357165
*CC(*)c1ccc(C(=O)CCCCCCC)cc1,PI171,2,17,0.6743986998430128,0.0,1,0.2658562883799982
*CC(*)C(=O)Oc1cccc(C(=O)OCC)c1,PI468,1,16,0.15413479794834314,0.0,1,0.2382169998390746
*CC(*)c1ccc(C(=O)OCC(C)C)cc1,PI165,1,15,0.25850398351445886,0.0,1,0.2437616667362738
*CC(*)OC(=O)c1ccccc1OC,PI357,3,13,-0.3100387456089113,0.005483632543935976,3,0.2135575405594275
*C=CC(C)CCCCC*,PI80,1,9,0.3334581932619339,0.0,1,0.2477436478482111
*CC(*)OCC(C)(C)C,PI276,1,8,-0.07618098364341178,0.0,1,0.2259813549677692
*Oc1ccc(S(=O)(=O)c2ccc(OC(=O)c3ccc(C(*)=O)cc3)cc2)cc1,PI583,1,27,-0.06734553342795552,0.0,1,0.2264507428245946
*CC(*)(C)C(=O)OCCCC,PI441,1,10,0.32034592075755447,0.0,1,0.2470470515980082
*Oc1ccc(-c2ccc(OC(=O)CCCCCCCCCCCC(*)=O)cc2)cc1,PI585,1,29,1.2684016904343831,0.0,1,0.2974130040993415
*CC(*)SCCCC,PI307,2,7,-0.035334793238612716,0.015017125490099911,2,0.2281513299329443
*CC(*)OC(=O)c1ccc(OC(=O)CCC)cc1,PI336,1,17,0.6156933074553043,0.0,1,0.2627375340839515
*CC(*)OC(=O)C(F)(F)C(F)(F)C(F)(F)F,PI346,1,15,-1.891226460599962,0.0,1,0.1295561264062518
*CC(*)c1ccc(C(=O)N(C)C)cc1,PI155,3,13,0.3665975663000756,0.007687867938889095,3,0.2495041941596712
*c1cccc(P(=O)(c2ccc(C(F)(F)F)cc2)c2cccc(-n3c(=O)c4c(-c5cc(C(F)(F)F)cc(C(F)(F)F)c5)c5c(=O)n(*)c(=O)c5c(-c5cc(C(F)(F)F)cc(C(F)(F)F)c5)c4c3=O)c2)c1,PI1052,5,68,-1.8622527650750338,0.003954163711069781,4,0.13109536894795804
*CC(*)C(=O)OCC(F)(F)C(F)C(F)(F)F,PI435,1,15,-1.1988610752418187,0.0,1,0.1663383951586508
*CC(*)C(=O)OCCCCCCCCCCCCCC,PI423,1,19,1.5110103729726145,0.0,1,0.3103017156835734
*CCCC(*)(C)C,PI17,1,6,0.42820868288007974,0.0,1,0.2527773165544438
*C(=O)Oc1ccc(OC(=O)c2ccc3c(c2)C(=O)N(c2ccc(C(=O)Nc4ccc(N5C(=O)c6ccc(*)cc6C5=O)cc4)cc2)C3=O)cc1,PI1095,2,49,2.0994175193212734,0.0,1,0.3415611492868769
*CC(*)OC(=O)C(F)(F)C(F)(F)C(F)(F)C(F)(F)C(F)(F)F,PI350,1,21,-2.1462224282363125,0.0,1,0.1160093339022814
*c1ccc(Oc2ccc(Oc3ccc(-n4c(=O)c5cc6c(=O)n(*)c(=O)c6cc5c4=O)cc3)cc2-c2ccccc2)cc1,PI1031,2,42,1.4287071385989782,0.00024446510905045565,2,0.305929313842085
*CC(*)c1ccc(COCCO)cc1,PI148,1,13,0.23483978226785926,0.0,1,0.2425044938208297
*Oc1ccc(-c2ccc(OC(=O)CCCCCCCCCCCCC(*)=O)cc2)cc1,PI586,1,30,1.128259292004871,0.0,1,0.2899678667894027
*CC(*)c1ccccc1COC(C)C,PI88,1,13,-0.15112072227919618,0.0,1,0.2220001426411158
*CC(*)c1ccc(C)nc1,PI228,1,9,-0.3213261229292804,0.0,1,0.2129578928085614
*CC(*)c1ccccc1COCCCC,PI89,2,14,0.036413805750021816,0.007169586898757645,2,0.23196301131739555
*CC(*)c1ccc(CCCC)cc1,PI121,2,12,0.47966861584245707,0.008885802283736317,2,0.25551115207573216
*CC(*)OC=O,PI270,1,5,-0.09267467115775496,0.0,1,0.2251051192984241
*Cc1cc(*)c(O)cc1C,PI1138,1,9,-0.2776435100286564,0.0,1,0.2152785541840382
*CC(*)CNc1ccc([N+](=O)[O-])cc1[N+](=O)[O-],PI396,1,16,0.10498886278641419,0.0,1,0.2356060966462771
*c1ccc(-c2ccc(Oc3ccc(C4(C)CC(C)(C)c5ccc(Oc6ccc(-c7ccc(N8C(=O)c9ccc(Oc%10ccc%11c(c%10)C(=O)N(*)C%11=O)cc9C8=O)cc7)cc6C(F)(F)F)cc54)cc3)c(C(F)(F)F)c2)cc1,PI1101,2,75,-0.07727216521812026,0.017535885518758985,2,0.22592338538294104
*c1ccc(C(=O)Oc2ccc(N3C(=O)c4ccc(-c5ccc6c(c5)C(=O)N(*)C6=O)cc4C3=O)cc2)cc1,PI1091,3,37,2.2233247920590204,0.007329469751584332,2,0.34814378715786043
*C(OC(F)(F)F)C(*)(F)F,PI313,1,9,-2.2471345644171237,0.0,1,0.1106483245394848
*c1ccc2c(c1)C(=O)N(c1ccc(Oc3ccc(-c4ccc(Oc5ccc(N6C(=O)c7ccc(C(*)(C(F)(F)F)C(F)(F)F)cc7C6=O)cc5)cc4)cc3)cc1)C2=O,PI981,2,57,-0.706079682813238,0.0,1,0.1925176611875461
*CC(*)c1ccc(C(C)C)cc1C(C)C,PI188,2,14,-0.3461590358508396,0.010930179079130548,2,0.21163863148166356
*CC(*)c1ccncc1,PI226,1,8,-0.8443625058606186,0.0,1,0.185171314780384
*c1ccc(Oc2cccc(Oc3ccc(N4C(=O)c5ccc(C(=O)c6ccc7c(c6)C(=O)N(*)C7=O)cc5C4=O)cc3)c2)cc1,PI965,4,44,0.22467334345977236,0.020201994221002658,3,0.2419643965074719
*CC(*)C(=O)OC(C(F)(F)F)C(F)(F)F,PI431,1,14,-1.7401041565036277,0.0,1,0.1375845768766314
*CC(*)OCC,PI254,1,5,0.38846761527660006,0.0,1,0.2506660518089622
*CC(*)c1ccc(COCCCC)cc1,PI150,2,14,0.3857977567114217,0.014217261195566173,2,0.250524214193518
*C(F)(F)C(*)(F)OC(F)C(F)F,PI405,1,11,-1.519153789907921,0.0,1,0.1493226792383785
*CCCC=C(*)c1ccc(OC)cc1,PI389,2,13,-0.10529963664829681,0.001042413193343131,2,0.22443441148505955
*CC(*)CNc1ccc([N+](=O)[O-])c(C(F)(F)F)c1,PI395,1,17,-0.058158126992018465,0.0,1,0.2269388285374431
*c1ccc(Oc2ccc(NC(=O)CN3C(=O)c4ccc(C(c5ccc6c(c5)C(=O)N(CC(=O)Nc5ccc(Oc7ccc(-c8nnc(*)o8)cc7)cc5)C6=O)(C(F)(F)F)C(F)(F)F)cc4C3=O)cc2)cc1,PI1021,2,70,-0.2293537926046324,0.003912922362292395,2,0.21784397036721304
*CC(*)C(=O)OC(F)(C(F)(F)F)C(F)(F)Cl,PI433,1,15,-2.2257005475767273,0.0,1,0.1117870177563028
*c1ccc(Oc2ccc(S(=O)(=O)c3ccc(Oc4ccc(N5C(=O)c6ccc(C(=O)c7ccc8c(c7)C(=O)N(*)C8=O)cc6C5=O)cc4)cc3)cc2)cc1,PI963,3,53,0.38676065020741607,0.005819749950631654,3,0.2505753684078947
*CC1CC(*)C(OC(=O)CCCCCCCCCCOc2ccc(-c3ccc(C#N)cc3)cc2)C1OC(=O)CCCCCCCCCCOc1ccc(-c2ccc(C#N)cc2)cc1,PI397,1,62,0.7294704562888268,0.0,1,0.2687820038896041
*c1ccc(Oc2cc(C(C)(C)C)ccc2Oc2ccc(N3C(=O)c4ccc(-c5ccc6c(c5)C(=O)N(*)C6=O)cc4C3=O)cc2)cc1,PI1037,3,46,1.0866611041252956,0.021815778763625185,3,0.2877579415699207
*c1ccc(Oc2ccc(C3(c4ccc(Oc5ccc(N6C(=O)c7ccc(Oc8ccc(C9(c%10ccc(Oc%11ccc%12c(c%11)C(=O)N(*)C%12=O)cc%10)CCC(C(C)(C)C)CC9)cc8)cc7C6=O)cc5)cc4)CC4CC3C3CCCC43)cc2)cc1,PI1017,4,82,-0.12306949304615053,0.01626702072135045,2,0.2234903786845473
*CC(*)SC,PI317,2,4,-0.5123197594731593,0.014694698717404664,2,0.2028112572055683
*CC(*)C(=O)OCCCC,PI415,1,9,0.1813251412030838,0.0,1,0.2396615008702007
*CC(*)c1cc(C(C)C)ccc1C(C)C,PI194,1,14,-0.8110374002965453,0.0,1,0.1869417282282281
*c1cccc(Oc2cccc(Oc3cccc(N4C(=O)c5ccc(-c6cccc7c6C(=O)N(*)C7=O)cc5C4=O)c3)c2)c1,PI1110,1,42,-0.6650453668506607,0.0,1,0.1946976304201582
*C(F)(F)C(*)(F)OC(F)(F)F,PI315,2,10,-2.10068536537473,0.004866745405014044,2,0.11842851388988751
*CC(*)CCCN(CC(C)C)CC(C)C,PI266,1,14,0.4850929813351023,0.0,1,0.2557993242945939
*CC(*)OC(=O)CCl,PI372,1,7,-0.4549010488710278,0.0,1,0.2058616558670949
*c1cccc(P(=O)(c2cccc(-n3c(=O)c4c(-c5cc(C(F)(F)F)cc(C(F)(F)F)c5)c5c(=O)n(*)c(=O)c5c(-c5cc(C(F)(F)F)cc(C(F)(F)F)c5)c4c3=O)c2)c2cc(C(F)(F)F)cc(C(F)(F)F)c2)c1,PI1051,4,72,-2.0383715265235542,0.0027410820984538724,4,0.1217389687683214
*c1ccc(-c2ccc(-n3c(=O)c4cc5c(=O)n(*)c(=O)c5cc4c3=O)cc2C(F)(F)F)c(C(F)(F)F)c1,PI967,3,36,1.7253997584977399,0.03329942690826219,2,0.3216912625367393
